<?xml version="1.0" encoding="utf-8" ?>
<dwsync>
<file name="dataTable01.jsf" server="C:/DevelopingJSFComponents/apache-tomcat-6.0.14/wtpwebapps/7627_02_Examples/" local="128927887004140000" remote="128927887000000000" />
<file name="outputChart03.jsf" server="C:/DevelopingJSFComponents/apache-tomcat-6.0.14/wtpwebapps/7627_04_Examples/" local="128943500476810000" remote="128943500470000000" />
<file name="column01.jsf" server="C:/DevelopingJSFComponents/apache-tomcat-6.0.14/wtpwebapps/7627_04_Examples/" local="128943368259570000" remote="128943368250000000" />
<file name="columns01.jsf" server="C:/DevelopingJSFComponents/apache-tomcat-6.0.14/wtpwebapps/7627_04_Examples/" local="128943425755560000" remote="128943425750000000" />
<file name="dataPaginator01.jsf" server="C:/DevelopingJSFComponents/apache-tomcat-6.0.14/wtpwebapps/7627_04_Examples/" local="128943428322300000" remote="128943428320000000" />
<file name="dataTable01.jsf" server="C:/DevelopingJSFComponents/apache-tomcat-6.0.14/wtpwebapps/7627_04_Examples/" local="128943521115130000" remote="128943521110000000" />
<file name="dataTable02.jsf" server="C:/DevelopingJSFComponents/apache-tomcat-6.0.14/wtpwebapps/7627_04_Examples/" local="128943292911890000" remote="128943292910000000" />
<file name="dataTable03.jsf" server="C:/DevelopingJSFComponents/apache-tomcat-6.0.14/wtpwebapps/7627_04_Examples/" local="128943292912180000" remote="128943292910000000" />
<file name="dataTable04.jsf" server="C:/DevelopingJSFComponents/apache-tomcat-6.0.14/wtpwebapps/7627_04_Examples/" local="128943435224970000" remote="128943435220000000" />
<file name="inputFile01.jsf" server="C:/DevelopingJSFComponents/apache-tomcat-6.0.14/wtpwebapps/7627_04_Examples/" local="128943444958470000" remote="128943444950000000" />
<file name="inputRichText01.jsf" server="C:/DevelopingJSFComponents/apache-tomcat-6.0.14/wtpwebapps/7627_04_Examples/" local="128943468964260000" remote="128943468960000000" />
<file name="inputText01.jsf" server="C:/DevelopingJSFComponents/apache-tomcat-6.0.14/wtpwebapps/7627_04_Examples/" local="128943487503470000" remote="128943487500000000" />
<file name="menuBar01.jsf" server="C:/DevelopingJSFComponents/apache-tomcat-6.0.14/wtpwebapps/7627_04_Examples/" local="128943490484120000" remote="128943490480000000" />
<file name="menuBar02.jsf" server="C:/DevelopingJSFComponents/apache-tomcat-6.0.14/wtpwebapps/7627_04_Examples/" local="128943494180690000" remote="128943494180000000" />
<file name="menuBar03.jsf" server="C:/DevelopingJSFComponents/apache-tomcat-6.0.14/wtpwebapps/7627_04_Examples/" local="128943495561570000" remote="128943495560000000" />
<file name="menuBar04.jsf" server="C:/DevelopingJSFComponents/apache-tomcat-6.0.14/wtpwebapps/7627_04_Examples/" local="128943496133460000" remote="128943496130000000" />
<file name="outputChart01.jsf" server="C:/DevelopingJSFComponents/apache-tomcat-6.0.14/wtpwebapps/7627_04_Examples/" local="128943496556390000" remote="128943496550000000" />
<file name="outputChart02.jsf" server="C:/DevelopingJSFComponents/apache-tomcat-6.0.14/wtpwebapps/7627_04_Examples/" local="128943497497060000" remote="128943497490000000" />
<file name="panelBorder01.jsf" server="C:/DevelopingJSFComponents/apache-tomcat-6.0.14/wtpwebapps/7627_04_Examples/" local="128943513793010000" remote="128943513790000000" />
<file name="panelCollapsible01.jsf" server="C:/DevelopingJSFComponents/apache-tomcat-6.0.14/wtpwebapps/7627_04_Examples/" local="128943580223500000" remote="128943580220000000" />
<file name="panelSeries01.jsf" server="C:/DevelopingJSFComponents/apache-tomcat-6.0.14/wtpwebapps/7627_04_Examples/" local="128943583300530000" remote="128943583300000000" />
<file name="panelPopup01.jsf" server="C:/DevelopingJSFComponents/apache-tomcat-6.0.14/wtpwebapps/7627_04_Examples/" local="128946673607560000" remote="128946673600000000" />
<file name="panelPositioned01.jsf" server="C:/DevelopingJSFComponents/apache-tomcat-6.0.14/wtpwebapps/7627_04_Examples/" local="128943604105340000" remote="128943604100000000" />
<file name="panelTabSet01.jsf" server="C:/DevelopingJSFComponents/apache-tomcat-6.0.14/wtpwebapps/7627_04_Examples/" local="128943609036090000" remote="128943609030000000" />
<file name="panelTabSet02.jsf" server="C:/DevelopingJSFComponents/apache-tomcat-6.0.14/wtpwebapps/7627_04_Examples/" local="128943610021380000" remote="128943610020000000" />
<file name="selectInputDate01.jsf" server="C:/DevelopingJSFComponents/apache-tomcat-6.0.14/wtpwebapps/7627_04_Examples/" local="128943612087570000" remote="128943612080000000" />
<file name="selectInputDate02.jsf" server="C:/DevelopingJSFComponents/apache-tomcat-6.0.14/wtpwebapps/7627_04_Examples/" local="128943613535640000" remote="128943613530000000" />
<file name="tree01.jsf" server="C:/DevelopingJSFComponents/apache-tomcat-6.0.14/wtpwebapps/7627_04_Examples/" local="128943513862460000" remote="128943513860000000" />
<file name="tree02.jsf" server="C:/DevelopingJSFComponents/apache-tomcat-6.0.14/wtpwebapps/7627_04_Examples/" local="128943513862710000" remote="128943513860000000" />
</dwsync>