-- MySQL dump 10.13
--
-- Host: localhost    Database: computer_store
-- ------------------------------------------------------
-- Server version	5.1.22-rc-community

/*!40101 SET @OLD_CHARACTER_SET_CLIENT=@@CHARACTER_SET_CLIENT */;
/*!40101 SET @OLD_CHARACTER_SET_RESULTS=@@CHARACTER_SET_RESULTS */;
/*!40101 SET @OLD_COLLATION_CONNECTION=@@COLLATION_CONNECTION */;
/*!40101 SET NAMES utf8 */;
/*!40103 SET @OLD_TIME_ZONE=@@TIME_ZONE */;
/*!40103 SET TIME_ZONE='+00:00' */;
/*!40014 SET @OLD_UNIQUE_CHECKS=@@UNIQUE_CHECKS, UNIQUE_CHECKS=0 */;
/*!40014 SET @OLD_FOREIGN_KEY_CHECKS=@@FOREIGN_KEY_CHECKS, FOREIGN_KEY_CHECKS=0 */;
/*!40101 SET @OLD_SQL_MODE=@@SQL_MODE, SQL_MODE='NO_AUTO_VALUE_ON_ZERO' */;
/*!40111 SET @OLD_SQL_NOTES=@@SQL_NOTES, SQL_NOTES=0 */;

--
-- Table structure for table `country`
--

DROP TABLE IF EXISTS `country`;
SET @saved_cs_client     = @@character_set_client;
SET character_set_client = utf8;
CREATE TABLE `country` (
  `id` varchar(255) NOT NULL,
  `version` int(11) DEFAULT NULL,
  `name` varchar(255) DEFAULT NULL,
  `longitude` double DEFAULT NULL,
  `country_code` varchar(255) DEFAULT NULL,
  `latitude` double DEFAULT NULL,
  PRIMARY KEY (`id`)
) ENGINE=InnoDB DEFAULT CHARSET=utf8;
SET character_set_client = @saved_cs_client;

--
-- Dumping data for table `country`
--

LOCK TABLES `country` WRITE;
/*!40000 ALTER TABLE `country` DISABLE KEYS */;
INSERT INTO `country` (`id`, `version`, `name`, `longitude`, `country_code`, `latitude`) VALUES ('000b0c03-24e5-4617-80bb-b9fe3d055581',1,'Chile',-71,'CL',-30),('05423804-e3dd-4f4b-a909-4adb756bda5d',0,'Tajikistan',NULL,NULL,NULL),('070475ab-7ca0-4890-bf20-b6a0f0c6d146',1,'Norway',10,'NO',62),('07845710-de4a-47f2-821f-4d151ffe5c8e',1,'Bahrain',50.55,'BH',26),('07edc420-8cd4-4462-b76f-b2843cb66c0b',0,'Guadeloupe',NULL,NULL,NULL),('0b905692-0f17-41c6-9f7b-6ac5b3f9530f',0,'Saint Lucia',NULL,NULL,NULL),('0c540e87-87bf-47cc-877c-42aabb8070dc',0,'Papua New Guinea',NULL,NULL,NULL),('11c8d68b-6992-4b56-92b6-eb347703232f',0,'Mali',NULL,NULL,NULL),('12024074-b8ac-486a-ad20-3ddb12c4d4c6',0,'Mayotte',NULL,NULL,NULL),('12c77e9b-e652-4546-8988-be4826c99922',1,'Luxembourg',6.1667,'LU',49.75),('12ca70c2-7f1b-4f9e-b4d9-81f59f2cca58',0,'French Polynesia',NULL,NULL,NULL),('136d4759-b419-498c-b43c-5968a4372517',1,'Albania',20,'AL',41),('1534dd53-73af-4b64-8f22-6a0ebd0b26de',0,'Ivory Coast',NULL,NULL,NULL),('16f1e512-574d-4e9f-9f29-3da48950b568',1,'Kuwait',47.6581,'KW',29.3375),('17150eb4-14c9-47dc-bbbb-fccf70405aee',0,'Samoa',NULL,NULL,NULL),('198c3302-e1cc-49af-9164-8363bd65b7c5',0,'Equatorial Guinea',NULL,NULL,NULL),('1a6006eb-c8ee-4fc4-a73b-6a2e0fa78d10',0,'Tuvalu',NULL,NULL,NULL),('1c099ffe-cc30-4e17-8f6d-485e7d2230a6',0,'Armenia',NULL,NULL,NULL),('1c997159-5006-454e-bb2a-b7e0a516c0f7',1,'Switzerland',8,'CH',47),('1dcc1e1c-2938-4cff-8d52-45f59ab9cb61',1,'El Salvador',-88.9167,'SV',13.8333),('1e381f10-32cb-4819-9dcf-c813cd227fae',0,'Zambia',NULL,NULL,NULL),('1e97bf3d-1a7e-43bd-a254-c213bcd4f0fb',1,'United Arab Emirates',54,'AE',24),('1ff3d289-064a-4b0a-9f3c-f75e07c8fca3',0,'Bougainville',NULL,NULL,NULL),('218a44f8-d75c-4c99-8c76-f9d5c854d11a',1,'Yemen',48,'YE',15),('2388082b-3d39-4cdc-a9b5-e2972d398cd3',1,'Hungary',20,'HU',47),('243ef3ff-a785-4597-a27d-f1bb175a58fb',1,'South Africa',24,'ZA',-29),('2567d44d-3b7d-4ae5-bbe8-abc8f68c7731',0,'Macau',NULL,NULL,NULL),('2645f67a-70d0-4de4-8fa7-c3a06561f961',1,'Iceland',-18,'IS',65),('28cfe98b-084e-4dc3-9abc-1e936b8cac93',0,'Suriname',NULL,NULL,NULL),('28fbedb8-78e6-497a-abab-3c413d68e536',0,'Saint Vincent and the Grenadines',NULL,NULL,NULL),('2b715454-668c-4871-8e72-33d1f5cbf97b',0,'Brunei Darussalam',NULL,NULL,NULL),('2c9f3427-120c-4f12-adda-c879c5ff8192',1,'Egypt',30,'EG',27),('2ca97063-f5a5-40c8-91c3-178374802835',0,'Burundi',NULL,NULL,NULL),('301bde52-e56f-4282-9b6f-c2067a716637',0,'Saint Kitts and Nevis',NULL,NULL,NULL),('3041e18a-a9ab-4ca4-be60-e44fa4d668c3',0,'Barbados',NULL,NULL,NULL),('312972df-383e-4ae6-a769-7d58874aad2a',0,'Sierra Leone',NULL,NULL,NULL),('315ee4e9-1a47-493d-8395-30f6969a920f',1,'Argentina',-64,'AR',-34),('31b56833-633c-4f5a-8807-9e94bec3bf62',1,'Tunisia',9,'TN',34),('32e5f890-6f2b-4f9b-ab9f-91cdb42a1b6c',1,'Russia',100,'RU',60),('33207e77-0cef-475a-886f-75d1b7dd4d6f',0,'Georgia',NULL,NULL,NULL),('33fccff8-f5f5-4b86-a890-3110ac68c000',0,'Kenya',NULL,NULL,NULL),('33fdaf3d-fd02-4815-87cb-e2064ececf9e',0,'Belize',NULL,NULL,NULL),('35d98faf-857e-43e4-b1ba-59d37c1307a6',0,'Palestine',NULL,NULL,NULL),('36d4e805-9bdb-4cce-b9e5-8f9dcd1da771',0,'Guam',NULL,NULL,NULL),('37440f40-daf0-44cc-a61a-0ba4006e40d0',0,'Gambia',NULL,NULL,NULL),('37464bf5-0d85-443b-9095-e4e794e54763',0,'Singapore',NULL,NULL,NULL),('37dfc02c-25a5-403f-8c19-da640a00bce1',0,'Democratic Republic of the Congo',NULL,NULL,NULL),('40dda064-8fd2-42be-8bb7-13d04978cafd',1,'Colombia',-72,'CO',4),('4389913d-1427-46a9-80f2-592d8541fe44',1,'India',77,'IN',20),('439abf81-765e-4859-8728-b65e3c391b28',0,'Western Sahara',NULL,NULL,NULL),('43da38db-f0b0-4725-994f-790b81626f0b',0,'Guinea-Bissau',NULL,NULL,NULL),('44aed8ad-2c99-4455-8356-468737c47073',1,'Costa Rica',-84,'CR',10),('45937b1d-e940-45bd-b943-0da86cb10c1e',0,'Nigeria',NULL,NULL,NULL),('468cdfce-d2ee-4d96-a2b8-d2af5bd598f3',0,'Namibia',NULL,NULL,NULL),('4a6593b0-2a0a-44c6-ab5e-b2930a18eca5',1,'Brazil',-55,'BR',-10),('4b0c9b5e-af7d-4a4b-981f-eef0bdafdc86',1,'Jordan',36,'JO',31),('4e4950e6-edfe-4606-87bd-11291c5aedec',1,'Saudi Arabia',45,'SA',25),('52dca283-5dde-4270-a8f0-7cc4553d2cb2',0,'Ethiopia',NULL,NULL,NULL),('53ac3d71-fa47-4076-93df-8ee53f337957',0,'Pakistan',NULL,NULL,NULL),('554945e0-18cf-4e7a-948d-291a1839cf90',1,'Japan',138,'JP',36),('555d4d1c-90fb-4ca7-9fdd-9e6409a0cbb1',1,'Taiwan',121,'TW',23.5),('556a26a6-73c3-4f28-815a-bb332d9e8417',1,'Macedonia',22,'MK',41.8333),('55b17cdd-3633-4ab8-91b2-b331f550aa9f',0,'Uganda',NULL,NULL,NULL),('55f4eb3e-b22b-4e85-ab87-385cfe64ff60',1,'Lithuania',24,'LT',56),('58899f91-b7a2-4a81-b878-10b317022c6c',0,'Yugoslavia',NULL,NULL,NULL),('5961f3eb-18a5-4726-a7fc-3cbdc6d6b0c7',0,'Maldova',NULL,NULL,NULL),('59918e0b-0028-48f6-b68e-59329fcc8589',0,'Mongolia',NULL,NULL,NULL),('5bf242c5-f2af-4fcf-ad45-8fc9e641944c',0,'Senegal',NULL,NULL,NULL),('5ca32c71-0cd6-418a-8cb6-313d146ff284',0,'Monaco',NULL,NULL,NULL),('624a05c9-9271-46e9-8538-9c4652d13393',0,'Niger',NULL,NULL,NULL),('624bb076-814c-4eae-ba64-2236b3d54a83',0,'Kazakhstan',NULL,NULL,NULL),('63b464de-fb56-44d0-91cc-d062fae6e1d2',0,'Kyrgyzstan',NULL,NULL,NULL),('6656233b-e4bd-41b5-9dc6-2adfe76560da',0,'Somalia',NULL,NULL,NULL),('679b93fa-75df-4b0a-8c06-9566e57da958',0,'Marshall Islands',NULL,NULL,NULL),('68c2e390-573f-4a5e-87c0-e70815e07745',0,'Nauru',NULL,NULL,NULL),('6a3d1b31-c2aa-4e82-a0b4-75252d685a9b',0,'Netherlands Antilles',NULL,NULL,NULL),('6b069784-bbf0-406f-b19a-7d512612c45f',1,'Iraq',44,'IQ',33),('6cddcd94-2107-4e38-848e-d3c75159a180',0,'Gabon',NULL,NULL,NULL),('6edc987b-8afd-46ca-aa98-8b6053e92213',0,'Ghana',NULL,NULL,NULL),('6f15f7d5-9dd4-4995-aff2-f589dca853b9',1,'Greece',22,'GR',39),('70c63dff-ff44-4da3-9ac3-112f26e0cf50',0,'Mauritius',NULL,NULL,NULL),('721577b3-f809-475a-960b-ad67f30c19ec',0,'West Papua',NULL,NULL,NULL),('721fcb0c-7d30-4deb-a4e4-dab798f4edef',1,'Ecuador',-77.5,'EC',-2),('73154e4d-c315-4204-8524-d2c3971d8019',1,'Croatia',15.5,'HR',45.1667),('73acd963-5567-49f2-b66a-770384c9104f',0,'England',NULL,NULL,NULL),('74179b40-5020-41e1-8880-74fa81779eb4',1,'Bosnia and Herzegovina',18,'BA',44),('7520006b-5ea4-469d-810d-d665170550e6',0,'Iran',NULL,NULL,NULL),('77f3aaac-7fa4-4055-8708-09f4038139cd',1,'Italy',12.8333,'IT',42.8333),('78676552-e5f0-4913-8657-8216bd2917c4',0,'Solomon Islands',NULL,NULL,NULL),('7bf9eecd-eb9a-4dae-b8b1-7ecf56d2213c',0,'French Guiana',NULL,NULL,NULL),('7c16fa43-34d2-453a-a669-0721e9301823',0,'Tibet',NULL,NULL,NULL),('7d341877-cb4b-4daf-8751-0888076b93b9',0,'Bermuda',NULL,NULL,NULL),('7e6e6ba3-d34b-4573-945e-8e9a54860351',1,'Peru',-76,'PE',-10),('7f34dfa7-c935-4dbf-91c9-035681c8d677',0,'East Timor',NULL,NULL,NULL),('7fa365f2-9b81-4340-8468-1f8634173baa',0,'Zimbabwe',NULL,NULL,NULL),('80686989-3d46-4be5-af96-68b14cfdc639',0,'Tanzania',NULL,NULL,NULL),('809bcea4-05ae-44fb-a56c-151e858c4fe4',0,'Eritrea',NULL,NULL,NULL),('80d82854-b8fd-4a64-8bd7-1f5756313e60',1,'New Zealand',174,'NZ',-41),('826f48d1-94c5-4d9f-812f-21271589f217',1,'Bolivia',-65,'BO',-17),('838492e2-5178-4a55-ad03-737de0cfebf5',0,'Jamaica',NULL,NULL,NULL),('83d0806f-0c53-46b3-870b-eef8f1a7b16f',0,'Bangladesh',NULL,NULL,NULL),('840da536-b4b2-46dc-9eb8-03fe0cc799f9',0,'Malawi',NULL,NULL,NULL),('8510abfb-813c-4118-af6b-7a3fc0ec3493',0,'Chad',NULL,NULL,NULL),('8577fb80-5cc7-45d6-a71f-84250a7f1b74',1,'Latvia',25,'LV',57),('8599e1e7-df9f-4e19-9361-9c35b6192b0a',0,'Congo',NULL,NULL,NULL),('86895361-abcf-4621-9ffd-536700666743',1,'Czech Republic',15.5,'CZ',49.75),('89aebc8d-fc94-4223-b2e0-58c1c205c8da',0,'Liberia',NULL,NULL,NULL),('89f90a8e-a6f2-4c35-93ff-619a7b177feb',0,'Dominica',NULL,NULL,NULL),('8ac8a66a-05d0-45b3-8adf-858842e52785',1,'France',2,'FR',46),('8b78c556-04a2-4db8-b788-5091781811f8',1,'Libya',17,'LY',25),('8bc175c4-e574-4b8b-bf39-7647840f0ff1',1,'Denmark',10,'DK',56),('8be43322-251e-49cf-9372-25fc3531b658',1,'Sudan',30,'SD',15),('8c8d591c-1064-43d4-9d7d-27ff7f6ac8a0',0,'Madagascar',NULL,NULL,NULL),('8d0f93cc-2ffe-43db-bccb-655948170335',0,'Cape Verde',NULL,NULL,NULL),('8dfc5e44-d3b0-45cf-a594-6b6b545867ad',0,'USA',NULL,NULL,NULL),('8e2edb92-2408-4482-bc89-f10071aca410',0,'Burkina Faso',NULL,NULL,NULL),('8ead496e-c91e-4b34-ab89-8846bd5bc010',0,'Central African Republic',NULL,NULL,NULL),('92263de4-e1a4-4003-b83c-67261712705c',1,'Paraguay',-58,'PY',-23),('9238eb74-db38-4916-b513-9c48c100686f',1,'China',105,'CN',35),('9267ee81-3845-445f-84b7-b7c94cd7e13b',0,'Martinique',NULL,NULL,NULL),('92e38faf-c183-4974-9aa2-4b81029db420',0,'Gibraltar',NULL,NULL,NULL),('93a6ffe8-3121-4bf4-bc61-ba5cc0e0ca7f',0,'Korea (South)',NULL,NULL,NULL),('9612a23a-c6d5-4a03-be2d-03c0988164f8',0,'Montserrat',NULL,NULL,NULL),('97ba1d94-6706-4ba9-9def-d69e2b1daef3',1,'Belarus',28,'BY',53),('9899d0b1-b154-4aa9-8953-8bd5ced673b8',0,'Tonga',NULL,NULL,NULL),('9b2fd139-209f-4025-97df-3905d0eac214',0,'Anguilla',NULL,NULL,NULL),('9b907ea0-6888-44e9-8131-2982228262a6',0,'Maldivas',NULL,NULL,NULL),('9bc2043f-0c77-425a-9b52-80f7e1702332',0,'Cuba',NULL,NULL,NULL),('9c7d0eb5-1552-4b1a-aee7-915d2bd748cc',0,'Angola',NULL,NULL,NULL),('9dbaa871-0052-4310-877f-4f62ad287a5d',0,'Sri Lanka',NULL,NULL,NULL),('9e4491c5-3a08-49a3-ad1d-02107d721efd',0,'Afghanistan',NULL,NULL,NULL),('9f164d78-4771-439b-a6bd-4ea2e2e55fe4',0,'Mozambique',NULL,NULL,NULL),('9fae9f1d-1d0d-4e2d-8b42-cca86dfefea6',1,'Algeria',3,'DZ',28),('a052fd6c-6181-48f5-8be8-ef9edb6a4a7e',1,'Syria',38,'SY',35),('a1a7bbb0-046b-4d3b-b9e5-3943709edcb2',0,'Turks and Caicos Islands',NULL,NULL,NULL),('a40017ef-7493-431d-97a5-ac1fc59e0768',0,'Mauritania',NULL,NULL,NULL),('a424fc65-289b-46a7-9801-904412903b3a',1,'Estonia',26,'EE',59),('a4d9a0a3-8bce-4cc9-8d01-96502562170e',1,'Dominican Republic',-70.6667,'DO',19),('a5da1f7f-c586-4fbb-96de-1b87267a823a',0,'Azerbaijan',NULL,NULL,NULL),('a6ec0e5f-3700-4734-9f43-d0dfaa980eab',1,'Romania',25,'RO',46),('a74572b2-41f1-44e9-a8d2-16ddf742eeb2',1,'Guatemala',-90.25,'GT',15.5),('a8303580-1cb5-4a6d-aaee-69d03a95b00f',0,'Trinidad and Tobago',NULL,NULL,NULL),('a900995b-684c-41ad-a5c9-2fadbaa4f1d9',0,'Indonesia',NULL,NULL,NULL),('a9f6af50-088a-4b3d-8987-344a4a8e63f7',0,'Faroe Islands',NULL,NULL,NULL),('ab92bca4-198b-452b-a7b3-ad9466215832',1,'Sweden',15,'SE',62),('acb98e6c-98ce-49a4-a95e-98138c6ea594',1,'Finland',26,'FI',64),('acc62fcd-0970-4461-b77e-cd1b5f03fdc4',0,'Malta',NULL,NULL,NULL),('ad5292a7-720c-4063-b9a7-3c9604ab181e',0,'Turkmenistan',NULL,NULL,NULL),('ae475541-3cfe-4329-b42c-03c9114645d7',1,'Bulgaria',25,'BG',43),('aebb66aa-116a-46f7-9cde-72ff2e17a538',0,'Djibouti',NULL,NULL,NULL),('aee74f4a-68e3-4c73-97b8-9c8a5683dbcf',1,'Canada',-95,'CA',60),('b0f462c8-eebd-46de-91b1-70d9e802e117',0,'Cambodia',NULL,NULL,NULL),('b22332f0-bfae-46ac-b585-8adb80b7c160',1,'Lebanon',35.8333,'LB',33.8333),('b2ca113f-a2c8-44d4-89ef-6df07aaa5a07',0,'Northern Ireland',NULL,NULL,NULL),('b404139d-9f9f-43e7-8725-8d03f881b73b',0,'Cameroon',NULL,NULL,NULL),('b64af76b-dfb6-4198-bf6d-7618fd8030bb',1,'Ukraine',32,'UA',49),('b71ad03c-31ff-40ec-bc29-ed822e04967b',1,'Germany',9,'DE',51),('b7a47286-4188-40c4-8d69-c6dbc5e145db',0,'Lesotho',NULL,NULL,NULL),('b89eee40-1182-4ee1-b6b7-4043511ace5b',1,'Australia',133,'AU',-27),('b9677d27-bfea-48fb-8cfb-2d8be52b75ae',1,'Uruguay',-56,'UY',-33),('b9aeba64-3b20-4ec3-baaa-8ce314de6027',0,'Horn of Africa',NULL,NULL,NULL),('ba998adc-0372-4df3-a3aa-31e15e3e5155',0,'Falkland Islands',NULL,NULL,NULL),('bb240324-7068-4481-8bce-27bac4ecf4e3',0,'Guinea',NULL,NULL,NULL),('bc7050bd-3482-4150-a6c6-31453eb914fe',1,'Qatar',51.25,'QA',25.5),('bf573010-f391-4be2-9336-96ff6d062f5a',0,'Lichtenstein',NULL,NULL,NULL),('c0954636-2357-4f15-bfc1-5039bc0e6f12',0,'Haiti',NULL,NULL,NULL),('c78367de-fee8-44ef-87f2-e25d28980c27',1,'Hong Kong',114.1667,'HK',22.25),('c7b6d2b3-b50a-472c-a885-896f5ae59353',0,'Niue',NULL,NULL,NULL),('ccc6a499-4d78-44d6-9827-2b6800cb0d46',0,'Handuras',NULL,NULL,NULL),('cce36293-85ec-4647-9ed9-745921ec8596',0,'Cayman Islands',NULL,NULL,NULL),('cdd52812-727e-4917-a744-2b4339bc77ee',0,'Sahel',NULL,NULL,NULL),('cf7b31eb-654b-4c6a-9b3a-c51805184c77',0,'New Caledonia',NULL,NULL,NULL),('cfdc24ae-5416-4a68-ad6f-ca0c16ec4743',1,'Mexico',-102,'MX',23),('d20f7a6c-218d-48c4-8e8e-ed2c165e5b51',0,'Micronesia',NULL,NULL,NULL),('d422f5e4-c1b7-4bf3-931c-d6ffaabef4fc',1,'Netherlands',5.75,'NL',52.5),('d5be7a2f-2373-4a99-9ef8-a5eb5cb89228',0,'Nepal',NULL,NULL,NULL),('d7543b7a-7406-4206-b669-c6f10897281f',0,'Virgin Islands (USA)',NULL,NULL,NULL),('d770878a-3234-4e74-a987-e7ef43a234d8',0,'Chechnya',NULL,NULL,NULL),('d8467dda-4e9b-44b4-adec-625e04c271d7',0,'Kribati',NULL,NULL,NULL),('dad8f55a-476a-4937-85fd-836b5bcb9a2b',0,'Cyprus',NULL,NULL,NULL),('daf0c2be-793e-4343-9dc4-413cb2796389',0,'Philippines',NULL,NULL,NULL),('db3a4780-9375-4ee1-9213-5a40c6e02a0d',0,'Vatican City',NULL,NULL,NULL),('dcb7e08f-87c8-4b5a-b1e8-6c165120c828',0,'Slovania',NULL,NULL,NULL),('dec444c2-6309-499a-bb4f-b66ee647b0d6',1,'Poland',20,'PL',52),('df8fa2c0-6a3d-42e4-9f64-ddb6b081ab64',1,'Thailand',100,'TH',15),('dfbfb877-cf04-48d3-a493-0a2c5e201534',0,'Virgin Islands (UK)',NULL,NULL,NULL),('e073de35-9b07-440c-a1b4-28ff41585955',0,'Korea (North)',NULL,NULL,NULL),('e204530b-bb75-4fd5-8fe9-554353e7557f',1,'Austria',13.3333,'AT',47.3333),('e2bda0f0-029b-45a4-84e2-378988d2238e',0,'Botswana',NULL,NULL,NULL),('e33b16c5-c567-4ba2-88c7-5639248ba296',0,'Malaysia',NULL,NULL,NULL),('e5f0f5ba-3b22-4a02-8f3d-7a7aeac36f63',0,'Togo',NULL,NULL,NULL),('e601d138-16e8-4ba9-b2ef-22197cbefc3a',0,'Bhutan',NULL,NULL,NULL),('e68f6c33-347f-468f-8432-d1b246295f59',1,'Oman',57,'OM',21),('e78abf0d-b6cf-4215-b9e6-eee46a49e6e8',0,'Kampuchea',NULL,NULL,NULL),('e78f1baf-b185-454a-9270-708f7a02c598',0,'Rwanda',NULL,NULL,NULL),('e9fbdbb7-19c8-42d5-a67d-10184026fd8a',0,'Guyana',NULL,NULL,NULL),('ec342f02-30a7-4321-ad3b-fc06a8d6728d',0,'Uzbekistan',NULL,NULL,NULL),('ec8083e7-d8f2-4eda-81d0-3d2d468893be',1,'Nicaragua',-85,'NI',13),('ec863c7d-b5aa-47e8-bf27-5f7dddf4b07d',0,'Palau',NULL,NULL,NULL),('ecbe8934-0098-42fb-adbd-7c3f5d36cf69',0,'Laos',NULL,NULL,NULL),('ef86277e-07d8-42af-a4fa-40705d9e7465',1,'Ireland',-8,'IE',53),('efadba08-4e66-499c-bcfd-ccc1096934fd',0,'Burma',NULL,NULL,NULL),('f389c72e-46a5-4169-9764-38a1b75df297',1,'Vietnam',106,'VN',16),('f40200e4-d4ed-4605-b651-c2bbe3db5030',0,'Greenland',NULL,NULL,NULL),('f44be2ae-0ee9-4fbe-89c5-1eb8159ad1ae',0,'Antigua and Barbuda',NULL,NULL,NULL),('f619ad26-3ccb-4525-af8b-a36508cbe7de',1,'Slovakia',19.5,'SK',48.6667),('f9e40705-71ef-4f13-9791-9a1db99d2ab2',0,'Bahamas',NULL,NULL,NULL),('fa8c1ff0-ddc1-474c-a6cf-c6785332e4c3',1,'Venezuela',-66,'VE',8),('fac60c83-2ac1-4374-a751-ed4223ce1af4',1,'Turkey',35,'TR',39),('fb4aaafa-8b01-4690-a136-2d918dcc26b9',1,'Belgium',4,'BE',50.8333),('fd1fcb6f-c829-40cc-a73e-4ce3e685a774',0,'Aruba',NULL,NULL,NULL);
/*!40000 ALTER TABLE `country` ENABLE KEYS */;
UNLOCK TABLES;

--
-- Table structure for table `customer`
--

DROP TABLE IF EXISTS `customer`;
SET @saved_cs_client     = @@character_set_client;
SET character_set_client = utf8;
CREATE TABLE `customer` (
  `id` varchar(255) NOT NULL,
  `version` int(11) DEFAULT NULL,
  `first_name` varchar(255) NOT NULL,
  `last_name` varchar(255) NOT NULL,
  `favorite_color` tinyblob,
  `birth_date` datetime DEFAULT NULL,
  `email_address` varchar(255) DEFAULT NULL,
  `male` bit(1) DEFAULT NULL,
  `phone_number` varchar(255) DEFAULT NULL,
  `country_id` varchar(255) DEFAULT NULL,
  PRIMARY KEY (`id`),
  KEY `FK24217FDE7032A62F` (`country_id`),
  KEY `FK24217FDECA0E1070` (`country_id`),
  CONSTRAINT `FK24217FDE7032A62F` FOREIGN KEY (`country_id`) REFERENCES `country` (`id`)
) ENGINE=InnoDB DEFAULT CHARSET=utf8;
SET character_set_client = @saved_cs_client;

--
-- Dumping data for table `customer`
--

LOCK TABLES `customer` WRITE;
/*!40000 ALTER TABLE `customer` DISABLE KEYS */;
INSERT INTO `customer` (`id`, `version`, `first_name`, `last_name`, `favorite_color`, `birth_date`, `email_address`, `male`, `phone_number`, `country_id`) VALUES ('0389d87a-d283-45a7-94e9-43ecffa2a1b1',0,'Twythanne','Yarno\'in',NULL,'1962-10-10 14:48:08',NULL,'','555-1128','a9f6af50-088a-4b3d-8987-344a4a8e63f7'),('060c332f-3c35-43cf-8c16-77697ea94fad',0,'Irwombar','Nylanyn',NULL,'1967-10-03 14:48:08',NULL,'','555-6379','ab92bca4-198b-452b-a7b3-ad9466215832'),('06c57da3-3aaf-4fc8-a01c-b77bc985a54f',0,'Uhodisha','Larrian',NULL,'1968-12-16 14:48:08',NULL,'\0','555-1606','f44be2ae-0ee9-4fbe-89c5-1eb8159ad1ae'),('17e7de02-b2b5-48c4-9c8a-10ee0c206561',0,'Zall','Athe',NULL,'1969-01-31 14:48:08',NULL,'','555-2428','89f90a8e-a6f2-4c35-93ff-619a7b177feb'),('19ef1739-31f1-41bc-a67c-678a19ff90b2',0,'Iltin','Hard',NULL,'1974-05-10 14:48:08',NULL,'','555-5352','ec342f02-30a7-4321-ad3b-fc06a8d6728d'),('19f967c0-d0b3-42bf-9aba-aef7551b2ede',0,'Zinnislios','Jillyar',NULL,'1972-05-08 14:48:08',NULL,'\0','555-6772','d422f5e4-c1b7-4bf3-931c-d6ffaabef4fc'),('1b4e068d-1e94-45aa-a552-2bb1bf7ec04c',0,'Dortrolan','Gwenon',NULL,'1971-12-29 14:48:08',NULL,'\0','555-7601','53ac3d71-fa47-4076-93df-8ee53f337957'),('1fa9bed6-dfcd-4396-9837-5928ac174022',0,'Coni','Caeve',NULL,'1975-05-22 14:48:08',NULL,'','555-2882','cfdc24ae-5416-4a68-ad6f-ca0c16ec4743'),('221e8f9c-e41d-48ee-bc25-c42cb36ec033',0,'Jonnida\'in','Caeve',NULL,'1967-08-03 14:48:08',NULL,'','555-1915','198c3302-e1cc-49af-9164-8363bd65b7c5'),('2240199d-8e65-43a8-9834-228a6308f3d0',0,'Raangori','Lealkai',NULL,'1960-11-22 14:48:08',NULL,'','555-3341','07edc420-8cd4-4462-b76f-b2843cb66c0b'),('236c71c8-3496-4b31-bc37-4dd797424cda',0,'Sarlir','Iyu\'nivean',NULL,'1962-03-08 14:48:08',NULL,'\0','555-4236','dcb7e08f-87c8-4b5a-b1e8-6c165120c828'),('2445d4e7-ab53-437d-a996-c99f8e6e8510',0,'Artus','Jezaidh',NULL,'1971-06-22 14:48:08',NULL,'','555-9514','a8303580-1cb5-4a6d-aaee-69d03a95b00f'),('290060c2-5c7b-4939-80fb-7f7dfab35e27',0,'Linslascan','Horgastash',NULL,'1963-11-22 14:48:08',NULL,'\0','555-5436','a900995b-684c-41ad-a5c9-2fadbaa4f1d9'),('2a170045-d4ed-4a2e-8513-198687f38676',0,'Zhoddemir','Sirzihand',NULL,'1959-01-24 14:48:08',NULL,'\0','555-2020','6656233b-e4bd-41b5-9dc6-2adfe76560da'),('2ce1a4c7-0384-4d0d-a028-750fdf1e8004',0,'Atir','Nemiomas',NULL,'1981-04-15 14:48:08',NULL,'','555-9369','a8303580-1cb5-4a6d-aaee-69d03a95b00f'),('2ddd4991-3fb5-40b2-8860-c33df188dbda',0,'Caerino','Arth',NULL,'1973-07-06 14:48:08',NULL,'\0','555-1909','cfdc24ae-5416-4a68-ad6f-ca0c16ec4743'),('2fcd1b40-0672-4193-970e-5d31f88f7998',0,'Waya','Jomer',NULL,'1971-07-11 14:48:08',NULL,'','555-7411','8be43322-251e-49cf-9372-25fc3531b658'),('3058dd77-4f86-4d9b-b4f1-93f588dd8a4d',0,'Rubillor','Nassanyc',NULL,'1959-04-17 14:48:08',NULL,'','555-1581','36d4e805-9bdb-4cce-b9e5-8f9dcd1da771'),('3aff192d-ccdc-428b-afe5-4f6461da3b80',0,'Irigath','Volifanath',NULL,'1978-07-19 14:48:08',NULL,'\0','555-8182','86895361-abcf-4621-9ffd-536700666743'),('3ce54867-bf18-4789-b9e5-eb0bec964061',0,'Adraoi','Himasyash',NULL,'1971-12-26 14:48:08',NULL,'\0','555-9076','bc7050bd-3482-4150-a6c6-31453eb914fe'),('3f092897-961a-455b-a4d9-4514734a90f3',0,'Aramintor','Tambrisgar',NULL,'1962-03-06 14:48:08',NULL,'','555-1454','9612a23a-c6d5-4a03-be2d-03c0988164f8'),('43185fa4-9163-40b4-9f53-039b05fee999',0,'Maria','Sirzihand',NULL,'1979-04-10 14:48:08',NULL,'\0','555-1568','9e4491c5-3a08-49a3-ad1d-02107d721efd'),('479d2b07-2400-48c8-9788-d12de653e200',0,'Chalidar','Thezaivan',NULL,'1961-08-03 14:48:08',NULL,'','555-3226','7c16fa43-34d2-453a-a669-0721e9301823'),('4868bd97-39ab-4cbf-9ddd-5c4bf848d266',0,'Yane','Civenas',NULL,'1962-10-21 14:48:08',NULL,'\0','555-1197','f40200e4-d4ed-4605-b651-c2bbe3db5030'),('4cb00b5f-b437-44e1-93c9-32452c8d4f9d',0,'Seesh','Fermian',NULL,'1982-03-19 14:48:08',NULL,'\0','555-9796','a1a7bbb0-046b-4d3b-b9e5-3943709edcb2'),('4fea9675-1bfd-4f23-827c-4ebc75f5922e',0,'Xeriel','Wilmane',NULL,'1961-10-23 14:48:08',NULL,'','555-9736','4a6593b0-2a0a-44c6-ab5e-b2930a18eca5'),('53a3154e-3a87-4924-bb35-37704f7f2fb7',0,'Vicarg','Jubriboru',NULL,'1976-03-20 14:48:08',NULL,'\0','555-1763','2ca97063-f5a5-40c8-91c3-178374802835'),('554df50b-078a-4d0f-8a68-f626fda1fae0',0,'Audesh','Oroschka',NULL,'1967-12-06 14:48:08',NULL,'','555-9550','dcb7e08f-87c8-4b5a-b1e8-6c165120c828'),('562e3798-680b-4f98-ac2c-56863a904641',0,'Zhoddemir','Queyashia',NULL,'1968-06-01 14:48:08',NULL,'\0','555-2454','d5be7a2f-2373-4a99-9ef8-a5eb5cb89228'),('592252bc-f9a0-4fc7-bae4-4c16bfc7f686',0,'Kazzan','Nicaro',NULL,'1969-11-23 14:48:08',NULL,'','555-9701','74179b40-5020-41e1-8880-74fa81779eb4'),('59ef3baf-a66c-4871-81d1-ab39377db2bc',0,'Nagus','Niviath',NULL,'1961-07-16 14:48:08',NULL,'\0','555-1145','8599e1e7-df9f-4e19-9361-9c35b6192b0a'),('5a43cdd4-ab09-479f-aab4-b4fbec169468',0,'Ratariath','Trea',NULL,'1970-08-06 14:48:08',NULL,'\0','555-2871','ef86277e-07d8-42af-a4fa-40705d9e7465'),('5a582cc2-049d-4e69-9310-02ff12554ea2',0,'Reithrach','Myrincara',NULL,'1970-12-26 14:48:08',NULL,'','555-1726','468cdfce-d2ee-4d96-a2b8-d2af5bd598f3'),('5c25bb7a-9dab-4420-a0d8-a87bfe2961a1',0,'Brollod','Babilmana',NULL,'1974-02-21 14:48:08',NULL,'','555-2995','a6ec0e5f-3700-4734-9f43-d0dfaa980eab'),('5d85c625-fef5-4978-8c63-9212f8acf769',0,'Zhaydryr','Avek',NULL,'1963-06-05 14:48:08',NULL,'\0','555-6611','a900995b-684c-41ad-a5c9-2fadbaa4f1d9'),('6245c398-ba60-4946-91f5-1d5ebb3fe44c',0,'Cadi','Warcimo',NULL,'1966-10-28 14:48:08',NULL,'\0','555-1426','80d82854-b8fd-4a64-8bd7-1f5756313e60'),('62dd4172-3418-4a08-83bc-c5ea4b796033',0,'Weyrezrak','Synn',NULL,'1979-04-14 14:48:08',NULL,'','555-8842','db3a4780-9375-4ee1-9213-5a40c6e02a0d'),('637f9e7b-f465-42a9-9ff6-0dce9fd422ae',0,'Yryiow','Hellaska',NULL,'1978-01-16 14:48:08',NULL,'\0','555-1615','7f34dfa7-c935-4dbf-91c9-035681c8d677'),('65ddd838-780b-4aac-a31b-edcdfd00f180',0,'Gamor','Yamoreika',NULL,'1959-10-23 14:48:08',NULL,'\0','555-1743','58899f91-b7a2-4a81-b878-10b317022c6c'),('698faa5a-6dc3-487b-b95b-5765fd28a1a2',0,'Sorgon','Joma',NULL,'1961-01-28 14:48:08',NULL,'','555-1837','d5be7a2f-2373-4a99-9ef8-a5eb5cb89228'),('69b114f9-ab37-44cb-bb1d-49b3c51d3864',0,'Nigareb','Aidoraoi',NULL,'1971-04-28 14:48:08',NULL,'','555-1179','92e38faf-c183-4974-9aa2-4b81029db420'),('6b3b6c93-b255-4d8e-bfa3-cb0f8f88b8ca',0,'Deri','Shaberan',NULL,'1977-12-09 14:48:08',NULL,'\0','555-6446','315ee4e9-1a47-493d-8395-30f6969a920f'),('6be034b3-2d2e-45e4-a79d-be693a05c0f4',0,'Arthinna','Gwilasiper',NULL,'1972-07-05 14:48:08',NULL,'\0','555-9976','a6ec0e5f-3700-4734-9f43-d0dfaa980eab'),('6c8ccf5c-244d-490d-b494-900886657a87',0,'John','Doe',NULL,'1980-05-05 00:00:00','john.doe@example.com','','555-1234','8dfc5e44-d3b0-45cf-a594-6b6b545867ad'),('6cbe160a-717b-4533-b3d9-dece98252e80',0,'Cadfante','Caeve',NULL,'1969-12-28 14:48:08',NULL,'\0','555-3412','dfbfb877-cf04-48d3-a493-0a2c5e201534'),('6db4ff2d-6314-46a0-a691-12a45ff9b625',0,'Imraheika','Serrkor',NULL,'1980-08-07 14:48:08',NULL,'','555-2427','31b56833-633c-4f5a-8807-9e94bec3bf62'),('6e359b3e-e0b5-433c-b816-38e7be90a956',0,'Foromaiven','Hyastah',NULL,'1980-04-25 14:48:08',NULL,'','555-7776','9dbaa871-0052-4310-877f-4f62ad287a5d'),('7139797b-0c66-454c-a0f8-0b9419389c1c',0,'Learone','Lugas',NULL,'1974-03-16 14:48:08',NULL,'','555-4134','d20f7a6c-218d-48c4-8e8e-ed2c165e5b51'),('749de1b0-ea93-4377-b553-fe8714c49070',0,'Idaromorn','Nytadanon',NULL,'1979-12-16 14:48:08',NULL,'','555-9607','6edc987b-8afd-46ca-aa98-8b6053e92213'),('7507d429-47cc-47fb-975d-85dd642dc755',0,'Aralely','Rynn',NULL,'1968-12-29 14:48:08',NULL,'','555-2257','6b069784-bbf0-406f-b19a-7d512612c45f'),('787ba3a1-f1e9-48f3-9cc3-ec648f3b7d31',0,'Kazra','Beyareb',NULL,'1977-07-14 14:48:08',NULL,'\0','555-9781','2ca97063-f5a5-40c8-91c3-178374802835'),('78c72e48-01cb-4fc2-b853-9f4ea16006c1',0,'Learone','Berralera',NULL,'1972-05-28 14:48:08',NULL,'\0','555-1717','f9e40705-71ef-4f13-9791-9a1db99d2ab2'),('790c1d58-3dae-420a-bc63-14aaa9f4f195',0,'Yasirik','Sishadra',NULL,'1968-12-25 14:48:08',NULL,'','555-4920','e78abf0d-b6cf-4215-b9e6-eee46a49e6e8'),('7ed4de6a-609e-4dc8-b4ea-bc75b27b40a7',0,'Xydrasira','Yeniguilla',NULL,'1970-07-14 14:48:08',NULL,'','555-9010','838492e2-5178-4a55-ad03-737de0cfebf5'),('80bf17db-483e-4ccd-99ae-06672fbdd23c',0,'Jhako','Garodhy',NULL,'1962-02-01 14:48:08',NULL,'','555-1669','f9e40705-71ef-4f13-9791-9a1db99d2ab2'),('816e5f1e-00f0-4e78-9abd-9a836814d397',0,'Enzorban','Ryllino',NULL,'1972-11-20 14:48:08',NULL,'','555-8094','43da38db-f0b0-4725-994f-790b81626f0b'),('86b3efe8-b4fc-4697-8ad3-67141c8e23ae',0,'Maen','Polebrian',NULL,'1978-10-16 14:48:08',NULL,'','555-7781','c78367de-fee8-44ef-87f2-e25d28980c27'),('8b2305c3-de53-4f21-93d2-b8d28c324d58',0,'Xabilain','Felfai',NULL,'1961-08-31 14:48:08',NULL,'\0','555-1084','a1a7bbb0-046b-4d3b-b9e5-3943709edcb2'),('8e1de4fd-2763-4592-a0d9-e41e1f502448',0,'Rengash','Begollo',NULL,'1970-06-01 14:48:08',NULL,'','555-5307','d422f5e4-c1b7-4bf3-931c-d6ffaabef4fc'),('8f10980e-e03d-4e45-ae9f-cba09027f10a',0,'Xanthimil','Volas',NULL,'1966-05-06 14:48:08',NULL,'\0','555-1792','33fdaf3d-fd02-4815-87cb-e2064ececf9e'),('9bd869e8-0896-4773-b8dc-33711baf3007',0,'Rhyna','Jeralthna',NULL,'1973-12-18 14:48:08',NULL,'','555-1134','8510abfb-813c-4118-af6b-7a3fc0ec3493'),('a215a67e-cee4-4986-b78f-f8c8389a8cca',0,'Dathanhir','Dekeegwyn',NULL,'1967-09-17 14:48:08',NULL,'','555-3521','8510abfb-813c-4118-af6b-7a3fc0ec3493'),('a64f3800-0821-4f7c-80fe-d76872caf87d',0,'Onyarmid','Vicarcissa',NULL,'1959-10-11 14:48:08',NULL,'','555-4169','fac60c83-2ac1-4374-a751-ed4223ce1af4'),('abcd8924-8069-4948-88b2-fdc6c4a6dfb3',0,'Anath','Irwombar',NULL,'1960-07-27 14:48:08',NULL,'','555-3949','1a6006eb-c8ee-4fc4-a73b-6a2e0fa78d10'),('ad30ba35-ee66-4409-947e-cfc95b84564c',0,'Ceriverim','Aralely',NULL,'1973-08-23 14:48:08',NULL,'','555-4997','12c77e9b-e652-4546-8988-be4826c99922'),('adefe252-d7cb-4d97-8f98-f253f3ec4d6f',0,'Ubrien','Vangaska',NULL,'1976-10-22 14:48:08',NULL,'\0','555-3078','74179b40-5020-41e1-8880-74fa81779eb4'),('aea3ba6d-b053-4f33-809b-bb6eda1222cb',0,'Madimrik','Para',NULL,'1967-09-09 14:48:08',NULL,'\0','555-1362','9bc2043f-0c77-425a-9b52-80f7e1702332'),('b1e5e47b-b439-4551-bbf2-23fbe6d97101',0,'Senesenne','Ellasheiko',NULL,'1959-02-23 14:48:08',NULL,'\0','555-4859','33fdaf3d-fd02-4815-87cb-e2064ececf9e'),('b3ca3e8f-688f-416d-afdb-bd43ef2235bd',0,'Gwarn','Twythanne',NULL,'1968-07-07 14:48:08',NULL,'','555-7518','9c7d0eb5-1552-4b1a-aee7-915d2bd748cc'),('b3d232a1-ac16-4c13-8a61-29dc932ffe83',0,'Helik','Orishir',NULL,'1965-02-25 14:48:08',NULL,'','555-7245','4389913d-1427-46a9-80f2-592d8541fe44'),('b4061388-cd44-4109-80a2-3ad3cbc9b03c',0,'Fermian','Maen',NULL,'1967-06-08 14:48:08',NULL,'\0','555-1547','c0954636-2357-4f15-bfc1-5039bc0e6f12'),('b502f685-ca7c-4217-bfb4-191925c838a0',0,'Kjinson','Froschnia',NULL,'1961-01-02 14:48:08',NULL,'\0','555-3889','a900995b-684c-41ad-a5c9-2fadbaa4f1d9'),('b55a64be-01d2-4f1d-a0a7-a3249c2ccf8f',0,'Garodhy','Fissa',NULL,'1979-08-22 14:48:08',NULL,'\0','555-4107','2b715454-668c-4871-8e72-33d1f5cbf97b'),('b9599f61-9493-4284-9c28-db3b4c8bdc97',0,'Berralera','Vicarg',NULL,'1966-09-20 14:48:08',NULL,'','555-1786','4a6593b0-2a0a-44c6-ab5e-b2930a18eca5'),('bc94a19e-dca2-4ba2-9e89-24879b0fec80',0,'Brel','Niviath',NULL,'1961-06-27 14:48:08',NULL,'','555-1897','28fbedb8-78e6-497a-abab-3c413d68e536'),('bcd237a8-4a64-4752-8a5e-54958ab460f6',0,'Ellmar','Efingrisus',NULL,'1969-11-29 14:48:08',NULL,'','555-3520','80686989-3d46-4be5-af96-68b14cfdc639'),('c5ff9a71-a27f-4d2b-bd03-3745af5f2c07',0,'Briadanth','Iyu\'il',NULL,'1977-12-27 14:48:08',NULL,'\0','555-1850','d8467dda-4e9b-44b4-adec-625e04c271d7'),('c6b5cfbc-d8e3-40ab-b940-158e5a89a47f',0,'Madimrik','Dias',NULL,'1960-10-03 14:48:08',NULL,'\0','555-9298','b404139d-9f9f-43e7-8725-8d03f881b73b'),('ca5cb75e-bd43-46d4-a4ad-fbf4ccceed89',0,'Yeniguilla','Racham',NULL,'1965-01-07 14:48:08',NULL,'','555-7270','89aebc8d-fc94-4223-b2e0-58c1c205c8da'),('cb3df651-1fb1-49fa-af24-e301e9057f17',0,'Fintan','Vrazatiri',NULL,'1981-04-29 14:48:08',NULL,'\0','555-1632','45937b1d-e940-45bd-b943-0da86cb10c1e'),('cc2b341a-fb7c-48d7-b3f3-46d0151dc973',0,'Eleboras','Ulorgath',NULL,'1968-06-05 14:48:08',NULL,'\0','555-4910','55f4eb3e-b22b-4e85-ab87-385cfe64ff60'),('ce364662-d5eb-4b3e-9f14-6214658d3a76',0,'Gluvaroni','Aaka',NULL,'1960-12-22 14:48:08',NULL,'\0','555-1121','1e381f10-32cb-4819-9dcf-c813cd227fae'),('ce3df480-b382-41d9-bdad-df4c76d2c4e2',0,'Irwombar','Midoliadis',NULL,'1965-08-11 14:48:08',NULL,'','555-6955','301bde52-e56f-4282-9b6f-c2067a716637'),('cfa9c233-855f-46f4-9177-3e45eef96ff8',0,'Senesenne','Irpham',NULL,'1964-05-16 14:48:08',NULL,'','555-7110','33207e77-0cef-475a-886f-75d1b7dd4d6f'),('d1173776-239f-4cf5-bc41-71452c5af882',0,'Gwold','Dalin',NULL,'1976-05-12 14:48:08',NULL,'','555-5840','b0f462c8-eebd-46de-91b1-70d9e802e117'),('d5363e03-1eb7-44ae-b2ce-651e7fe7446a',0,'Lobrinte','Yackhim',NULL,'1969-02-20 14:48:08',NULL,'','555-9449','86895361-abcf-4621-9ffd-536700666743'),('d61f99de-baa5-4c1b-9793-0669838d4cba',0,'Lirrambrya','Nuadala',NULL,'1980-07-20 14:48:08',NULL,'\0','555-6733','439abf81-765e-4859-8728-b65e3c391b28'),('d805ea97-adb3-49e0-b532-a80bea2575af',0,'Jane','Smith',NULL,'1981-11-16 00:00:00','jane.smith@example.com','\0','555-4321','8dfc5e44-d3b0-45cf-a594-6b6b545867ad'),('d888e8ce-3a7f-49a6-b3b1-0cda000c07ef',0,'Irgg','Yisar',NULL,'1976-09-29 14:48:08',NULL,'\0','555-7975','70c63dff-ff44-4da3-9ac3-112f26e0cf50'),('deb19969-b3c9-4325-ba43-125427e1227f',0,'Dymorn','Penadaroma',NULL,'1960-12-18 14:48:08',NULL,'','555-6098','9899d0b1-b154-4aa9-8953-8bd5ced673b8'),('e2fbe01b-e74e-49c2-80c2-2180667729a9',0,'Eleboras','Zebrisak',NULL,'1974-01-31 14:48:08',NULL,'\0','555-2719','8d0f93cc-2ffe-43db-bccb-655948170335'),('eb55d3be-c49e-4cf6-a914-3b85aaeee58a',0,'Uhodisha','Murgeia',NULL,'1972-06-21 14:48:08',NULL,'','555-1688','243ef3ff-a785-4597-a27d-f1bb175a58fb'),('edcb9f86-2094-4104-8a46-0a3055a0a506',0,'Chakkafric','Enzortrak',NULL,'1979-12-11 14:48:08',NULL,'\0','555-9954','80d82854-b8fd-4a64-8bd7-1f5756313e60'),('ee0f6ee1-3324-4ba5-8c76-eba6abf35f6d',0,'Soros','Athiraca',NULL,'1966-07-16 14:48:08',NULL,'','555-1436','6656233b-e4bd-41b5-9dc6-2adfe76560da'),('ee2e2285-c4ba-40ef-88f0-3e4ed576c976',0,'Drel','Dekeegwyn',NULL,'1978-09-02 14:48:08',NULL,'\0','555-5258','acb98e6c-98ce-49a4-a95e-98138c6ea594'),('ee829db1-2bca-4903-9993-b0e831d0e10d',0,'Tiomurgai','Zhos',NULL,'1966-02-26 14:48:08',NULL,'\0','555-7604','2645f67a-70d0-4de4-8fa7-c3a06561f961'),('f11c3e48-83fa-4075-8b89-c916bd2fc2dd',0,'Lluviath','Nevir',NULL,'1980-03-23 14:48:08',NULL,'\0','555-8702','12c77e9b-e652-4546-8988-be4826c99922'),('f1f336c2-15f1-4de4-baec-d4aa3cad3d15',0,'Lorn','Kajava',NULL,'1981-06-17 14:48:08',NULL,'\0','555-1313','6edc987b-8afd-46ca-aa98-8b6053e92213'),('f260c8ed-15ba-44ce-b115-f697a47d4e62',0,'Rhaki','Iyu\'nivean',NULL,'1969-08-12 14:48:08',NULL,'','555-9621','d20f7a6c-218d-48c4-8e8e-ed2c165e5b51'),('f5565e5f-3fdc-4a84-aab7-d75595797734',0,'Amas','Aralely',NULL,'1972-05-13 14:48:08',NULL,'','555-3177','e5f0f5ba-3b22-4a02-8f3d-7a7aeac36f63'),('f60aeb54-23cb-474c-b3ad-797455565c73',0,'Shiedesh','Serrkor',NULL,'1972-11-19 14:48:08',NULL,'\0','555-8383','b7a47286-4188-40c4-8d69-c6dbc5e145db'),('f8cfefc8-99b7-4bbe-9f10-5668bfec0cde',0,'Doniven','Nigareb',NULL,'1983-06-18 14:48:08',NULL,'\0','555-1488','8c8d591c-1064-43d4-9d7d-27ff7f6ac8a0');
/*!40000 ALTER TABLE `customer` ENABLE KEYS */;
UNLOCK TABLES;

--
-- Table structure for table `line_item`
--

DROP TABLE IF EXISTS `line_item`;
SET @saved_cs_client     = @@character_set_client;
SET character_set_client = utf8;
CREATE TABLE `line_item` (
  `id` varchar(255) NOT NULL,
  `version` int(11) DEFAULT NULL,
  `quantity` int(11) NOT NULL,
  `purchase_order_id` varchar(255) NOT NULL,
  `product_id` varchar(255) NOT NULL,
  PRIMARY KEY (`id`),
  KEY `FK94ED5C7EC9CAFB8F` (`product_id`),
  KEY `FK94ED5C7E23A665D0` (`purchase_order_id`) USING BTREE,
  CONSTRAINT `FK94ED5C7ED69746F` FOREIGN KEY (`purchase_order_id`) REFERENCES `purchase_order` (`id`),
  CONSTRAINT `FK94ED5C7E23A665D0` FOREIGN KEY (`product_id`) REFERENCES `product` (`id`)
) ENGINE=InnoDB DEFAULT CHARSET=utf8;
SET character_set_client = @saved_cs_client;

--
-- Dumping data for table `line_item`
--

LOCK TABLES `line_item` WRITE;
/*!40000 ALTER TABLE `line_item` DISABLE KEYS */;
INSERT INTO `line_item` (`id`, `version`, `quantity`, `purchase_order_id`, `product_id`) VALUES ('00042ea2-73b5-43b6-b28d-16bb430d871b',0,1,'128f6581-aa5c-4d96-9c17-5f7d12ca9b75','47648088-386b-4d47-b6d5-3f2cd15c982d'),('00b55870-38d8-426e-9315-c697bad62b36',0,6,'bdd3c8ae-1982-4210-96e1-a3c9da9e0aac','5b4292dd-1079-465b-8eee-4278f78cef08'),('00bbeafc-ebf3-4a67-89de-a74cc5b2b4dc',0,8,'e01c53d0-cfe6-44a9-b36e-26138b7bb02e','1456ac55-80cf-4ad4-991e-c463509adc6e'),('00d6c828-13fe-47a0-8fb3-77fa32f11216',0,1,'7f854e44-680b-4bdf-b727-8510b84dee3c','e18251f3-ab0f-40a9-94da-30bbd2a1a4e9'),('00dc652d-8fee-40d7-b8ca-daea3ba6c583',0,7,'f21831de-8509-48d8-ad45-a32c9e817637','fea957a9-3dff-4d68-879a-7447eb491f86'),('00f163b9-730d-42c4-b680-ee569920304a',0,2,'22ac9613-d50c-40a5-8a22-d0aec0d03a60','1dc61fc3-4792-41e8-b86a-5a44ef93c7f6'),('00f93cbb-9092-42e2-8861-32c525baa180',0,2,'d4c6232b-f558-4a85-b762-e1943d4f2e70','751e550e-48cc-4997-bebe-4de21904aace'),('01065a87-f337-4d40-8cdd-5881ad3c8099',0,5,'274c79eb-bc5a-4c46-95c3-952a9c247dd5','1dc61fc3-4792-41e8-b86a-5a44ef93c7f6'),('013212fb-910a-4f45-aab4-d380d1256b47',0,5,'6f3f6d85-985b-4ef3-9d2b-3ae0a30912d1','47648088-386b-4d47-b6d5-3f2cd15c982d'),('014fddee-65e7-49f4-b2b0-42abc8fc2b5f',0,1,'813cde21-661c-4bf7-bde5-b40716f93e3a','e18251f3-ab0f-40a9-94da-30bbd2a1a4e9'),('015df395-32f5-4c76-aaa3-5dde8ff73a96',0,5,'61325b5c-4a47-46ef-8de9-2c0790163b1d','39ac6733-9300-446d-8bfc-c1d6320328ed'),('01903ff9-a6fe-4022-aaa8-8fd5a5cc419a',0,2,'22afe508-0c6e-45b9-b468-6e605411c887','ff4d119e-23c2-4957-b496-5288211c3a5c'),('01b51d17-c31a-4861-bda7-297ee257247b',0,7,'17f80182-ea5b-4149-8e00-248b0b071e48','3516265e-c183-4773-9115-24b3351e1c43'),('01be5f47-63de-4020-b945-a405ddad710f',0,5,'bf60d1ba-1d3d-4e91-92ac-425de7443d5c','d31cd137-11da-4d24-92fd-f4a5d119be54'),('01fa66d6-8527-407a-89ca-2497283f5f7e',0,1,'9b5427f5-ea08-4f90-af5a-89368630b6eb','1dc61fc3-4792-41e8-b86a-5a44ef93c7f6'),('0217aec0-9f4d-4986-99d9-2eaaa8589d79',0,7,'230a6dfd-2270-41b7-95e2-76f5b1885101','3ff8676f-f361-415b-823d-9f3e81dfc109'),('021c721e-7513-42bd-8f24-5f98d432ffb0',0,1,'4c469c99-33f2-4013-b950-b7b8b6d91fa6','21c95d07-7591-46d4-b837-f43cda311d5c'),('0222e0cd-540f-4813-82d8-333d5fcee0f5',0,5,'6c3a5550-e4d6-4ce0-9f01-b91bedfb6d3c','3516265e-c183-4773-9115-24b3351e1c43'),('02401504-228a-409b-b8c6-d1c6f7dbf789',0,6,'7aa47ca0-2298-4cdd-81c7-6de22e64d4fc','c5fe6099-39ca-4feb-9692-5f86b0733812'),('02963d72-7175-48ab-91c0-c5be3e50e5a2',0,1,'21a3278f-5cae-4d2f-9fe1-3f403da09271','e18251f3-ab0f-40a9-94da-30bbd2a1a4e9'),('029f43e0-42e9-4e29-9eea-4259c9ca3298',0,2,'25dc6874-878b-41df-9e2f-d3edc1b7834d','c2a38727-59a9-4ab1-9004-8bbc0f85f058'),('02d4ebed-9b35-49e5-9669-1f4ae77e64c2',0,4,'a83d56fe-b0ad-450d-b739-94d4353e4ebb','0989f354-f9ac-4e5a-a41e-fa0fa91c37f7'),('02ec45bf-943a-48d1-841e-20a9fd746823',0,5,'934b19a6-25bd-49bd-bf02-3dc290c0d97f','5a7a4cd0-b554-4ec0-8125-5cee794bb003'),('0308fee4-665b-49ed-9478-7bd94cf84c44',0,5,'6cab6463-3949-4bbc-8825-56ac00c72329','457fb87c-956a-445e-8c4e-abd36e4fb3ea'),('030cf7d2-0e9e-4cdb-964f-df747aff0ad8',0,1,'226292d4-9f6f-4710-971f-dd1d4fa5f64c','28a5914f-5480-4f35-bc92-2172f9521f40'),('037d19bb-818b-4041-9f12-61331a241072',0,6,'e983f363-5b11-41f3-acbd-00186c1dff6a','d2e4394c-64cd-4332-a9b5-61c43c0ebaa8'),('038b8076-c8a7-4cb8-bc1d-0fcee89bff30',0,8,'e01c53d0-cfe6-44a9-b36e-26138b7bb02e','eac6d817-635e-4eb4-8ff4-2442cc3a0600'),('0397f948-0199-40dd-ac63-52298951a46e',0,3,'5ec5b051-72cb-4326-bcb5-daea283d36b1','d2e4394c-64cd-4332-a9b5-61c43c0ebaa8'),('03d195e6-ec72-41b4-853b-4cff1dc2c330',0,8,'bdee42e7-dbb8-49b0-b1fb-337a9a51be66','3516265e-c183-4773-9115-24b3351e1c43'),('03f17419-3c08-4f90-b03f-6af2c228159c',0,2,'d4c6232b-f558-4a85-b762-e1943d4f2e70','01a8db3c-90e1-43e7-9954-7a2b77a38fe7'),('0448c45a-d1ec-4d8c-a7cf-fd3b67d1403b',0,7,'1f7df5f8-285f-4ccc-8ed8-3c13bfe93ab4','1aeeb40e-4eef-4f0d-8942-bdebb4af9e07'),('0478259a-fb64-4194-aa4b-eb6828bdcb46',0,1,'fd8101f1-e5cd-4fd7-9e78-e960ec797f7b','47648088-386b-4d47-b6d5-3f2cd15c982d'),('04bef909-2f48-4cf6-8e45-dc836c0ef2a7',0,2,'86ff57bd-e2a7-4317-8081-a1cd29576033','db32ab07-fcc7-487c-a8e9-fb8674b4411f'),('04bf9bb8-a81c-4e06-87f9-49dae472d177',0,3,'7228399f-b1f3-496c-a401-8053148f91d5','db32ab07-fcc7-487c-a8e9-fb8674b4411f'),('04c982b1-d385-4704-9b8e-aa6269713267',0,5,'9a877c41-16a7-4f5f-8acf-5cc4faa5151e','0989f354-f9ac-4e5a-a41e-fa0fa91c37f7'),('04cd356a-7e56-44d3-9775-06df1c1e42e1',0,1,'b5260106-394f-4da8-abb9-42801061be2d','acd73895-b7b0-4e79-8f11-ce96efa50ff3'),('04e873b2-917c-4658-afe3-d9d4fa899fff',0,4,'1547da60-bfb0-43f7-b59e-70493f88bba7','01a8db3c-90e1-43e7-9954-7a2b77a38fe7'),('04f72d60-82d6-4b96-94db-692140917675',0,2,'abe5a547-4640-4282-9610-e9a8293ff3d4','fea957a9-3dff-4d68-879a-7447eb491f86'),('0523c1a4-456d-4cf5-9466-3fad3d3b68bf',0,1,'5b5775b8-aa78-43ed-b60f-7bbd2cfae094','5a7a4cd0-b554-4ec0-8125-5cee794bb003'),('052a2867-7c62-4dd0-bb4a-1fbfdfcdb7e1',0,8,'b3ca935c-735b-4516-b1c8-f95b105ef961','e18251f3-ab0f-40a9-94da-30bbd2a1a4e9'),('053f4af4-5a5f-4c46-b3d7-2025a3483874',0,1,'6b31616d-ff78-465d-a860-b518e4f9b718','3516265e-c183-4773-9115-24b3351e1c43'),('054c28d2-0169-487d-81d5-7efaf7c645e3',0,7,'43cdb025-9b91-4b48-b905-cf5effa031d0','47648088-386b-4d47-b6d5-3f2cd15c982d'),('05bbe28b-e40b-4973-9e59-84a77b45c6ab',0,6,'ca103dd8-1a17-414a-85ff-7badf8ab9060','e18251f3-ab0f-40a9-94da-30bbd2a1a4e9'),('05c1ec13-0197-4d57-a86b-d22bad3be1d9',0,4,'bbc24b9e-dfeb-47c9-9d59-007d30d10a34','5a7a4cd0-b554-4ec0-8125-5cee794bb003'),('05da21d2-e844-4edd-a241-4d34378b0b7b',0,8,'ec6bcca9-4a3d-4d64-a9c8-0c465418ba42','457fb87c-956a-445e-8c4e-abd36e4fb3ea'),('061801e2-d4e8-43a4-a102-a9341a3122d4',0,1,'e6d630db-f6d5-4711-ba3c-cca18db0fc6b','35c605c9-e89c-48ee-9d9e-954f5db38f4e'),('062d342e-33cf-439e-b2db-0c7af617663d',0,9,'e75d6a05-fbc5-481d-858e-9bb0b9af0728','35c605c9-e89c-48ee-9d9e-954f5db38f4e'),('06419202-ee93-4ef0-99df-87edf0fea0a8',0,8,'86f56cb6-ff33-4add-abd8-14377d5286a6','e18251f3-ab0f-40a9-94da-30bbd2a1a4e9'),('06740761-0724-4b66-9524-3e2da535aad4',0,6,'387240ee-5959-438f-b690-3026a52d4cd0','21c95d07-7591-46d4-b837-f43cda311d5c'),('0675a0da-6851-4744-9257-7d3fd8508b6a',0,8,'2a63abd0-ff4f-4725-a1ad-3963306f066a','e18251f3-ab0f-40a9-94da-30bbd2a1a4e9'),('0683ce33-cb9c-411f-ab36-85014236198b',0,1,'f01ce1f1-ef0e-4099-82c8-e6ca28fe7658','3ff8676f-f361-415b-823d-9f3e81dfc109'),('06add527-ba2e-4286-abf7-98458a1f1cfe',0,2,'705c5e62-fa6e-4de4-82be-db38188a5c13','e18251f3-ab0f-40a9-94da-30bbd2a1a4e9'),('06ba8101-d2dd-4d01-9f7e-4b43b8de5a0f',0,2,'82e179a8-e2d8-4928-9359-1536ef2a2132','3ff8676f-f361-415b-823d-9f3e81dfc109'),('06bff1d3-87b3-497c-a812-53127a6792f3',0,8,'83f0b776-9867-41d1-a5bd-739f8ab4c060','eac6d817-635e-4eb4-8ff4-2442cc3a0600'),('06d0d605-533f-498f-a495-9e279a3972d8',0,2,'5d058df6-6f65-4403-85e0-0ba742c658d1','1aeeb40e-4eef-4f0d-8942-bdebb4af9e07'),('06db1a3a-655a-4e44-8ff6-4ef1426f2305',0,7,'10bbde71-431a-4873-a4a1-75d036f05666','5a7a4cd0-b554-4ec0-8125-5cee794bb003'),('073f4cb0-96a2-4695-8d23-971776fca3bc',0,1,'bdee42e7-dbb8-49b0-b1fb-337a9a51be66','0989f354-f9ac-4e5a-a41e-fa0fa91c37f7'),('0752c255-d1ad-40f8-9f77-88ffb4ea5c09',0,7,'556698b2-eb21-44e3-a89c-a495d09545f6','35c605c9-e89c-48ee-9d9e-954f5db38f4e'),('0762aa1e-db96-4ab9-82ab-2e77584ebc17',0,1,'581fa68b-df74-4b3c-8bb7-b86398473127','acd73895-b7b0-4e79-8f11-ce96efa50ff3'),('0838f298-7beb-410d-bf27-05123d580f14',0,8,'dbae78d9-8cbf-4c0e-9dc1-8b048d2d8e2d','acd73895-b7b0-4e79-8f11-ce96efa50ff3'),('086107e8-f7a8-4557-92f0-ca1681285a5f',0,7,'787fd4e4-9fa2-46e0-9946-5bf08a3219db','d2c84234-1048-4fe2-9228-cb1e58ec1e09'),('08c9433c-a846-4b9e-be38-78203cc220fb',0,1,'0640ee10-c098-4d55-b8b0-a780d654a988','ff4d119e-23c2-4957-b496-5288211c3a5c'),('08db5782-c5e3-42ae-bea7-20a55db54dfd',0,4,'68d21877-7669-46ad-baa8-63cfdbf87a40','3516265e-c183-4773-9115-24b3351e1c43'),('0941354b-540e-4ae3-9afe-166d316bdaa3',0,7,'69aa2bc1-dea5-41ab-b90a-c26e5b362ac5','457fb87c-956a-445e-8c4e-abd36e4fb3ea'),('0949bc0e-be69-4f69-ab31-239391edc8c9',0,9,'17e35f7e-1430-4862-8509-2adc2de6b5eb','17fb6029-2787-4855-9d09-550223e7e8ec'),('09d1c09b-903b-452b-b36d-f64e378b9586',0,5,'e3912d5e-6c10-4c7a-8b2d-9b57a21c6cbc','3ff8676f-f361-415b-823d-9f3e81dfc109'),('09d4bc42-825c-4f56-9abb-48f21ed2107a',0,7,'6cbe6b8f-e170-4b03-a299-3f58872f88db','21c95d07-7591-46d4-b837-f43cda311d5c'),('0a0cd619-ae74-48f0-84e5-1bcd038ce130',0,5,'6c3a5550-e4d6-4ce0-9f01-b91bedfb6d3c','e18251f3-ab0f-40a9-94da-30bbd2a1a4e9'),('0a0e9d33-e8c8-4209-8378-a7547734cce6',0,9,'6b3960ae-72ce-4a75-86e0-c833ffacb9c5','d2c84234-1048-4fe2-9228-cb1e58ec1e09'),('0a138a0d-3bbb-45e2-9842-1904bc3113b5',0,8,'12444f84-a79d-48d1-bcdb-d8832f77cee5','21c95d07-7591-46d4-b837-f43cda311d5c'),('0a3f0e69-559c-44df-bf93-fd6d8ea8d0eb',0,9,'cf472aee-33f5-4ed6-be71-05800762c608','457fb87c-956a-445e-8c4e-abd36e4fb3ea'),('0a6dd7ea-e9b5-4996-9051-e10265d73110',0,3,'2dea482b-9778-4d10-8f0e-7b7e7f164362','e18251f3-ab0f-40a9-94da-30bbd2a1a4e9'),('0a864615-e28e-4fab-8daa-7299e3212733',0,4,'889bd35c-b2b1-4f47-82c4-8a1290a91fe6','1456ac55-80cf-4ad4-991e-c463509adc6e'),('0aaf721b-d487-485d-8379-8fe6203f00b6',0,5,'edc9522b-7836-4ebc-bece-57ef5cbb33f1','eac6d817-635e-4eb4-8ff4-2442cc3a0600'),('0b15bc6f-bbcd-4cb7-9ef3-1ddbb73f91eb',0,9,'e19e6d10-e1f0-4be0-90a8-bdf15fc1fd7d','39ac6733-9300-446d-8bfc-c1d6320328ed'),('0b1b25bc-ebaa-4605-a79c-a1a8597c202c',0,2,'c771ddb4-b87c-4a9b-9b0b-f503f7b67694','457fb87c-956a-445e-8c4e-abd36e4fb3ea'),('0b2d148e-2e88-4ee0-8eee-32f5c3474866',0,1,'dcbc77d1-48d2-4994-8c49-e14acd2470da','457fb87c-956a-445e-8c4e-abd36e4fb3ea'),('0b50c9b1-2290-47ce-89bb-aad5d5e69f98',0,4,'4df4f0a4-4c01-46be-a86b-eaee61e89e80','eac6d817-635e-4eb4-8ff4-2442cc3a0600'),('0b81a493-8dfa-46e8-a313-6d1754f51265',0,2,'0822f80c-71fc-4780-b939-7e2cb6e548b1','0989f354-f9ac-4e5a-a41e-fa0fa91c37f7'),('0c1b9c3a-638a-47c1-ad4c-1c48c9af7813',0,1,'8d1cab0b-d39a-4056-8692-dd5dc52d3223','ff4d119e-23c2-4957-b496-5288211c3a5c'),('0c2dc218-e216-49dc-8926-c60347c0e90e',0,3,'52c4ab99-a4b8-4a0e-a98a-eb419b89164c','1aeeb40e-4eef-4f0d-8942-bdebb4af9e07'),('0c5d66cb-2ffb-451d-8b37-76cfed71f40e',0,7,'e8d37223-3984-4015-81f0-e3b9057d7251','1aeeb40e-4eef-4f0d-8942-bdebb4af9e07'),('0c71ebaa-304c-45f5-aca4-55c8ea96528f',0,1,'bac8db26-e601-4c13-9055-97c3a5f8a561','47648088-386b-4d47-b6d5-3f2cd15c982d'),('0c7e1f77-da9d-4a9d-8fc4-9e0bf3fb18da',0,4,'74d11cc8-efe8-493f-8e12-8fda11112661','3ff8676f-f361-415b-823d-9f3e81dfc109'),('0cd3bb41-3d7d-4b93-b49b-835ac07f71d8',0,6,'c85a2e2e-cd72-4c96-8cc4-8223c8c93c55','1aeeb40e-4eef-4f0d-8942-bdebb4af9e07'),('0cf4879c-1d88-493f-bd31-d8e1b3bbda88',0,2,'cf1f7a49-6b23-461a-b3fd-002891458dd8','0989f354-f9ac-4e5a-a41e-fa0fa91c37f7'),('0d05861f-3514-4ddb-a14e-33dd2672ac76',0,1,'c2c77fd8-87dd-4088-84c0-3dcc09133f24','17fb6029-2787-4855-9d09-550223e7e8ec'),('0d39b07f-c88f-4c86-b3cb-61ec92cf73bc',0,4,'12444f84-a79d-48d1-bcdb-d8832f77cee5','17fb6029-2787-4855-9d09-550223e7e8ec'),('0d86ba5e-a8a5-4144-a239-5f7af57e4724',0,2,'314789e6-0b2d-4a62-99ce-4e443fd23d5f','0989f354-f9ac-4e5a-a41e-fa0fa91c37f7'),('0d9cccf7-84e4-4b8e-990b-4bcce61155cb',0,2,'e99d1ac3-c0b6-4a6f-976d-bd26c4f31b99','17fb6029-2787-4855-9d09-550223e7e8ec'),('0dcc4f71-7cd8-4e12-bdd0-c6761676686c',0,7,'e499f636-d8bd-4b67-b710-cb1afebbe3e0','d2c84234-1048-4fe2-9228-cb1e58ec1e09'),('0dfa489a-348f-4171-bf3c-2f3553aed7f2',0,9,'64568f5a-3c9e-469b-88ca-256f322e8d5c','21c95d07-7591-46d4-b837-f43cda311d5c'),('0e033054-a7ee-4bed-991a-d402c6c8a948',0,4,'7ec819db-ddd8-44da-bb1c-5b67c5ec7ffb','d31cd137-11da-4d24-92fd-f4a5d119be54'),('0e0f1c2e-35b5-4881-a0b7-00d0401a6c89',0,5,'a9391ed2-5356-4cc2-9045-47517798db03','d31cd137-11da-4d24-92fd-f4a5d119be54'),('0e305d7a-ee8b-4fde-b318-7c3046754a2e',0,2,'a8beb3f3-bff7-4418-a60f-13dd46dc4267','db32ab07-fcc7-487c-a8e9-fb8674b4411f'),('0e6be7c4-bbf9-44aa-a52f-f57cb114f691',0,7,'ffce6d97-28fb-48c1-9171-a9119ea2a67a','c5fe6099-39ca-4feb-9692-5f86b0733812'),('0ed38a0f-4452-4993-854d-93a705415ce7',0,1,'ea4e3114-1692-4c06-981e-be1a5aedcdae','acd73895-b7b0-4e79-8f11-ce96efa50ff3'),('0ee38148-b146-47ce-a9fd-59369ce78e63',0,1,'fe0d7edd-ad34-4ba1-8515-e3751799afc4','28a5914f-5480-4f35-bc92-2172f9521f40'),('0ee53193-18ca-4fc0-95bc-4f69e8b27cfd',0,8,'2c021248-21b5-455a-a608-350ee435a2de','47648088-386b-4d47-b6d5-3f2cd15c982d'),('0f08240b-a14d-4a3e-943b-1f7e540b921a',0,4,'14a22aa3-0f19-489c-bef5-fe470035a395','acd73895-b7b0-4e79-8f11-ce96efa50ff3'),('0f0b00fb-448f-42c9-8514-c702507b3c44',0,7,'43cdb025-9b91-4b48-b905-cf5effa031d0','457fb87c-956a-445e-8c4e-abd36e4fb3ea'),('0f2aeccc-94ce-4e6a-b074-43c07d63dc8a',0,9,'3e0e8d13-c6e1-46c5-b13b-df622f68ba71','5b4292dd-1079-465b-8eee-4278f78cef08'),('0f595172-354d-40ee-8e99-8c6ade3a6986',0,3,'7ec819db-ddd8-44da-bb1c-5b67c5ec7ffb','1dc61fc3-4792-41e8-b86a-5a44ef93c7f6'),('0f6567e9-b772-4b32-a5b3-39f668448c91',0,5,'3c753b59-80ff-45cd-b961-174558da6dd9','e18251f3-ab0f-40a9-94da-30bbd2a1a4e9'),('0f829dd5-ef5f-4db4-a8a0-e3e95c0e29a7',0,2,'ffc21c49-66e9-4615-a65e-8442e46a85ce','3ff8676f-f361-415b-823d-9f3e81dfc109'),('0fa06439-e69f-4019-88cf-e21bcbffa416',0,7,'cfdea307-29fd-4197-8c02-70909f8a128d','ff4d119e-23c2-4957-b496-5288211c3a5c'),('0fa3d951-54b0-4fcf-9db5-d97d38551835',0,1,'5ee13e9e-6564-44d6-8467-8f7f44918be4','1456ac55-80cf-4ad4-991e-c463509adc6e'),('0fb9e34c-e752-4431-8aa4-5616034381d4',0,7,'657c78c5-0dba-45bf-8194-98f7a20607d8','d31cd137-11da-4d24-92fd-f4a5d119be54'),('0fc343a8-bd2c-4cff-a143-51556c8856f2',0,6,'ef3d33b6-e542-4555-8089-8cc8f8d98e0b','1dc61fc3-4792-41e8-b86a-5a44ef93c7f6'),('0fc648f7-ca0f-4b5c-ab46-05b9b3f185d0',0,6,'3a740534-5e3e-4043-a784-4aeb8c1fd340','db32ab07-fcc7-487c-a8e9-fb8674b4411f'),('102cde6e-30d2-4edb-a756-5febf91dafb7',0,1,'8ba4a3f6-acd3-4f82-8d37-bddab7ce5729','db32ab07-fcc7-487c-a8e9-fb8674b4411f'),('10c97f6d-261d-4720-a07c-9861c5602273',0,9,'6927213a-65f1-46c7-b4af-6c22dbf11182','1aeeb40e-4eef-4f0d-8942-bdebb4af9e07'),('10df9aaa-9552-4c18-8a8b-d31bc77099d5',0,1,'0d20176f-db8a-44e0-a160-9523573d124c','1456ac55-80cf-4ad4-991e-c463509adc6e'),('10e37aa5-fa6a-4490-91d5-5aafc8c93c00',0,5,'eee779a3-8f37-474c-b520-7cf5ceb9fe8f','21c95d07-7591-46d4-b837-f43cda311d5c'),('10f47b83-8e87-44a0-a8b8-cc769c39f08d',0,2,'d3e837af-40da-49fb-b35d-df3581464902','c2a38727-59a9-4ab1-9004-8bbc0f85f058'),('116fc8e0-21fc-448e-a8b4-3bff0354c439',0,4,'6e1207f9-a7f3-4923-babd-5494ec06bf5e','82713636-cce1-4ac7-9acf-0355347f0575'),('1188c048-cd9e-487a-a133-3de4cda27d44',0,9,'2d1222f0-64e3-4ccf-a220-3edd984deb08','ff4d119e-23c2-4957-b496-5288211c3a5c'),('1194f628-7880-4ad1-a917-4770280415f7',0,4,'109120a9-103e-4a15-bacb-1147185121d5','ff4d119e-23c2-4957-b496-5288211c3a5c'),('11be05b7-f806-434a-808b-20a38dfcf5cc',0,9,'f54fc4bb-fed2-4ca2-b193-f3106f6d0676','17fb6029-2787-4855-9d09-550223e7e8ec'),('11e587e1-a321-461d-9e0a-92714bef000f',0,5,'b3e01e58-f7b9-4ae2-a62f-ba609253eac0','751e550e-48cc-4997-bebe-4de21904aace'),('11f381c5-9a8a-4345-9ef0-5103211478f7',0,8,'8b01eb7e-166d-4a53-b2d5-09e3ead36c8a','d31cd137-11da-4d24-92fd-f4a5d119be54'),('11ff6bf3-d75f-4a40-be9e-ddbba2a8e7bf',0,1,'64a8f98b-2e94-4333-b4aa-56b78857bb2e','eac6d817-635e-4eb4-8ff4-2442cc3a0600'),('120c10af-a439-446a-bda6-43c9814f167b',0,3,'64f2f516-7707-4bea-81c6-cdb3175581a3','c2a38727-59a9-4ab1-9004-8bbc0f85f058'),('120f1994-b265-4296-b9e5-e591fda92b84',0,5,'834e5c70-49b3-4f98-91e7-c12408aaef3c','1456ac55-80cf-4ad4-991e-c463509adc6e'),('121e55df-800f-4e2a-b58c-a3a680b0ccf2',0,4,'07562dfd-8f1c-4009-9240-df83a304f8b9','01a8db3c-90e1-43e7-9954-7a2b77a38fe7'),('12614130-1fdf-4cab-9f7e-38847d41e85a',0,5,'87cb5e9c-1347-4265-9485-cdab669ca76d','3516265e-c183-4773-9115-24b3351e1c43'),('12a09385-f5bb-4994-9e53-e5a99202485e',0,1,'7d4c9ad6-45d7-47ba-aa7d-58f95de17037','db32ab07-fcc7-487c-a8e9-fb8674b4411f'),('12c4834e-0ca2-4751-b49e-1dea65c9d8a1',0,3,'7f854e44-680b-4bdf-b727-8510b84dee3c','21c95d07-7591-46d4-b837-f43cda311d5c'),('12c6c9ad-65a4-4e76-b52f-bd0d4c9b52c5',0,1,'5d058df6-6f65-4403-85e0-0ba742c658d1','3516265e-c183-4773-9115-24b3351e1c43'),('13d7f007-20f7-4b25-8015-ec4b17578fd9',0,1,'5a75ed31-b0e9-472b-a96a-45a34bcc6c28','db32ab07-fcc7-487c-a8e9-fb8674b4411f'),('13da39b4-8e97-4ba9-90c7-c0f59b2d5bc4',0,8,'cae513bb-b881-4409-bb49-e9863d81e3e6','39ac6733-9300-446d-8bfc-c1d6320328ed'),('13ff886b-8f34-4af8-811f-29187460e9b2',0,4,'89e88776-f9c2-4425-a93f-3ad3817cb96c','acd73895-b7b0-4e79-8f11-ce96efa50ff3'),('141af265-35a6-495a-80ed-902d0657dc3f',0,7,'6d04363a-0d5f-4dd8-b497-6548e6111682','1dc61fc3-4792-41e8-b86a-5a44ef93c7f6'),('14217c73-f5b7-4f5b-867d-3aaf2a1b863c',0,1,'a8beb3f3-bff7-4418-a60f-13dd46dc4267','1dc61fc3-4792-41e8-b86a-5a44ef93c7f6'),('142cb0be-e15c-44bd-97b5-16bf737f22bb',0,8,'2c021248-21b5-455a-a608-350ee435a2de','fea957a9-3dff-4d68-879a-7447eb491f86'),('1484bbf3-9158-45f0-a6bb-0622ece496c1',0,6,'64568f5a-3c9e-469b-88ca-256f322e8d5c','3516265e-c183-4773-9115-24b3351e1c43'),('1487131a-983b-447e-813e-6b008ac0c286',0,4,'fad4b075-5fc9-4474-91d2-a6d01d756abd','d31cd137-11da-4d24-92fd-f4a5d119be54'),('14874a07-6996-4465-b1db-2a5df54c1f64',0,1,'64f2f516-7707-4bea-81c6-cdb3175581a3','eac6d817-635e-4eb4-8ff4-2442cc3a0600'),('1519dba5-c06c-4b19-aa68-e7c9f5804930',0,6,'6b9dbe2b-ea30-4f47-b465-4540cfb212aa','5b4292dd-1079-465b-8eee-4278f78cef08'),('157930ca-fc86-4925-b910-292b189f923e',0,3,'bafebbc4-fce2-46b9-86e2-28a00c6f0698','db32ab07-fcc7-487c-a8e9-fb8674b4411f'),('15b0d096-b22b-4c04-8a86-9ac54c3439ad',0,6,'4c469c99-33f2-4013-b950-b7b8b6d91fa6','1456ac55-80cf-4ad4-991e-c463509adc6e'),('15b4d357-27f2-4b06-85bf-7257e03ea280',0,7,'0f290672-2fb7-48ad-ae4b-4764b94e6547','fea957a9-3dff-4d68-879a-7447eb491f86'),('15f1233d-9b9f-4c6c-9cf0-3ff4aa1da79a',0,1,'a469b345-e3d8-466a-b799-3738f80eacab','28a5914f-5480-4f35-bc92-2172f9521f40'),('15f5d5c9-30b1-4142-9036-89a60cc6530d',0,5,'329ee3b9-5cfb-421d-ae1c-113facee8ebc','fea957a9-3dff-4d68-879a-7447eb491f86'),('161e1b2a-40da-4fd2-b895-73a6a429f191',0,4,'2aace7b4-a016-4503-b230-a800a57935af','db32ab07-fcc7-487c-a8e9-fb8674b4411f'),('1640d412-fc6e-4929-9d3e-e647f0f44c79',0,5,'6f3f6d85-985b-4ef3-9d2b-3ae0a30912d1','fea957a9-3dff-4d68-879a-7447eb491f86'),('16c42bfe-99de-4132-87e4-7ff7e6cb5236',0,7,'f116ac7c-a752-401d-b8b9-6243e36f973f','457fb87c-956a-445e-8c4e-abd36e4fb3ea'),('16cd194c-497e-4f4e-a5c5-53364996d87f',0,4,'61eefa79-171b-4935-8d5c-276d042587ab','db32ab07-fcc7-487c-a8e9-fb8674b4411f'),('171aa37f-49e0-432e-a1bb-e92a597ff0df',0,9,'021b0276-20dc-4910-aceb-aac4612e121d','e18251f3-ab0f-40a9-94da-30bbd2a1a4e9'),('172e3aea-b07a-42c6-82ba-42c8a2f0325e',0,2,'345d5163-f4dd-4b2f-ae9a-107e98ccbe4d','fea957a9-3dff-4d68-879a-7447eb491f86'),('1741c9aa-7318-4359-a353-69905cef236f',0,8,'b2ba2dcb-a996-466e-97dd-f87f1c2592b0','01a8db3c-90e1-43e7-9954-7a2b77a38fe7'),('175a9c25-3961-42fd-82b4-86b4e68f316e',0,7,'f4a3d037-2cc3-4676-a663-6a4577dc74bd','ff4d119e-23c2-4957-b496-5288211c3a5c'),('1769b9c9-9c64-4dc2-9b9f-32de23afe454',0,8,'a7cb514e-57a8-41cd-8f0b-16df44d716fb','82713636-cce1-4ac7-9acf-0355347f0575'),('178c6829-8f94-474f-8c10-5b20e29c0660',0,7,'53e53ef7-af1f-4384-8d83-4c5e928bd369','c5fe6099-39ca-4feb-9692-5f86b0733812'),('17a47687-9867-412e-801f-43b24bbaddbe',0,1,'abe5a547-4640-4282-9610-e9a8293ff3d4','e18251f3-ab0f-40a9-94da-30bbd2a1a4e9'),('17bc18db-4b1f-4724-bf95-d1539ef10a1b',0,1,'b5260106-394f-4da8-abb9-42801061be2d','eac6d817-635e-4eb4-8ff4-2442cc3a0600'),('17e716f0-e78a-420f-b84a-6893568171b0',0,1,'0d4ca522-dbc7-4a1f-a270-8c9905e6f399','c5fe6099-39ca-4feb-9692-5f86b0733812'),('181bf7aa-8d07-471f-ab19-a963c85e9b8c',0,2,'c92fb539-1aad-4992-8227-31c1c8b4f969','c5fe6099-39ca-4feb-9692-5f86b0733812'),('187d85cb-9253-4a91-ae88-a44ac451d634',0,8,'0e6b90d7-6880-4d2c-a458-9c191d16abba','c5fe6099-39ca-4feb-9692-5f86b0733812'),('187d8d1c-2148-48a5-a4dd-3d0bae456797',0,6,'5f1fe593-a500-4f7b-aef3-01ae23e4149e','eac6d817-635e-4eb4-8ff4-2442cc3a0600'),('1904b430-a3cf-4b0e-b834-45e3a94c9058',0,8,'faa2577f-638a-4da2-8404-b969b60a22c3','457fb87c-956a-445e-8c4e-abd36e4fb3ea'),('1921f292-de79-4332-a408-36b9af06d289',0,4,'e7e615b9-a753-453f-94f8-bdf54de6bd80','5b4292dd-1079-465b-8eee-4278f78cef08'),('192d3bfb-2919-4c8b-aae4-ead4882d78e8',0,8,'86d8daf1-242a-47ee-94ba-b3bffde21064','d2e4394c-64cd-4332-a9b5-61c43c0ebaa8'),('192f90b0-9e7b-4784-8c52-b2f7fb56b514',0,1,'50fd95a9-66dc-485e-a137-9690e1ac5d1f','28a5914f-5480-4f35-bc92-2172f9521f40'),('1938b104-1bdf-4ce3-8a54-004107e57dbd',0,5,'d45b0882-53d1-466f-a4d2-e78cc13177ed','c5fe6099-39ca-4feb-9692-5f86b0733812'),('1948a54d-aad0-4fe6-b165-fa826e77066a',0,7,'6b9dbe2b-ea30-4f47-b465-4540cfb212aa','d2e4394c-64cd-4332-a9b5-61c43c0ebaa8'),('195805f6-fa02-445f-b3f5-a06459b5bec5',0,6,'fcb9ae38-9d03-4f9c-9bfd-048596c7ffac','d31cd137-11da-4d24-92fd-f4a5d119be54'),('197d6d89-5e01-47bf-b962-2935f27cf9ca',0,2,'200b0dc4-de74-42c8-8eb5-c253282f276d','d2e4394c-64cd-4332-a9b5-61c43c0ebaa8'),('1982a9c8-b73a-408f-96cf-7c8f7eb4e762',0,4,'dbae78d9-8cbf-4c0e-9dc1-8b048d2d8e2d','bd6d69ab-29fb-4b49-a8ed-5c8caa50bf47'),('199fc68a-0966-45b6-a1f3-58d14c4472ec',0,4,'5112420c-7b67-481b-aca9-8e8d456d11c8','3516265e-c183-4773-9115-24b3351e1c43'),('19cd16c6-7d2f-42db-a181-316d3f1a1458',0,7,'0f8e2852-53fd-453e-ae9c-7e9685bb5215','28a5914f-5480-4f35-bc92-2172f9521f40'),('19f8fa75-ac73-45b1-b056-2de02d314043',0,6,'67991217-cef2-408d-883b-56bda576d363','01a8db3c-90e1-43e7-9954-7a2b77a38fe7'),('1a02c40c-12e9-4a2f-83a1-1088101e8d2f',0,8,'4c2d2f63-db85-4b38-b790-b697f4c0bc60','82713636-cce1-4ac7-9acf-0355347f0575'),('1a210e52-afda-40f4-a15f-3053fa47ec21',0,4,'b20c495b-3239-4380-8a34-0532b4d678d3','5b4292dd-1079-465b-8eee-4278f78cef08'),('1a43ea30-0858-49b7-8a20-0563e652aa55',0,6,'19f82ca2-c729-4a24-bfb4-049ca17e2869','d2c84234-1048-4fe2-9228-cb1e58ec1e09'),('1a4a93ce-ffe6-45a1-afd3-7c8a1dbb83c0',0,4,'f253cfc8-24bf-4fa6-b8d2-f700d051f0f5','d2c84234-1048-4fe2-9228-cb1e58ec1e09'),('1ae14ccf-7f3c-4616-ba30-890189d4d1fe',0,3,'7a36f7b1-4f61-4306-bfab-5814f1f202f1','db32ab07-fcc7-487c-a8e9-fb8674b4411f'),('1b7c5142-c1f7-4b32-af2d-ebf710fbe2bb',0,2,'6cab6463-3949-4bbc-8825-56ac00c72329','1456ac55-80cf-4ad4-991e-c463509adc6e'),('1bbc4702-2561-49e3-ac48-f0eab2eff0fb',0,1,'2444d947-17d0-46de-a9b8-231b3620d19d','1aeeb40e-4eef-4f0d-8942-bdebb4af9e07'),('1bbf90e9-9f81-4ffc-86bf-5afd4ebc5b77',0,4,'9be74308-9fc8-4097-bda6-bdeb2459930e','1aeeb40e-4eef-4f0d-8942-bdebb4af9e07'),('1be72844-f4ff-4eb5-a169-2f375bb109f8',0,9,'7eb1b8f8-30d4-40f8-bc55-972c3c724d00','ff4d119e-23c2-4957-b496-5288211c3a5c'),('1be7e585-0666-4ffe-9981-3bd1ea2539f8',0,7,'62f5a90a-2c5b-4e0d-a111-1ebc8cd0589a','bd6d69ab-29fb-4b49-a8ed-5c8caa50bf47'),('1bef64e2-e836-4c7f-9059-e655efb581c1',0,1,'5701a7bc-f32d-4a85-9b12-718a0cd8e274','d2e4394c-64cd-4332-a9b5-61c43c0ebaa8'),('1bfff86f-524e-461a-ae7e-c051a4d73b96',0,9,'94b0e481-30ce-4014-b83a-8bd1bf4d668a','fea957a9-3dff-4d68-879a-7447eb491f86'),('1c035427-0086-4b69-9454-ecf9fdeabf2a',0,4,'1986625e-696d-4f51-a062-113f1ef45fd1','acd73895-b7b0-4e79-8f11-ce96efa50ff3'),('1c389844-b219-4526-b344-be97e7df5a04',0,9,'0c71f95e-9919-4cf5-bf16-3428fa9c4c8d','17fb6029-2787-4855-9d09-550223e7e8ec'),('1c480544-3669-4aed-bc21-1eeb658a1430',0,2,'bd8ef60f-a4f3-497f-af40-97417cf60b92','21c95d07-7591-46d4-b837-f43cda311d5c'),('1c556658-df97-4fac-af0e-34b0c7dfa3b9',0,1,'0d20176f-db8a-44e0-a160-9523573d124c','ff4d119e-23c2-4957-b496-5288211c3a5c'),('1c57394f-b018-4505-b70d-0be4a1ba973f',0,8,'4271f67b-bb0b-4ecc-bc3d-60700e5713a1','db32ab07-fcc7-487c-a8e9-fb8674b4411f'),('1ca49f3e-5063-40d1-9ed6-e93e9d8ed003',0,5,'29dbe790-8ce6-4b76-85dc-db1865c88537','82713636-cce1-4ac7-9acf-0355347f0575'),('1ca4ef85-dd23-4845-aeda-e58f27340b86',0,3,'fe2a6721-53be-4ca2-8c74-d77309d8c76b','82713636-cce1-4ac7-9acf-0355347f0575'),('1cacd137-22d9-40af-9cf1-358667fe3255',0,9,'df8d17b3-6c49-45d8-bc18-48b7c5f11ac3','21c95d07-7591-46d4-b837-f43cda311d5c'),('1cc22f04-30fa-4a81-9edb-c3ccc34e27a5',0,2,'5701a7bc-f32d-4a85-9b12-718a0cd8e274','39ac6733-9300-446d-8bfc-c1d6320328ed'),('1cdfacef-f410-49eb-b2ea-bd30c5f201d9',0,9,'8ced31bf-b1f5-4d43-84a0-73b4a6d59eac','82713636-cce1-4ac7-9acf-0355347f0575'),('1cf964c3-15c3-4fc5-9e5e-0e0c0af2100a',0,4,'db436cb3-9b6e-4b61-9171-82c96da519be','17fb6029-2787-4855-9d09-550223e7e8ec'),('1d17421d-ca16-4018-ac38-530ec92c18a4',0,1,'66daed66-ad9b-4d8f-a61c-47e5f14b3450','acd73895-b7b0-4e79-8f11-ce96efa50ff3'),('1d20d3ea-0668-491c-83d6-992d4385cfdc',0,5,'098bccdf-51a4-4227-860e-d5198e75b032','fea957a9-3dff-4d68-879a-7447eb491f86'),('1d25ecdb-fa9a-4d77-a68f-0db656f89425',0,3,'2eabfa8c-358e-4a87-bb54-99e06133954a','47648088-386b-4d47-b6d5-3f2cd15c982d'),('1d439919-71d1-4952-9837-8a0d93cdb36a',0,4,'f382989b-6d5a-4483-b022-c59e726c29e3','ff4d119e-23c2-4957-b496-5288211c3a5c'),('1d497171-eb64-458b-a0bc-7606d42a93ed',0,2,'5510d071-0865-4084-b4e4-9c508a47830d','47648088-386b-4d47-b6d5-3f2cd15c982d'),('1d4c0a32-9710-462c-b9a8-968f5eb4c838',0,1,'4535cfda-27cb-40be-8b5c-ccb3ee3d6a91','d2e4394c-64cd-4332-a9b5-61c43c0ebaa8'),('1d789690-8ace-4b4c-9693-124bc00cd128',0,6,'733714a4-8b6c-4cee-b99f-2a3f7445605e','d2e4394c-64cd-4332-a9b5-61c43c0ebaa8'),('1d825899-a6d6-42ea-9556-e1b2a83e5045',0,2,'f70f11b5-b507-4628-a7b6-7028ea19d208','0989f354-f9ac-4e5a-a41e-fa0fa91c37f7'),('1d8d0c8c-9ab4-4535-bcf2-e22e406499d7',0,6,'4b8f6cfb-bcb5-4810-a599-591fe17ea2e7','47648088-386b-4d47-b6d5-3f2cd15c982d'),('1db38b38-544f-4056-a217-bf3471dd584d',0,6,'afe095f7-4aba-4368-aafc-e3944a610670','db32ab07-fcc7-487c-a8e9-fb8674b4411f'),('1dec2b94-f51c-44fa-b36f-935d29817168',0,5,'f9e128f2-b0cc-4090-8d7a-2aecae6b9394','c2a38727-59a9-4ab1-9004-8bbc0f85f058'),('1e4cf15b-6f2b-4c6a-a7c4-2fa8f2bfca77',0,1,'9699a1f9-3aaa-46a4-9bc2-bf9459731794','d31cd137-11da-4d24-92fd-f4a5d119be54'),('1e642c7f-934e-469d-9376-cc4478474fbf',0,3,'b9a5491f-badc-46cb-874f-6c84e4ca98b4','e18251f3-ab0f-40a9-94da-30bbd2a1a4e9'),('1e67f783-14aa-4e4d-926d-20c252b6fa03',0,4,'813cde21-661c-4bf7-bde5-b40716f93e3a','47648088-386b-4d47-b6d5-3f2cd15c982d'),('1e80a559-88e7-472a-ae51-101d4fd55b7a',0,8,'b7080e77-9543-48bd-a3b4-6884ad596e7f','35c605c9-e89c-48ee-9d9e-954f5db38f4e'),('1eaaff9e-eb28-493f-bc20-ca0406e8598d',0,1,'1acb4fa9-574a-4cfc-84c3-3116a042a2c5','3ff8676f-f361-415b-823d-9f3e81dfc109'),('1f020e24-4be8-4d58-a097-3f3325c35a4b',0,5,'e04cadd3-2366-4ac7-8dc4-5c972007f092','c5fe6099-39ca-4feb-9692-5f86b0733812'),('1f3e639e-f9ed-417f-b294-ce13f214a503',0,8,'fc6b5a2e-82f4-49ae-beb7-e6e8fb9f261a','d2e4394c-64cd-4332-a9b5-61c43c0ebaa8'),('1fa9c8ff-22f9-4444-8410-9f44fc0c06e4',0,1,'4700ea67-b63f-4a9f-b857-f223ac56d0fc','39ac6733-9300-446d-8bfc-c1d6320328ed'),('1fdb9178-e701-4c66-a56e-c4053203e9b3',0,7,'28d37a09-7593-4681-bcd0-7c745d470b7f','5a7a4cd0-b554-4ec0-8125-5cee794bb003'),('1feb514d-ea18-41b6-a9a5-5175dce3794f',0,1,'0d85c250-9271-4daf-8ff6-f876c15a55b8','bd6d69ab-29fb-4b49-a8ed-5c8caa50bf47'),('2033ee96-78b4-4f45-bb83-3cef6dd0ec97',0,2,'deeb50eb-a2f6-4a62-ac56-3e753b550f40','21c95d07-7591-46d4-b837-f43cda311d5c'),('203bc8cd-83e2-4390-b31d-da092e21fc36',0,1,'6f71de23-4866-4562-a211-0f0902671808','1aeeb40e-4eef-4f0d-8942-bdebb4af9e07'),('203f9246-e4e0-4ddf-94ee-fe61652cd0a7',0,9,'4d24df42-4f0d-4ee1-8d9b-0bfdf9992fae','457fb87c-956a-445e-8c4e-abd36e4fb3ea'),('2053dbac-e21b-4858-9da5-87bc6129be80',0,3,'bafebbc4-fce2-46b9-86e2-28a00c6f0698','1dc61fc3-4792-41e8-b86a-5a44ef93c7f6'),('207fd435-79ef-4310-bf09-961f375f655f',0,6,'508f0d69-b597-4a2e-8d0b-afac60292da0','28a5914f-5480-4f35-bc92-2172f9521f40'),('209ffb93-5713-467e-95cb-9815bdba6220',0,5,'91b8b0b8-8007-4ee8-a28f-7f3318c1a94a','3516265e-c183-4773-9115-24b3351e1c43'),('20b53a44-f658-43dc-8a80-6e99b94a8c7c',0,9,'e709bc31-169f-42c0-9840-680993cc88fd','c2a38727-59a9-4ab1-9004-8bbc0f85f058'),('211fadcb-0ffd-455b-8714-da506d422fa6',0,9,'5c5a7437-6201-48c2-a3d3-50d8ac0490da','bd6d69ab-29fb-4b49-a8ed-5c8caa50bf47'),('21bcae71-6022-4c29-86fa-fbce6bd8504d',0,5,'cc75e992-c893-4b10-aac1-48a07efdb859','01a8db3c-90e1-43e7-9954-7a2b77a38fe7'),('21ddf8ae-e74e-459b-9f9e-f9d23ae8eded',0,1,'20be5acf-2f13-44c9-beff-8a8641c7d4a8','d2e4394c-64cd-4332-a9b5-61c43c0ebaa8'),('22954f66-b84c-454c-a810-7a12a4df7569',0,4,'82b07ba8-c131-48a2-8d6d-c310c2e89267','28a5914f-5480-4f35-bc92-2172f9521f40'),('22e797df-cc1e-4f8b-b3e6-bde733feba36',0,4,'f35792ad-5aef-4ccf-98e3-3de065ad0648','5a7a4cd0-b554-4ec0-8125-5cee794bb003'),('230fe282-a06d-48d4-b466-c5bc979e9c29',0,6,'4700ea67-b63f-4a9f-b857-f223ac56d0fc','82713636-cce1-4ac7-9acf-0355347f0575'),('2359ad5c-cfbf-4d45-9f88-e7842d3a5755',0,4,'bd51ed91-6634-4869-ab09-eea64b3c6ea0','21c95d07-7591-46d4-b837-f43cda311d5c'),('237b2a76-1844-4e7a-8741-7f6f4823d195',0,1,'4153710a-443c-42c6-8651-8140c3563f32','47648088-386b-4d47-b6d5-3f2cd15c982d'),('2384804b-162b-4642-8b90-25853c01731f',0,9,'bb074535-101e-4088-8573-fb6072fc74eb','1dc61fc3-4792-41e8-b86a-5a44ef93c7f6'),('239b317a-b26c-4653-96f5-3eb30c85b554',0,7,'c64e5eef-157d-42b5-994a-ba16151a1b02','d2e4394c-64cd-4332-a9b5-61c43c0ebaa8'),('23e2388c-1b07-4a63-938d-a4114faadf12',0,1,'4e43b5d0-b94c-4e94-842a-3f3183818101','bd6d69ab-29fb-4b49-a8ed-5c8caa50bf47'),('23e72217-3981-438b-82a5-322ee2a9e0be',0,1,'9d0d3d88-32ef-45e7-b7a6-bbc8a594efee','bd6d69ab-29fb-4b49-a8ed-5c8caa50bf47'),('2410506f-92ad-4a98-b192-f4c6c03ce9d2',0,3,'64b3101d-005c-4d8f-a1b9-b99d86d393f4','c5fe6099-39ca-4feb-9692-5f86b0733812'),('247838ab-3042-4fe4-835c-2ef4315587fa',0,8,'da39cee9-b76f-4fbf-96cb-df009c37070f','ff4d119e-23c2-4957-b496-5288211c3a5c'),('24d40975-f4d2-408c-9759-634d333ca90f',0,8,'60c966d8-5be2-4dda-a4f5-876c00946807','5a7a4cd0-b554-4ec0-8125-5cee794bb003'),('24d50425-1291-453d-b9f0-af2ad5282880',0,4,'29f8ff0e-03a0-42db-96ca-a5d58f8b1f48','35c605c9-e89c-48ee-9d9e-954f5db38f4e'),('24d75af3-48f3-4f50-b92f-a4d7fc20743a',0,5,'68772719-89c3-48fc-8387-4b085caaf1f3','82713636-cce1-4ac7-9acf-0355347f0575'),('24e76121-3240-4e73-bcf4-2e97c2972902',0,6,'60c966d8-5be2-4dda-a4f5-876c00946807','c5fe6099-39ca-4feb-9692-5f86b0733812'),('252d478e-26fb-4bdb-b3be-726d0ff6549c',0,9,'bbc24b9e-dfeb-47c9-9d59-007d30d10a34','bd6d69ab-29fb-4b49-a8ed-5c8caa50bf47'),('25804e3d-c3b2-4953-acc4-30dc00836697',0,3,'0a86c2dd-7a07-434d-8f55-b3e9443b935c','47648088-386b-4d47-b6d5-3f2cd15c982d'),('262b14fe-c4e4-4c65-a9de-da10e4c72b0a',0,2,'0b0ee331-fc28-4e3e-ab1c-cdb20f4cef48','d2c84234-1048-4fe2-9228-cb1e58ec1e09'),('26473eef-2466-4937-8e01-61521a5c8cc3',0,8,'c604e8b5-661f-49b1-9104-fa8be5f459e4','35c605c9-e89c-48ee-9d9e-954f5db38f4e'),('26512da5-e49e-4815-b327-46e4fb08632b',0,5,'9d0d3d88-32ef-45e7-b7a6-bbc8a594efee','5b4292dd-1079-465b-8eee-4278f78cef08'),('2651ed1c-976c-4307-ae9b-24a1af22d6e0',0,1,'7a9dfd15-cb91-4658-bea8-6c42b5750d58','c5fe6099-39ca-4feb-9692-5f86b0733812'),('2656638d-991a-4b50-996c-e0a8be67c73f',0,9,'7f854e44-680b-4bdf-b727-8510b84dee3c','acd73895-b7b0-4e79-8f11-ce96efa50ff3'),('266645fe-6938-4268-a495-9dfe753aef1c',0,1,'1ff1047b-cbc1-49ea-813d-b581d0b783cd','457fb87c-956a-445e-8c4e-abd36e4fb3ea'),('26e14700-2313-46b4-aa88-d3fa7579ead2',0,9,'22ac9613-d50c-40a5-8a22-d0aec0d03a60','ff4d119e-23c2-4957-b496-5288211c3a5c'),('272252b5-de8d-4c4b-aae2-3fa3833ff820',0,7,'1ee8ce0b-d0ac-4391-ba2a-3df8b9d9f670','1456ac55-80cf-4ad4-991e-c463509adc6e'),('272aa4fc-6bc0-46b3-9b0b-bae1af0adc98',0,6,'162cb1d3-e6f4-4ca6-9c49-9a99d44fef43','5b4292dd-1079-465b-8eee-4278f78cef08'),('27377a8a-a568-4e1e-9663-dc38cb2fb30a',0,3,'5510d071-0865-4084-b4e4-9c508a47830d','5b4292dd-1079-465b-8eee-4278f78cef08'),('274f7d82-db58-4c3b-9422-3e8e676d6992',0,9,'02d07572-bd6d-44d4-a2a5-183c4e076782','1aeeb40e-4eef-4f0d-8942-bdebb4af9e07'),('276f89da-060a-4988-9def-35577e63f7c1',0,8,'6832d34b-acb3-4cb1-80b9-d2a490d225ef','e18251f3-ab0f-40a9-94da-30bbd2a1a4e9'),('27b60128-b9f6-4056-a087-19d13baf9aad',0,9,'67991217-cef2-408d-883b-56bda576d363','db32ab07-fcc7-487c-a8e9-fb8674b4411f'),('27c532e8-191b-49dd-9ae9-8490b53d2987',0,9,'24cf3294-a6e0-4062-ad53-92c04db002ea','ff4d119e-23c2-4957-b496-5288211c3a5c'),('27c708c9-80c2-4abe-8be5-5c2d1524ab3b',0,2,'a5e55da0-cca3-4589-b58b-be055034e8b4','17fb6029-2787-4855-9d09-550223e7e8ec'),('280e907e-c6ca-4a03-bfb4-f1d6eef03808',0,4,'0f66fb02-eb8c-46f6-8400-69008bfa7413','d31cd137-11da-4d24-92fd-f4a5d119be54'),('284db641-e956-4345-8fb2-bedb8f5563cd',0,4,'b0507722-7ff9-474f-a34c-a6aa50c192bf','5a7a4cd0-b554-4ec0-8125-5cee794bb003'),('28757db4-5807-4ecf-884a-905df368e47b',0,6,'ea6beb96-1f52-44d9-a9ec-09c63bf76830','c5fe6099-39ca-4feb-9692-5f86b0733812'),('289cef43-84a3-4755-b58f-7394157222c3',0,8,'ed174ae7-788c-4cf0-bce5-6e1deaf381a6','17fb6029-2787-4855-9d09-550223e7e8ec'),('2917a9c9-f2f2-4944-8803-de1e296f8d1f',0,4,'4c2d2f63-db85-4b38-b790-b697f4c0bc60','bd6d69ab-29fb-4b49-a8ed-5c8caa50bf47'),('29d3fc0f-c7d5-430f-96ff-cd998c31ebb5',0,1,'b24540fb-9f8e-4dd3-a6a0-f5fb8fb39dd7','5a7a4cd0-b554-4ec0-8125-5cee794bb003'),('2a0ff060-455d-4565-9f8d-9883f9eb4572',0,5,'9e0251e0-5a30-400a-913f-2019099192d1','5b4292dd-1079-465b-8eee-4278f78cef08'),('2a1af241-5c35-47d0-a17e-ab63d434b319',0,8,'8a5f8674-29c0-4bfa-a0c4-7ef3deaae60f','e18251f3-ab0f-40a9-94da-30bbd2a1a4e9'),('2a3ba70c-b1ab-44b5-a21b-d892366df97f',0,1,'7a36f7b1-4f61-4306-bfab-5814f1f202f1','21c95d07-7591-46d4-b837-f43cda311d5c'),('2a457ceb-9d67-433d-8cc7-7d9acf078905',0,8,'1032d596-13f2-4105-a5cb-7283dad424b5','bd6d69ab-29fb-4b49-a8ed-5c8caa50bf47'),('2a47292c-fda7-450f-bb12-0b35076a7ae1',0,5,'45dbda93-3b26-421a-9ba1-7e1b74f80fe1','d2c84234-1048-4fe2-9228-cb1e58ec1e09'),('2a8bfa52-a4f4-4b6d-9bf5-b400bc9116ed',0,6,'934f2962-f1a0-48e7-97fb-7409fdce0756','1aeeb40e-4eef-4f0d-8942-bdebb4af9e07'),('2afb8cee-e262-4c44-8861-4df08252de48',0,8,'c7416d74-2593-42a9-ab16-da425fc670c7','acd73895-b7b0-4e79-8f11-ce96efa50ff3'),('2b71e8cc-66a1-499b-9aee-4769e11e072b',0,1,'36dfc19a-7b5e-431e-9c9f-681468c6ce45','1aeeb40e-4eef-4f0d-8942-bdebb4af9e07'),('2b7bf5f3-5d26-47de-8539-167798242607',0,1,'7fcd5d24-286c-42c2-af97-dc85ba0b9380','28a5914f-5480-4f35-bc92-2172f9521f40'),('2b9952bb-6c98-4756-982b-41dfa440af92',0,1,'934b19a6-25bd-49bd-bf02-3dc290c0d97f','eac6d817-635e-4eb4-8ff4-2442cc3a0600'),('2b9af051-dfb4-4adf-9182-52eacb329b0d',0,7,'8adcaa0f-2344-4f7e-973f-3ee22d5df900','d31cd137-11da-4d24-92fd-f4a5d119be54'),('2b9bb02b-be1f-4781-928d-a82076e3d0cb',0,3,'dd50e77a-09b7-43a8-bb83-a693f64e0ad9','28a5914f-5480-4f35-bc92-2172f9521f40'),('2ba2e816-e6db-4656-8ffd-03aabf8ce676',0,7,'6c3a5550-e4d6-4ce0-9f01-b91bedfb6d3c','c2a38727-59a9-4ab1-9004-8bbc0f85f058'),('2bb28dcf-6f76-4da6-b9cc-8b67122cc739',0,4,'97fac04f-399a-47b3-bc89-8c97a6b74770','bd6d69ab-29fb-4b49-a8ed-5c8caa50bf47'),('2bcfcbcd-95db-4309-8c78-c687f43dbed4',0,3,'bfcd8f32-e729-4c39-bdc2-8439f122bdf7','d31cd137-11da-4d24-92fd-f4a5d119be54'),('2bf45233-9d6b-4677-8f1f-a71f4fdd136b',0,7,'9496e28c-829c-46ce-8957-ed6e177c6e55','d31cd137-11da-4d24-92fd-f4a5d119be54'),('2c294fa8-43ab-449d-ad84-c19e8a1ef372',0,9,'7133cfd8-b39c-4e49-a149-17b77d3ea3b9','1456ac55-80cf-4ad4-991e-c463509adc6e'),('2cd4c687-8aa0-45b2-b269-f065d8caf323',0,5,'d88b00b8-b342-41fb-b09d-00f053c29486','28a5914f-5480-4f35-bc92-2172f9521f40'),('2d2852a8-6295-40e1-ad93-0c5aeab3d709',0,2,'c2c77fd8-87dd-4088-84c0-3dcc09133f24','1dc61fc3-4792-41e8-b86a-5a44ef93c7f6'),('2d500d86-d62c-46c2-b403-a450dff91c78',0,6,'38db2a3e-ccbd-4685-bbf5-686eda2651e9','acd73895-b7b0-4e79-8f11-ce96efa50ff3'),('2d66d53f-c811-4d90-ad14-2b077783f0c4',0,8,'30cbf88b-97f8-4435-b0d4-0502505fc20f','d2e4394c-64cd-4332-a9b5-61c43c0ebaa8'),('2d706b09-75a7-4b86-a502-15a6492596dc',0,6,'098bccdf-51a4-4227-860e-d5198e75b032','1dc61fc3-4792-41e8-b86a-5a44ef93c7f6'),('2d952fca-410c-4537-9283-e1efdc19b2c9',0,4,'2eabfa8c-358e-4a87-bb54-99e06133954a','0989f354-f9ac-4e5a-a41e-fa0fa91c37f7'),('2da4884a-2286-4b1f-b845-9570278a8db2',0,8,'fc596a5c-9b4f-4128-ae00-996fdad51223','acd73895-b7b0-4e79-8f11-ce96efa50ff3'),('2e121984-e73f-4241-ada3-f90573693e78',0,9,'8dbd2325-e005-46f9-a7f0-e4098f3a229f','751e550e-48cc-4997-bebe-4de21904aace'),('2e381e29-c0aa-4869-99c1-2caeb2fc8406',0,1,'8ea4305d-0906-47cc-9abc-6fe106ce8d2c','1dc61fc3-4792-41e8-b86a-5a44ef93c7f6'),('2e53ac52-c0c2-44aa-8cba-58a78e498499',0,1,'dad3fcbc-2a89-42f6-bd1c-ef0806eed0e8','1aeeb40e-4eef-4f0d-8942-bdebb4af9e07'),('2e656d26-0011-4d7e-9245-07563557e16a',0,1,'18081660-c66f-4a24-9310-ea7020245ae9','ff4d119e-23c2-4957-b496-5288211c3a5c'),('2ea9a4ec-73cc-4436-be9d-70d3f260b8c5',0,6,'0c0ae971-42e0-4fe7-bd8e-cf3024918c55','5b4292dd-1079-465b-8eee-4278f78cef08'),('2ecf7110-a0c3-4e07-b15a-b878deaf444f',0,5,'e5cf9e46-bf56-41ea-9be5-282c09b7ba5d','bd6d69ab-29fb-4b49-a8ed-5c8caa50bf47'),('2ee75d25-256b-4676-9faf-3a033b13c547',0,5,'e796d91c-a2e2-488c-b295-a13b47e1caab','457fb87c-956a-445e-8c4e-abd36e4fb3ea'),('2f05d7b6-1fb8-456c-b3be-7971f5ae2c5d',0,1,'5c2d76ce-25bc-4ad0-acd0-e555864527e0','0989f354-f9ac-4e5a-a41e-fa0fa91c37f7'),('2f326546-7860-4ae5-ae0d-82104d0c9e80',0,2,'97fac04f-399a-47b3-bc89-8c97a6b74770','5b4292dd-1079-465b-8eee-4278f78cef08'),('2f375f2a-e201-4a31-bd39-93e560da1619',0,9,'0328af4d-13a4-48e9-bf5a-ad72911d7b77','eac6d817-635e-4eb4-8ff4-2442cc3a0600'),('2f8764f4-f0f8-4c2a-b2be-352a9a5b171b',0,3,'01f6062c-ffdd-4b51-a3d6-5b1098006ac3','bd6d69ab-29fb-4b49-a8ed-5c8caa50bf47'),('2fbc2822-1cb2-4a89-a1f7-0e0ef0c13291',0,3,'863f2e8c-a5d5-4807-b180-8aa8517f239e','0989f354-f9ac-4e5a-a41e-fa0fa91c37f7'),('2fd7a613-7d57-4f1b-bceb-90191199dcf3',0,2,'51cdcd4a-6471-4be8-9252-80b00eca7702','bd6d69ab-29fb-4b49-a8ed-5c8caa50bf47'),('2ff381ba-74c3-42f3-b5ff-642573b6d16b',0,7,'8c4b2fde-58d7-4850-b0a7-a7b6afd2ebb0','47648088-386b-4d47-b6d5-3f2cd15c982d'),('302da388-229f-4544-9f28-3558d8b639f0',0,4,'e561c91e-5e54-4637-ad18-fb512ba27519','1dc61fc3-4792-41e8-b86a-5a44ef93c7f6'),('30547d13-7930-4b3b-9e6f-a5c66d3aaa5d',0,3,'baf2232e-f6ba-4aa1-bd92-c0f65d83337b','3516265e-c183-4773-9115-24b3351e1c43'),('305de1a2-72e3-41e3-a59b-29dbf31720cd',0,1,'f6c848d3-f27a-4684-b0ee-c16580054f05','fea957a9-3dff-4d68-879a-7447eb491f86'),('3094536e-6e3a-4b26-af7a-d3095cca2d12',0,1,'4ea305d4-7d9c-43ba-a8b5-85660de1629d','db32ab07-fcc7-487c-a8e9-fb8674b4411f'),('30c2674f-b644-46ee-a221-676349c3ec31',0,5,'c0376133-469f-48a6-b1ff-b6f969ba47b8','eac6d817-635e-4eb4-8ff4-2442cc3a0600'),('30d67ca7-5ece-4d8a-896e-38a96e1491a0',0,5,'5bcc975b-ee9b-4e91-80a3-95cf39b939bc','01a8db3c-90e1-43e7-9954-7a2b77a38fe7'),('30f10efa-8998-4984-acc1-39ca145f9086',0,5,'0da6b850-8815-4689-9001-230141462093','eac6d817-635e-4eb4-8ff4-2442cc3a0600'),('310054a7-62b7-4d5d-9f12-08692ef50b0c',0,8,'c2ee67ed-24c3-419c-9147-5538266b1285','ff4d119e-23c2-4957-b496-5288211c3a5c'),('314aa95e-5cb6-4f6f-92da-1be55bc5b73e',0,6,'771d91d4-1f23-4a77-a773-da83be645861','1aeeb40e-4eef-4f0d-8942-bdebb4af9e07'),('3151aeaa-3199-4b6a-9487-fed5b0cd3fe3',0,6,'fd8101f1-e5cd-4fd7-9e78-e960ec797f7b','d2e4394c-64cd-4332-a9b5-61c43c0ebaa8'),('315ddde6-8529-4e15-9c5e-5e913c1c97cf',0,5,'d17108f8-9176-48fd-b323-e435916f0595','e18251f3-ab0f-40a9-94da-30bbd2a1a4e9'),('3189f48b-3daf-4c54-a07a-affacf474a4a',0,7,'dd783b44-1694-4d61-b90b-78ec95f460e9','c5fe6099-39ca-4feb-9692-5f86b0733812'),('31d894a4-e028-41aa-b42c-603369d1d442',0,7,'64a8f98b-2e94-4333-b4aa-56b78857bb2e','bd6d69ab-29fb-4b49-a8ed-5c8caa50bf47'),('31f5e333-0691-4ad2-9aa3-43a7b7109067',0,7,'842aeb65-8fe7-454f-a0f6-14a381b3b329','17fb6029-2787-4855-9d09-550223e7e8ec'),('320b89fc-2f05-468b-ba38-3dee7b7dcb6c',0,4,'9c4e98b6-16a4-49eb-8129-ff7de4d10b67','3516265e-c183-4773-9115-24b3351e1c43'),('321083ec-2773-42d4-9fcb-4d98183ce9f2',0,1,'be825058-64a4-4763-9559-05830e204ae3','d31cd137-11da-4d24-92fd-f4a5d119be54'),('322187a4-8891-4cd0-8e29-16918d74d9c4',0,5,'ec9fd05c-60a9-485d-aad6-1c2721bc28ec','d2c84234-1048-4fe2-9228-cb1e58ec1e09'),('3251e6da-1f93-4727-8057-9796971188ac',0,7,'52113c45-a9fe-46c9-ba56-833b6dcf9cbc','47648088-386b-4d47-b6d5-3f2cd15c982d'),('328cb1ac-c6b0-44e2-9618-740e2cddfd1d',0,9,'8a27bd7e-6c9c-42ea-9051-2d1fffeb0a2b','3ff8676f-f361-415b-823d-9f3e81dfc109'),('32c3e871-8139-49b3-8f0d-c8668a1b0ec2',0,7,'3dc40bd9-522c-4b01-bf5d-e63f477db5b5','01a8db3c-90e1-43e7-9954-7a2b77a38fe7'),('32db86a9-aedc-4dcc-b649-9f4c4c837946',0,9,'fd3d8b51-bd18-4087-9cac-4bd2178048c9','d31cd137-11da-4d24-92fd-f4a5d119be54'),('32f48b3c-e1f2-43a6-8676-cf57545a09a2',0,8,'03381042-6e00-4ecd-afd4-c5ebd3b8a9c6','3ff8676f-f361-415b-823d-9f3e81dfc109'),('337755a7-88be-45bc-aec5-5e99131e6777',0,3,'7a04df1f-923d-47c3-b95d-0369501fd24d','1aeeb40e-4eef-4f0d-8942-bdebb4af9e07'),('33c104eb-3388-4150-93ac-39f2396c6589',0,3,'6d31d103-21b4-494b-82db-28639d8d9523','0989f354-f9ac-4e5a-a41e-fa0fa91c37f7'),('34817456-3405-47f9-80fb-d2bbb289740f',0,4,'fe2a6721-53be-4ca2-8c74-d77309d8c76b','3516265e-c183-4773-9115-24b3351e1c43'),('34a259b2-adae-4760-b0c0-19ed8091f127',0,5,'6cbe6b8f-e170-4b03-a299-3f58872f88db','28a5914f-5480-4f35-bc92-2172f9521f40'),('34b51fe2-8cbc-4ab3-9af7-36186fc9f6ed',0,8,'132d4fb5-b018-4eb5-8f19-530cb76a8a30','d2e4394c-64cd-4332-a9b5-61c43c0ebaa8'),('3505259f-379f-45ed-a39b-f137d3da3fcf',0,6,'96e3d163-3549-45dc-86ec-e1f084cfe59e','457fb87c-956a-445e-8c4e-abd36e4fb3ea'),('352ab854-c506-4996-9833-c230eea4d196',0,9,'66c1a62b-25dd-471c-92e2-c8eecf5a505c','d31cd137-11da-4d24-92fd-f4a5d119be54'),('353ab4e3-6620-438b-a2fb-254229fffde1',0,9,'cf472aee-33f5-4ed6-be71-05800762c608','5b4292dd-1079-465b-8eee-4278f78cef08'),('359a8d35-3c05-45ce-a578-dcea56f15bb5',0,3,'04c0d0c1-552f-4959-a043-195a9bb76f42','3ff8676f-f361-415b-823d-9f3e81dfc109'),('35daaa7f-9a56-45ae-8bb5-5d3001363262',0,7,'08287068-f796-49f7-a4a5-340628db0e80','21c95d07-7591-46d4-b837-f43cda311d5c'),('360d30c2-06d3-4921-9395-c84e89001169',0,1,'ffce6d97-28fb-48c1-9171-a9119ea2a67a','35c605c9-e89c-48ee-9d9e-954f5db38f4e'),('361cd35e-bdbb-45c3-a1ee-b95cea3580af',0,9,'52fd2a55-1fd5-48f8-b5f1-9cd77553a863','acd73895-b7b0-4e79-8f11-ce96efa50ff3'),('363f286d-88a7-45f9-a775-f4209ce35582',0,4,'a587632d-423c-44f7-b7fa-23d55517930c','0989f354-f9ac-4e5a-a41e-fa0fa91c37f7'),('36a2ad4e-e6ef-461e-b48a-5617e21fd710',0,6,'8e90e634-85f5-4ae5-8d2b-da41bbc4624e','01a8db3c-90e1-43e7-9954-7a2b77a38fe7'),('36cb47d6-ea00-443d-8dfb-66ccd752410d',0,7,'2dac379a-412f-47b5-9da7-1cbd5ea146b7','3ff8676f-f361-415b-823d-9f3e81dfc109'),('36f91c5c-2573-422f-83ba-9e53eb407497',0,4,'1b6005cc-117c-4960-9c7f-5f854a47d16b','1dc61fc3-4792-41e8-b86a-5a44ef93c7f6'),('37006756-9197-47da-9a6c-4e2f894cbe48',0,4,'c26f9be0-965a-4a3a-bf2a-36b561f9fed7','c5fe6099-39ca-4feb-9692-5f86b0733812'),('370e4a82-13cb-479a-9d3e-59c677c65e3a',0,6,'986da53a-8712-48e9-bda8-4f8df6d03cbc','c5fe6099-39ca-4feb-9692-5f86b0733812'),('370f661e-307c-4f7b-8ad2-3cda68acf27b',0,1,'8dbd2325-e005-46f9-a7f0-e4098f3a229f','3516265e-c183-4773-9115-24b3351e1c43'),('37113453-9a7e-4e7f-9d3d-8fe2f514ad52',0,7,'01f6062c-ffdd-4b51-a3d6-5b1098006ac3','47648088-386b-4d47-b6d5-3f2cd15c982d'),('376c05de-bbe2-4ed5-9a42-595e0921d80f',0,6,'3b17da1b-b091-4927-ae5f-ed1845a4762c','acd73895-b7b0-4e79-8f11-ce96efa50ff3'),('377e73bd-2507-460a-b7f7-b13c637d5947',0,4,'bf60d1ba-1d3d-4e91-92ac-425de7443d5c','db32ab07-fcc7-487c-a8e9-fb8674b4411f'),('378c51fb-eb7f-4296-8a0a-4448b41a4b15',0,1,'463df603-74f9-4010-80ef-4eb86c31ae6e','47648088-386b-4d47-b6d5-3f2cd15c982d'),('37917c95-0a60-431e-8190-959db905a844',0,6,'bb593485-7dde-421f-a8fb-bbc56593a0fa','1aeeb40e-4eef-4f0d-8942-bdebb4af9e07'),('37a5d9a0-e31b-44aa-bc71-acf373087ca7',0,8,'f253cfc8-24bf-4fa6-b8d2-f700d051f0f5','d2e4394c-64cd-4332-a9b5-61c43c0ebaa8'),('37ae309f-e7b9-483b-a561-f934dcb763f7',0,2,'25732228-7d81-4b9b-8112-68f34970fc6f','5a7a4cd0-b554-4ec0-8125-5cee794bb003'),('37e46253-d65a-4ccf-b19c-505dee5ed591',0,7,'228938c1-c665-446a-898a-421d3fbcb75b','eac6d817-635e-4eb4-8ff4-2442cc3a0600'),('380b50e1-1a4e-45aa-ab84-c4096bbb89e7',0,2,'0328af4d-13a4-48e9-bf5a-ad72911d7b77','47648088-386b-4d47-b6d5-3f2cd15c982d'),('3849fb75-06f0-42c0-af37-394b738af2fd',0,5,'9371c7bd-cb47-4131-bdf5-b3f49e697d45','1dc61fc3-4792-41e8-b86a-5a44ef93c7f6'),('38730bf8-7fe0-473f-b5f9-0ff2e7181d0d',0,1,'bd51ed91-6634-4869-ab09-eea64b3c6ea0','5a7a4cd0-b554-4ec0-8125-5cee794bb003'),('38ad0de9-5d5b-40f7-9fc1-e8abc6df752f',0,7,'934f2962-f1a0-48e7-97fb-7409fdce0756','35c605c9-e89c-48ee-9d9e-954f5db38f4e'),('38d8eaf0-75ae-4cce-a19a-7064931d8145',0,4,'d102457d-ff88-44bb-8e28-aa3681f79906','fea957a9-3dff-4d68-879a-7447eb491f86'),('38e20f4e-cea5-4622-a348-773d0765e7ac',0,2,'4b82672f-3c8b-479a-bfb5-1f1d9b6f269d','acd73895-b7b0-4e79-8f11-ce96efa50ff3'),('391e232c-a2cd-4853-90ab-5b1013483294',0,7,'657647b5-8d49-42c5-bd5a-d412b677f5ee','e18251f3-ab0f-40a9-94da-30bbd2a1a4e9'),('39965006-130c-4df0-8f19-64a9b6a0126e',0,1,'8c4b2fde-58d7-4850-b0a7-a7b6afd2ebb0','ff4d119e-23c2-4957-b496-5288211c3a5c'),('39bfbbda-f773-460d-be4c-064165eba8e4',0,5,'fd5c9629-8af0-4fc1-b902-f58bf4b34a2a','1dc61fc3-4792-41e8-b86a-5a44ef93c7f6'),('39c8e1c0-a2de-494e-b89a-678005d27744',0,1,'15ece2cf-d8d1-4c3a-9b0d-d662780eb18c','39ac6733-9300-446d-8bfc-c1d6320328ed'),('3a05c8ac-17cc-4479-9f77-82a93a9ec0c2',0,2,'fad4b075-5fc9-4474-91d2-a6d01d756abd','751e550e-48cc-4997-bebe-4de21904aace'),('3a595360-92f6-4bad-a778-e52c4bf170c4',0,8,'e3912d5e-6c10-4c7a-8b2d-9b57a21c6cbc','ff4d119e-23c2-4957-b496-5288211c3a5c'),('3a5b0f5b-ce24-460f-a684-304468b4d444',0,3,'1a89d87c-7e29-4d68-9704-3beed37c5355','82713636-cce1-4ac7-9acf-0355347f0575'),('3a7c7659-df0a-484a-b454-68f4bff669df',0,5,'6b819e21-668e-4ea3-96a0-5a0f9e8fb124','fea957a9-3dff-4d68-879a-7447eb491f86'),('3a847158-0934-40c1-ab7c-b5114a9372bd',0,3,'0b83e064-275e-41fe-98d7-ebf5effc90ad','751e550e-48cc-4997-bebe-4de21904aace'),('3a853c6e-e70a-43e2-955e-a15708dcf9c8',0,1,'0d40e862-4a8e-474e-ae31-bdb2f3224610','0989f354-f9ac-4e5a-a41e-fa0fa91c37f7'),('3a9c3929-f4e4-4e84-8e6c-260b55a51164',0,6,'787fd4e4-9fa2-46e0-9946-5bf08a3219db','39ac6733-9300-446d-8bfc-c1d6320328ed'),('3ab770d6-f85f-43f1-9f88-3dfbb9f17072',0,1,'3455db9c-2ad3-4a29-aaa6-37283ba5e9ca','acd73895-b7b0-4e79-8f11-ce96efa50ff3'),('3ad64951-d728-412f-8d76-2c68780c858a',0,6,'213d6198-f3a5-4005-80ef-2660fbc5b05d','c2a38727-59a9-4ab1-9004-8bbc0f85f058'),('3b0b6dc5-52ec-4b66-a6f6-342ab9e780ea',0,1,'2f61d5ab-48cb-4c7d-be62-3fa2eb03eb8a','21c95d07-7591-46d4-b837-f43cda311d5c'),('3b139c76-f631-4602-9f25-8a8091debd24',0,4,'77f0958e-798a-4e49-b177-7f8b1d10ebd4','bd6d69ab-29fb-4b49-a8ed-5c8caa50bf47'),('3b38f13d-5a23-4412-95e1-a91428c32d3d',0,2,'7da5e0b8-7442-407f-ad7f-1a0a3bf29b23','d31cd137-11da-4d24-92fd-f4a5d119be54'),('3b536e88-08ed-4f47-8847-f22e1a00cb17',0,5,'9f0bea46-939c-4306-84b9-413e48edbb84','1456ac55-80cf-4ad4-991e-c463509adc6e'),('3b7ce6c5-fc27-49c2-82fb-3d7526a1ed5e',0,2,'d2cd65c7-4714-4cd1-bffb-ff835cebfbdb','eac6d817-635e-4eb4-8ff4-2442cc3a0600'),('3b9ed8f4-6a51-40eb-bfce-732b1d782156',0,3,'599712c5-43e5-41e1-b4f8-55c05c72fbf5','457fb87c-956a-445e-8c4e-abd36e4fb3ea'),('3c03a633-ade5-482c-97c9-01f33501ebe7',0,9,'a06528b1-1905-4a48-9150-24a5cc8d14e7','db32ab07-fcc7-487c-a8e9-fb8674b4411f'),('3c567e2b-6b41-4c74-8c23-d2c9440dc898',0,2,'3d0365be-8318-4a8e-b6e7-726eef5b2efa','1456ac55-80cf-4ad4-991e-c463509adc6e'),('3c58d567-e1cb-47f8-8b9c-4f97e85df928',0,1,'2f61d5ab-48cb-4c7d-be62-3fa2eb03eb8a','39ac6733-9300-446d-8bfc-c1d6320328ed'),('3ce16355-999a-472c-8ae1-bda170226224',0,1,'3d23b330-dc54-4b1b-99c1-b6422a7b074c','d2e4394c-64cd-4332-a9b5-61c43c0ebaa8'),('3d1cec0f-1faa-4981-a7cf-972d7b7c9159',0,9,'04c0d0c1-552f-4959-a043-195a9bb76f42','1aeeb40e-4eef-4f0d-8942-bdebb4af9e07'),('3d5e0875-0f63-4d5d-99db-7b542da9b8af',0,7,'b5260106-394f-4da8-abb9-42801061be2d','28a5914f-5480-4f35-bc92-2172f9521f40'),('3d628aa2-e2a4-4893-a47e-b15f2074ab47',0,3,'152e0feb-da4a-4b7c-8e8d-0a2d6ea8af81','1dc61fc3-4792-41e8-b86a-5a44ef93c7f6'),('3d6338c9-be24-4a7c-b051-92862fcbd31c',0,3,'9f53d7d7-f26a-4571-b8de-c71f4528a733','e18251f3-ab0f-40a9-94da-30bbd2a1a4e9'),('3da0e2f3-2f77-4bdd-81ee-2261fb64c7c3',0,5,'0e3f9c6b-74a8-436c-a5af-02c2198d349a','1dc61fc3-4792-41e8-b86a-5a44ef93c7f6'),('3e05363a-1a54-4bc7-975c-fc464bbebe99',0,6,'0f1d423e-eb6c-4bed-8d88-224f85e77718','db32ab07-fcc7-487c-a8e9-fb8674b4411f'),('3e1fb131-85d0-48a1-bc6f-4561ac1e9685',0,6,'f68219b5-df1c-4506-a748-3b91ddde3ad7','39ac6733-9300-446d-8bfc-c1d6320328ed'),('3e246e91-440a-424d-b54f-f337e3328f71',0,5,'a9865f3b-79e3-42e7-b32f-85e36575d02f','d2c84234-1048-4fe2-9228-cb1e58ec1e09'),('3e3fe2e0-d65c-466b-b06b-b5f689cbdfaf',0,6,'402dc3ae-5cd1-4e7e-9cc8-99de89236f4d','bd6d69ab-29fb-4b49-a8ed-5c8caa50bf47'),('3e47ed56-c63e-4e99-82e3-858fad3c83fd',0,1,'ed1271aa-d1c2-4df3-84cb-5f4342c434ae','e18251f3-ab0f-40a9-94da-30bbd2a1a4e9'),('3e574555-ad24-4718-b025-c3360d165098',0,5,'7d85a037-9aaa-4708-9931-fa71f3042662','17fb6029-2787-4855-9d09-550223e7e8ec'),('3eaebd1f-b6f3-4222-98f1-a0763fef4b91',0,7,'a8961388-c813-47f8-9a04-5de0bd4ecc62','82713636-cce1-4ac7-9acf-0355347f0575'),('3ed50098-311d-4659-ad20-8e49d7a784b3',0,6,'a2138f01-a5c8-49db-aaeb-052960d17c6a','d2c84234-1048-4fe2-9228-cb1e58ec1e09'),('3f08fa29-98ab-4c57-9f9d-266484f406d0',0,5,'86f56cb6-ff33-4add-abd8-14377d5286a6','1456ac55-80cf-4ad4-991e-c463509adc6e'),('3f3e1830-263f-49ca-ae17-b63d7a4dbb95',0,9,'4ea305d4-7d9c-43ba-a8b5-85660de1629d','1456ac55-80cf-4ad4-991e-c463509adc6e'),('3f6cd9fd-fcb7-4a4e-9bff-23e2e6c5f41f',0,5,'20be5acf-2f13-44c9-beff-8a8641c7d4a8','0989f354-f9ac-4e5a-a41e-fa0fa91c37f7'),('3f70030b-6c3e-4370-992c-96ce9d63a94e',0,2,'64568f5a-3c9e-469b-88ca-256f322e8d5c','eac6d817-635e-4eb4-8ff4-2442cc3a0600'),('3fb6141f-4e20-43e5-8327-1346a2e1e4d9',0,8,'89bdda55-9a48-4054-9b23-d669794c2458','5b4292dd-1079-465b-8eee-4278f78cef08'),('3fc86c86-56d5-4cf4-a8d4-507cc41978e5',0,5,'b4112ef1-6d85-4cda-8587-8cb1419b6851','1aeeb40e-4eef-4f0d-8942-bdebb4af9e07'),('3fcae854-4135-4d7e-8bb3-9bf2295bf1f3',0,6,'bdf28501-6f4e-4291-8753-6906b212155a','01a8db3c-90e1-43e7-9954-7a2b77a38fe7'),('40660e5b-0827-44f5-bd6a-eea1cb6ec9df',0,8,'87cb5e9c-1347-4265-9485-cdab669ca76d','db32ab07-fcc7-487c-a8e9-fb8674b4411f'),('4075da97-eae2-449d-90cb-7b9cf6516f65',0,1,'2a097208-6a7b-49ba-9a9b-7b091d91d679','35c605c9-e89c-48ee-9d9e-954f5db38f4e'),('40931846-5d2f-496f-a46f-3c1e87eb62c7',0,3,'1dfd46ed-29ed-47a0-9848-1303cb74be5b','0989f354-f9ac-4e5a-a41e-fa0fa91c37f7'),('40bf7dd7-4f9e-43f9-9234-a0b3b2323216',0,4,'9ece7239-24a8-432a-aa4f-741b84011ed1','35c605c9-e89c-48ee-9d9e-954f5db38f4e'),('40f96431-9c5e-4a8c-a59f-c2f8cae3bf4a',0,1,'3c9c78e3-c2b6-4970-ade6-d08e5277ebfa','751e550e-48cc-4997-bebe-4de21904aace'),('4114558a-3fc1-4a8a-8b8c-8062e84a28d0',0,8,'f40907b8-998f-44ff-9ee2-98aae5bf469d','fea957a9-3dff-4d68-879a-7447eb491f86'),('413caa37-efb3-4c9f-b30a-f80a0ea2cb0f',0,8,'a95ef279-d558-440e-9e51-434e8cd19809','fea957a9-3dff-4d68-879a-7447eb491f86'),('41438b5a-a190-441a-ad99-189c6e0d2c3d',0,6,'9e595ddf-2ff7-435f-99b8-8f768885fd5e','1dc61fc3-4792-41e8-b86a-5a44ef93c7f6'),('414e73a0-6d80-469f-b84f-87dbfa983586',0,8,'4df4f0a4-4c01-46be-a86b-eaee61e89e80','d2e4394c-64cd-4332-a9b5-61c43c0ebaa8'),('4172d505-a11e-4e95-abda-eb9827de5eb1',0,8,'a7782e68-cd6f-4e0e-84dd-073eff176780','1aeeb40e-4eef-4f0d-8942-bdebb4af9e07'),('41c65154-7b67-4244-9a6e-c65326b6ebca',0,2,'c9a67998-8826-4e54-bfd6-c92876c41e3b','acd73895-b7b0-4e79-8f11-ce96efa50ff3'),('42354e62-76b3-40b9-8bb8-b757e6876248',0,8,'4153710a-443c-42c6-8651-8140c3563f32','0989f354-f9ac-4e5a-a41e-fa0fa91c37f7'),('4246d160-4dba-4a5c-9204-c275c2ed8017',0,9,'baf2232e-f6ba-4aa1-bd92-c0f65d83337b','457fb87c-956a-445e-8c4e-abd36e4fb3ea'),('42657bc5-c457-4ca3-8212-12c701cbc2d3',0,5,'7fcd5d24-286c-42c2-af97-dc85ba0b9380','d2e4394c-64cd-4332-a9b5-61c43c0ebaa8'),('427ea042-632c-4eb8-aadf-c4c52876dcb6',0,6,'51e6c1f5-2651-4051-8da8-f9d5687242ac','1456ac55-80cf-4ad4-991e-c463509adc6e'),('429ff8aa-2d41-41ef-b0a7-d0814b76b3c8',0,3,'556698b2-eb21-44e3-a89c-a495d09545f6','82713636-cce1-4ac7-9acf-0355347f0575'),('42a061de-59bb-474d-9e02-90162533fc6c',0,1,'9355718a-020c-4205-bdf3-c7bfe2f87cb4','21c95d07-7591-46d4-b837-f43cda311d5c'),('42cc52af-8498-4805-92f4-5ea3030e3226',0,7,'0a86c2dd-7a07-434d-8f55-b3e9443b935c','acd73895-b7b0-4e79-8f11-ce96efa50ff3'),('441cd2d1-8d9c-41ed-973e-750806de1cbb',0,5,'436a14d9-6c11-468d-a4ae-ba34096aaf16','1dc61fc3-4792-41e8-b86a-5a44ef93c7f6'),('442e54b3-739a-476b-8506-4c86f6d6788a',0,2,'6695072d-5cbe-41c3-a34a-3087c50a33bb','d2e4394c-64cd-4332-a9b5-61c43c0ebaa8'),('4430918f-8267-4f64-b026-41b86117d91e',0,1,'34146e93-64f2-42e8-b0af-79cc2d6fa176','c5fe6099-39ca-4feb-9692-5f86b0733812'),('44515510-1c11-4d5a-8e0b-680bbe91f49f',0,3,'dcbc77d1-48d2-4994-8c49-e14acd2470da','39ac6733-9300-446d-8bfc-c1d6320328ed'),('4454b6fd-1eed-4a00-a24b-8eb094cb7ac1',0,5,'37fcb6ea-d48e-43a3-987f-e6c8344376c9','fea957a9-3dff-4d68-879a-7447eb491f86'),('4467eade-7531-4dc8-9483-82a7eaef1a94',0,4,'4f05f9c3-5350-48bf-b72e-b88bb5c53a38','82713636-cce1-4ac7-9acf-0355347f0575'),('4489238f-88f7-4e2d-9289-2ad35c5fbf8b',0,4,'4c2d2f63-db85-4b38-b790-b697f4c0bc60','3516265e-c183-4773-9115-24b3351e1c43'),('44d6a9dc-a279-4d12-9cab-e4edeeaa95e1',0,1,'0505a6a6-b7e3-4382-8fb9-78957ecfa26b','e18251f3-ab0f-40a9-94da-30bbd2a1a4e9'),('44e2eb5f-ebb5-4528-b43b-168890542859',0,7,'4ea305d4-7d9c-43ba-a8b5-85660de1629d','82713636-cce1-4ac7-9acf-0355347f0575'),('44f1abfb-9dfd-4fa5-a1fe-82aef7b28e2b',0,5,'75bcbc82-8af6-48ba-833d-25fdcd8b78c5','5b4292dd-1079-465b-8eee-4278f78cef08'),('457062a7-f6a1-49df-a88f-91a83aa9c5c7',0,1,'56ba007d-ce31-483b-bb5b-fee8d8e5e0b8','1aeeb40e-4eef-4f0d-8942-bdebb4af9e07'),('45d387d2-a01d-42ee-a2bb-0c1ccea5b2c1',0,1,'8f94a3f4-65c3-44de-8bdf-d9ce1679c311','01a8db3c-90e1-43e7-9954-7a2b77a38fe7'),('45e4fff5-702f-4711-b0e2-66cb5c8316f1',0,7,'d1fa579f-87b9-4217-b380-94961df1f395','82713636-cce1-4ac7-9acf-0355347f0575'),('460659a5-e4dd-4e24-9367-e3e4ce638f8c',0,9,'ebb85cc7-cb1b-4914-b7f7-9c1b9857f3f3','82713636-cce1-4ac7-9acf-0355347f0575'),('4653d75e-80f9-4b02-847b-ceefd6061f48',0,6,'566737f8-27a9-4e5d-82da-f001706aa5b4','c2a38727-59a9-4ab1-9004-8bbc0f85f058'),('4682d709-814b-452e-a81c-b76f1e70b0e3',0,2,'5bfba42e-37fa-40ad-aa80-6a19f90c69ef','bd6d69ab-29fb-4b49-a8ed-5c8caa50bf47'),('46f09ab7-e287-44fb-a861-1b2c9c9e408d',0,7,'c58644d8-991a-4e79-9e9c-fcc6ce5d422b','5b4292dd-1079-465b-8eee-4278f78cef08'),('472ee3fa-b755-4db5-b391-d1eb2d1ee409',0,4,'621fdcce-9ae4-4ea8-b3f5-48feb9452d1f','751e550e-48cc-4997-bebe-4de21904aace'),('4785cef0-6fbf-431f-a7f7-cfd192e3517a',0,4,'3f722231-226d-4059-9ec9-dc082d25774c','c2a38727-59a9-4ab1-9004-8bbc0f85f058'),('47c509cb-5472-45c2-aaf6-1794e5bc8632',0,9,'8a27bd7e-6c9c-42ea-9051-2d1fffeb0a2b','17fb6029-2787-4855-9d09-550223e7e8ec'),('47d7bbab-e24b-4d01-8521-1ab894f39a46',0,2,'cc2bb96b-64af-45fb-bd34-347646f018b6','1aeeb40e-4eef-4f0d-8942-bdebb4af9e07'),('47dc3dfc-2de6-4d19-a72f-85f3f7853f24',0,7,'4da3ade0-6405-41a4-b775-d6c6c8a52c74','ff4d119e-23c2-4957-b496-5288211c3a5c'),('47fb24f0-e007-46a5-8d1f-67b3c7425522',0,5,'adaa65ca-f6cd-4af0-a873-a800d2f001bd','01a8db3c-90e1-43e7-9954-7a2b77a38fe7'),('48114231-9d70-4eaf-baf1-675603a65576',0,6,'d45b0882-53d1-466f-a4d2-e78cc13177ed','28a5914f-5480-4f35-bc92-2172f9521f40'),('4811a249-7b0f-4388-a826-842d51afe1a6',0,6,'29dbe790-8ce6-4b76-85dc-db1865c88537','1dc61fc3-4792-41e8-b86a-5a44ef93c7f6'),('486f7df4-9a28-4e57-bf9e-cb919c65a3f6',0,1,'01eacbfe-c23f-42c4-9681-cf5df9414835','ff4d119e-23c2-4957-b496-5288211c3a5c'),('48701347-12c8-4dcc-bea9-1cda7d3ad305',0,4,'314789e6-0b2d-4a62-99ce-4e443fd23d5f','47648088-386b-4d47-b6d5-3f2cd15c982d'),('48ae75c8-85a0-453e-a76b-cca051cf9b2b',0,4,'3a4555b7-3ed0-4fe2-b003-aaf05b6dd967','47648088-386b-4d47-b6d5-3f2cd15c982d'),('48b87d4c-59eb-4d5e-9a6b-0564a58ce1c3',0,9,'b8bb6431-3db0-40d1-8e6e-2435ea9cc28f','d2c84234-1048-4fe2-9228-cb1e58ec1e09'),('48d8fb11-268e-4a62-b3b0-3264d71dfb65',0,5,'8f94a3f4-65c3-44de-8bdf-d9ce1679c311','1dc61fc3-4792-41e8-b86a-5a44ef93c7f6'),('492fc437-da11-49cf-b1b8-265fd54a4768',0,6,'c8c5e334-a999-4c66-b40b-82e42bba2a4e','c5fe6099-39ca-4feb-9692-5f86b0733812'),('4982a514-425d-426c-a092-44e4fca7e664',0,1,'9720b9df-0840-41c1-aece-0533eba3c54f','47648088-386b-4d47-b6d5-3f2cd15c982d'),('49d0b788-2ee8-4c51-819d-7e67c94ea7f8',0,1,'0d783fa7-89fe-4bef-a2eb-84ec9bc98dfd','1456ac55-80cf-4ad4-991e-c463509adc6e'),('4a17b80c-ae2b-460e-b3d9-03eb77df5f99',0,3,'c428debf-e37a-4026-acb6-3cc75f0ba79e','bd6d69ab-29fb-4b49-a8ed-5c8caa50bf47'),('4a30f71a-c900-46a9-9c42-e7aab31ff21a',0,4,'069077a4-cce8-47db-b8a9-d28e984f9353','1aeeb40e-4eef-4f0d-8942-bdebb4af9e07'),('4a8c3bb5-ea45-4ad0-bf3e-08d4028b04c1',0,6,'98fc215b-1bff-48aa-9211-0881d9c605fa','d2e4394c-64cd-4332-a9b5-61c43c0ebaa8'),('4ac6de54-412f-45f8-b00b-08b166f3be4d',0,5,'bb593485-7dde-421f-a8fb-bbc56593a0fa','5b4292dd-1079-465b-8eee-4278f78cef08'),('4b458239-b9c5-4201-b80c-755e24feae33',0,9,'f7d0846f-eb6f-4a32-bcb4-bcacdc07c0ba','21c95d07-7591-46d4-b837-f43cda311d5c'),('4b4c7ebc-571b-423c-b382-a346408094b7',0,2,'6fc5120d-4dc4-403f-8960-6319c0b072a3','0989f354-f9ac-4e5a-a41e-fa0fa91c37f7'),('4b559260-e392-4965-8543-5075b8c136a8',0,3,'0a3bd66a-bc4b-4cf5-a090-73a4d18998fa','17fb6029-2787-4855-9d09-550223e7e8ec'),('4b67c28e-c285-48d4-99e1-e137f39675f1',0,4,'b86aa98b-42a9-41b8-8298-f2cc59dba62e','ff4d119e-23c2-4957-b496-5288211c3a5c'),('4b83169c-31ee-4744-bddd-9eeba8d54292',0,6,'d04ddbc5-9938-4e71-bfe0-ceae919676b3','ff4d119e-23c2-4957-b496-5288211c3a5c'),('4c180b73-befa-4aad-b537-0c587601d690',0,3,'9e6117e1-890f-4be9-b76a-3e65afaa06dd','c2a38727-59a9-4ab1-9004-8bbc0f85f058'),('4c18d48c-589b-4d69-a4c7-f3ddfdfe53b9',0,7,'cf7bc534-8774-4b3e-8748-35c98898abcc','21c95d07-7591-46d4-b837-f43cda311d5c'),('4c45c8c2-8e8c-4cd6-92c7-22aafd818e34',0,4,'9efd5d8a-8fcf-4c70-8171-9d067dc09fb0','751e550e-48cc-4997-bebe-4de21904aace'),('4cccd20f-d64d-4d7a-97f7-d97c9b488d0c',0,6,'2defd017-3b2b-47fe-b34c-7da195e2aa35','457fb87c-956a-445e-8c4e-abd36e4fb3ea'),('4cf32ee2-8031-44cc-9193-eba195590643',0,5,'0e88d657-72d2-4c46-9d50-d2239234797a','28a5914f-5480-4f35-bc92-2172f9521f40'),('4cf4c12c-a15d-4fc4-ac8e-757a76b5cb56',0,2,'508f0d69-b597-4a2e-8d0b-afac60292da0','17fb6029-2787-4855-9d09-550223e7e8ec'),('4cfca20f-940e-420e-8484-957fc8a71e14',0,4,'915bb819-9445-44be-b838-fd406e6ada47','d2c84234-1048-4fe2-9228-cb1e58ec1e09'),('4cfe3b2e-ed97-42ba-bf81-54f1e1db269a',0,9,'68d21877-7669-46ad-baa8-63cfdbf87a40','0989f354-f9ac-4e5a-a41e-fa0fa91c37f7'),('4d2108c0-aebd-43d3-9b78-607d734ba205',0,5,'e51f0283-603f-4863-8986-ff42e13d62ce','5b4292dd-1079-465b-8eee-4278f78cef08'),('4d40aa00-0f78-4166-8678-446c80aeaa27',0,2,'771d91d4-1f23-4a77-a773-da83be645861','5a7a4cd0-b554-4ec0-8125-5cee794bb003'),('4d47f263-262d-4625-beeb-5c0f5b816ea3',0,2,'bbc24b9e-dfeb-47c9-9d59-007d30d10a34','751e550e-48cc-4997-bebe-4de21904aace'),('4d83ce74-3a28-4208-99ae-8d3eacfa83b3',0,3,'e93a86a1-a055-43d5-8bb4-3f67ccf983a8','d2c84234-1048-4fe2-9228-cb1e58ec1e09'),('4dab8c47-6f2f-4003-807c-64d11b42a2dd',0,1,'a5ec8fab-70cd-4167-b6a0-71e5b9145853','ff4d119e-23c2-4957-b496-5288211c3a5c'),('4de6d1cf-1e87-4045-9bff-1f675be493b6',0,1,'d39a666d-c774-40c4-b808-27e67bd05d23','e18251f3-ab0f-40a9-94da-30bbd2a1a4e9'),('4de9eb14-34cf-408b-b3c2-842ce16c794f',0,7,'e93a86a1-a055-43d5-8bb4-3f67ccf983a8','eac6d817-635e-4eb4-8ff4-2442cc3a0600'),('4e06e4c2-a5b5-48e4-a5b6-cf8389181a91',0,8,'452612d8-6781-46e9-a675-60c567bad7de','e18251f3-ab0f-40a9-94da-30bbd2a1a4e9'),('4e0cb2b9-59d1-4136-ab48-34336c47bc86',0,5,'274c79eb-bc5a-4c46-95c3-952a9c247dd5','ff4d119e-23c2-4957-b496-5288211c3a5c'),('4e3ad7be-bafa-4898-9bde-c5144d5f37c1',0,1,'e75d6a05-fbc5-481d-858e-9bb0b9af0728','3ff8676f-f361-415b-823d-9f3e81dfc109'),('4e59a3f8-826e-4514-b59c-b34067cbd598',0,7,'3d0365be-8318-4a8e-b6e7-726eef5b2efa','ff4d119e-23c2-4957-b496-5288211c3a5c'),('4e7038fe-188a-40b2-985d-31c555edbeb7',0,8,'22a7efdc-736d-4b77-87c3-a8c85885cb0e','5b4292dd-1079-465b-8eee-4278f78cef08'),('4e73f211-2d6c-433d-94f3-8313f82f4415',0,4,'386fcb25-56dc-471b-ad14-01c39bac0879','5a7a4cd0-b554-4ec0-8125-5cee794bb003'),('4e76a6d2-8d31-4c36-aeca-337cf7c597e4',0,4,'098bccdf-51a4-4227-860e-d5198e75b032','39ac6733-9300-446d-8bfc-c1d6320328ed'),('4e987e03-494c-41cf-a09d-cd7a93b9c734',0,8,'453dff48-aa98-4754-858c-cbd0bff87934','d31cd137-11da-4d24-92fd-f4a5d119be54'),('4e9eb7d2-d50a-43ee-b750-cd5796169eff',0,3,'67b8d936-442c-4d8b-abc2-008540271ec7','5a7a4cd0-b554-4ec0-8125-5cee794bb003'),('4ea4537c-594c-4dae-bef8-9ea134100872',0,1,'8b1314e2-42ae-4a77-b3fc-5217cb5ce50d','01a8db3c-90e1-43e7-9954-7a2b77a38fe7'),('4ebdde0d-73ec-4e68-82f8-a4766141a436',0,8,'68d21877-7669-46ad-baa8-63cfdbf87a40','e18251f3-ab0f-40a9-94da-30bbd2a1a4e9'),('4ef98de4-7425-49cc-9d03-0d4f67eec4af',0,7,'daffc56f-a16a-48a5-929f-8820c65cadb7','751e550e-48cc-4997-bebe-4de21904aace'),('4f03e373-278e-493b-bdb7-3cefe16ae3fd',0,1,'0d783fa7-89fe-4bef-a2eb-84ec9bc98dfd','39ac6733-9300-446d-8bfc-c1d6320328ed'),('4f068047-eb1a-473d-b648-ff1a5748855a',0,1,'b8bb6431-3db0-40d1-8e6e-2435ea9cc28f','35c605c9-e89c-48ee-9d9e-954f5db38f4e'),('4f09657b-5168-4f2c-969b-4ba6d25e676d',0,8,'c9a67998-8826-4e54-bfd6-c92876c41e3b','28a5914f-5480-4f35-bc92-2172f9521f40'),('4f21d340-d6c0-4522-b914-29f29bab0b13',0,6,'e781a949-1c4a-4ad2-8322-846537779d71','e18251f3-ab0f-40a9-94da-30bbd2a1a4e9'),('4f3b2691-7c8f-428a-b4ca-f74734ee06e0',0,6,'c3c9a103-7777-4af5-b7cb-a2b4f0254cd4','c2a38727-59a9-4ab1-9004-8bbc0f85f058'),('4f90ff8d-347a-423d-914d-bef6437e5657',0,5,'9fc57cc9-2ff7-40d3-97e1-f21e6b5dbafa','d31cd137-11da-4d24-92fd-f4a5d119be54'),('4f93c2f5-049e-490f-8b17-7291aa207a03',0,1,'4160206e-fc37-482f-817e-9484b114f5db','5a7a4cd0-b554-4ec0-8125-5cee794bb003'),('4f952316-3580-4c1f-8f61-817724b28dbe',0,9,'8c4b2fde-58d7-4850-b0a7-a7b6afd2ebb0','1dc61fc3-4792-41e8-b86a-5a44ef93c7f6'),('50196eb1-a50b-46c5-ab64-255dc0c713af',0,8,'ea4e3114-1692-4c06-981e-be1a5aedcdae','47648088-386b-4d47-b6d5-3f2cd15c982d'),('5064d561-b50d-4581-979f-c54dc6692fdf',0,2,'220dfe25-92b3-4cad-b3a5-3af2f7eb9c6e','751e550e-48cc-4997-bebe-4de21904aace'),('50849166-de25-414e-a5ba-f79a2be67e27',0,9,'f6c848d3-f27a-4684-b0ee-c16580054f05','457fb87c-956a-445e-8c4e-abd36e4fb3ea'),('50935170-c86b-4dcf-a03a-749cc9fad940',0,4,'fcb95d7d-ac3e-4baf-9d65-1058682e4e70','1456ac55-80cf-4ad4-991e-c463509adc6e'),('51366e82-94e8-48f6-b757-533c237ce945',0,7,'e7a53282-865e-42a4-b251-6988605b07db','01a8db3c-90e1-43e7-9954-7a2b77a38fe7'),('51371565-0c70-48be-91f7-6f7185086222',0,4,'4310684e-3ede-4943-9ed3-8fa698e5d868','1aeeb40e-4eef-4f0d-8942-bdebb4af9e07'),('5164dc4c-b58e-46e1-9953-74b5e438623d',0,4,'a1820eed-9c42-4e1b-bffe-b65cd3524a47','5b4292dd-1079-465b-8eee-4278f78cef08'),('51661167-280f-4a7b-89f4-9693f94df55a',0,3,'c65e4e78-d124-413b-9a12-1cb01ae1a5fa','db32ab07-fcc7-487c-a8e9-fb8674b4411f'),('5189de5e-91b6-43f5-902e-31206cfe0dad',0,2,'813cde21-661c-4bf7-bde5-b40716f93e3a','35c605c9-e89c-48ee-9d9e-954f5db38f4e'),('5197f6f7-6897-4f12-9d77-e8aa1aef0daa',0,8,'b1c934bc-c7c3-485a-a34f-eee43b962dc2','e18251f3-ab0f-40a9-94da-30bbd2a1a4e9'),('51c901ff-3b47-41d1-a708-4deeff6964f9',0,6,'508f0d69-b597-4a2e-8d0b-afac60292da0','3ff8676f-f361-415b-823d-9f3e81dfc109'),('51f1dad9-765a-4934-a9d4-b52a3061740f',0,9,'f68219b5-df1c-4506-a748-3b91ddde3ad7','751e550e-48cc-4997-bebe-4de21904aace'),('51feb106-133c-4078-9fc6-ab5089034fa4',0,4,'4a7f3873-1ff2-49f2-994b-9445c219d256','1dc61fc3-4792-41e8-b86a-5a44ef93c7f6'),('5208f68d-8b3e-418b-b383-6bf22729d9fd',0,5,'b9a5491f-badc-46cb-874f-6c84e4ca98b4','bd6d69ab-29fb-4b49-a8ed-5c8caa50bf47'),('526cc6c5-facc-41b0-ae95-c87c6711583c',0,8,'d418a7b2-cd52-4a1f-8393-d9cbbdd22834','acd73895-b7b0-4e79-8f11-ce96efa50ff3'),('52a04f3f-cb12-4f9a-9025-d4e7a3f8c3f7',0,8,'eae39376-2453-4bf5-97db-66cd11cec0ba','21c95d07-7591-46d4-b837-f43cda311d5c'),('52f1b3e5-0616-4a45-81a2-52d2ef3f28e4',0,1,'5b7742ed-0012-4f2e-9a23-044519d99f6f','c5fe6099-39ca-4feb-9692-5f86b0733812'),('5333ec47-f02b-4fea-b60f-6f875cb46c1c',0,7,'dd7fe446-aca9-4f39-8761-0cad5e7cbe46','c5fe6099-39ca-4feb-9692-5f86b0733812'),('53544959-6471-4a6d-9a28-c4e89ecd39fd',0,4,'67b8d936-442c-4d8b-abc2-008540271ec7','39ac6733-9300-446d-8bfc-c1d6320328ed'),('53d0ba1a-5e4b-4146-b664-65c521d9c937',0,1,'084e71eb-77e8-4a59-8aef-48bf8379137c','c5fe6099-39ca-4feb-9692-5f86b0733812'),('53ecb3e1-4bc6-441e-85d9-f42dac6fc704',0,2,'f457e8e0-5726-45a9-b386-3833d1426518','d2e4394c-64cd-4332-a9b5-61c43c0ebaa8'),('540bfbdf-09db-4e38-a78d-624f3c0d7b4f',0,1,'02d07572-bd6d-44d4-a2a5-183c4e076782','39ac6733-9300-446d-8bfc-c1d6320328ed'),('541bac61-aae8-40bb-8458-71b4aec9d7e1',0,1,'eb1f9652-e7bb-4f0c-b4e1-aeddcdf5d947','35c605c9-e89c-48ee-9d9e-954f5db38f4e'),('5494c6e1-ad76-4e35-8dcf-03bc346d18b0',0,1,'1bfb2c7e-d9f5-49de-b861-2d6ca7d7ad37','fea957a9-3dff-4d68-879a-7447eb491f86'),('54bd6444-d7d0-4e7e-96bc-dca1d091f4d4',0,6,'8e90e634-85f5-4ae5-8d2b-da41bbc4624e','35c605c9-e89c-48ee-9d9e-954f5db38f4e'),('5506bde7-c3e2-4f12-9b61-8967f50b1795',0,1,'c1dffcae-f992-42c1-947d-b26637d2fded','0989f354-f9ac-4e5a-a41e-fa0fa91c37f7'),('552381da-0f6a-42ce-9d8d-4dc430a8287b',0,1,'52113c45-a9fe-46c9-ba56-833b6dcf9cbc','28a5914f-5480-4f35-bc92-2172f9521f40'),('55279860-7c87-4be1-b140-2146daead20f',0,2,'7da5e0b8-7442-407f-ad7f-1a0a3bf29b23','3ff8676f-f361-415b-823d-9f3e81dfc109'),('55731003-9f55-4ce3-a60b-1426d9decd4d',0,7,'29dbe790-8ce6-4b76-85dc-db1865c88537','d2e4394c-64cd-4332-a9b5-61c43c0ebaa8'),('55a4a33f-9982-48f6-a7e0-4b9128cad947',0,1,'b15d57a3-80ca-4140-a50c-91515ad7d2f3','ff4d119e-23c2-4957-b496-5288211c3a5c'),('55b139f7-9aaa-4ff8-8a37-61de2d1986ae',0,2,'62f5a90a-2c5b-4e0d-a111-1ebc8cd0589a','01a8db3c-90e1-43e7-9954-7a2b77a38fe7'),('55c5c604-68cb-4839-98e1-bdebffe81782',0,1,'7133cfd8-b39c-4e49-a149-17b77d3ea3b9','1dc61fc3-4792-41e8-b86a-5a44ef93c7f6'),('5635075f-a42f-43fd-b267-395d21b2b279',0,4,'8f9b342c-f84a-4ee5-98cc-654fd63cf113','5a7a4cd0-b554-4ec0-8125-5cee794bb003'),('56403338-36e6-426e-a929-b671fdb24b80',0,3,'69aa2bc1-dea5-41ab-b90a-c26e5b362ac5','35c605c9-e89c-48ee-9d9e-954f5db38f4e'),('564c458a-cdd0-4039-bc8f-2b5a9002663d',0,1,'6abe4b85-9594-4803-8b8f-68f56ccda855','28a5914f-5480-4f35-bc92-2172f9521f40'),('564c63a5-b8ec-46d4-9031-17091c991767',0,2,'8f5df9f5-5e9e-49b2-83f3-915c152305fc','eac6d817-635e-4eb4-8ff4-2442cc3a0600'),('5663c36e-13cb-4eb4-9e5d-70942ac5f622',0,1,'f68219b5-df1c-4506-a748-3b91ddde3ad7','e18251f3-ab0f-40a9-94da-30bbd2a1a4e9'),('56822300-dc4d-4412-afb1-9e27abdb3bef',0,3,'556698b2-eb21-44e3-a89c-a495d09545f6','c2a38727-59a9-4ab1-9004-8bbc0f85f058'),('56a78186-327d-4302-9998-09936c420a91',0,4,'a7cb514e-57a8-41cd-8f0b-16df44d716fb','751e550e-48cc-4997-bebe-4de21904aace'),('56c3695c-e354-4c4d-b752-03ae19676458',0,7,'5fed70d4-e3e4-4898-80ac-57e3a7adb009','1dc61fc3-4792-41e8-b86a-5a44ef93c7f6'),('56ce7996-9e45-4db1-98cb-f03070296090',0,4,'e01c53d0-cfe6-44a9-b36e-26138b7bb02e','fea957a9-3dff-4d68-879a-7447eb491f86'),('56d71ba8-49ac-4986-a203-e9376fd9e304',0,3,'d00a8523-a671-4f32-8c4e-c6e10ec8ba34','39ac6733-9300-446d-8bfc-c1d6320328ed'),('56e2393d-a2e4-4a59-8f51-002086102d40',0,8,'f9e128f2-b0cc-4090-8d7a-2aecae6b9394','82713636-cce1-4ac7-9acf-0355347f0575'),('56e69d3a-d924-4c54-b370-c139adb52251',0,3,'72482c6b-02c5-4750-ab1c-8380c883f55b','1456ac55-80cf-4ad4-991e-c463509adc6e'),('5709fb32-1247-42b0-9576-8827b2f8a0e5',0,9,'166abc6b-9719-45cb-965b-f5956d4c5265','c5fe6099-39ca-4feb-9692-5f86b0733812'),('571e2964-2677-4895-ac9d-d15fbee6f646',0,4,'cd67a082-1866-44f4-87f3-67375cfcb026','bd6d69ab-29fb-4b49-a8ed-5c8caa50bf47'),('57344b5a-01d5-4150-ba6f-12118ef37980',0,9,'d177187b-4046-46c8-897f-cfcacd1d3a8c','bd6d69ab-29fb-4b49-a8ed-5c8caa50bf47'),('5749a97d-3bef-4f8a-8310-417a663dbd85',0,3,'3adc11cc-9bff-4ed8-abf0-656c09984254','ff4d119e-23c2-4957-b496-5288211c3a5c'),('578f3f78-fdb5-4c3f-9ad1-1d79feb5eed7',0,6,'71655f7b-28f9-44b5-a1d5-6fa1064e18b7','0989f354-f9ac-4e5a-a41e-fa0fa91c37f7'),('57948579-ad00-448c-8d52-47f33db8c25a',0,7,'6e477e7a-2f90-45a2-ba18-4a4930130ff6','457fb87c-956a-445e-8c4e-abd36e4fb3ea'),('579849a7-2b12-4fa7-8c3b-43333d5dd380',0,5,'da569fb1-2385-498b-9948-e5e273c738c4','c2a38727-59a9-4ab1-9004-8bbc0f85f058'),('57d693b3-5866-46f7-9a09-2bd591be798c',0,7,'621c0cc3-1df8-48f1-9830-576da95752fb','39ac6733-9300-446d-8bfc-c1d6320328ed'),('581187cc-d8c9-4707-b2d6-6d0377febb5b',0,2,'3bb1e953-cb09-4c51-abfc-8f8c1e8afe75','39ac6733-9300-446d-8bfc-c1d6320328ed'),('58436cdc-771d-4532-9853-077014da0a02',0,6,'c05e80ff-2101-47dd-a974-45ed16e14e9d','28a5914f-5480-4f35-bc92-2172f9521f40'),('586ba10d-0257-44b3-adce-48ab057967c5',0,2,'b5260106-394f-4da8-abb9-42801061be2d','c2a38727-59a9-4ab1-9004-8bbc0f85f058'),('586f8822-2c83-45c1-9c13-600312e93d55',0,5,'cf393049-92f9-4351-a885-b75d01e3303b','ff4d119e-23c2-4957-b496-5288211c3a5c'),('58aabf67-4bc3-43be-a486-284769efb039',0,4,'faa2577f-638a-4da2-8404-b969b60a22c3','d2c84234-1048-4fe2-9228-cb1e58ec1e09'),('58e1af6c-b1ee-47ef-9ed2-99e1259f35db',0,6,'cd37ab65-7743-4aeb-95f1-ed5ef72521a9','28a5914f-5480-4f35-bc92-2172f9521f40'),('58fa218d-1e85-48f2-ba84-cbcecd91f5fa',0,6,'44fabf8c-d975-4fdf-a17e-3581228ef91f','c5fe6099-39ca-4feb-9692-5f86b0733812'),('5905e412-d33b-4eea-90a0-bd1b7ca5c17d',0,1,'7d4c9ad6-45d7-47ba-aa7d-58f95de17037','47648088-386b-4d47-b6d5-3f2cd15c982d'),('598966ab-5bed-4527-8145-3c42451a0894',0,8,'021b0276-20dc-4910-aceb-aac4612e121d','c2a38727-59a9-4ab1-9004-8bbc0f85f058'),('598fe38f-1f5a-436b-b4d0-aea6f9dba8fa',0,3,'dffd6df1-0fbc-462c-9a0a-ac214068eb98','d2c84234-1048-4fe2-9228-cb1e58ec1e09'),('59ca1f8b-951f-4379-9485-80fa9588aac4',0,9,'0bb746f2-0bff-40ba-81d9-76ee39938310','db32ab07-fcc7-487c-a8e9-fb8674b4411f'),('59d47aa9-e435-4bbd-8599-34b164012a11',0,4,'13e65779-f4b3-4511-a38c-a2a0785d9908','82713636-cce1-4ac7-9acf-0355347f0575'),('59edd373-a293-4ec0-bc6b-4d204ff86fe3',0,8,'230a6dfd-2270-41b7-95e2-76f5b1885101','1dc61fc3-4792-41e8-b86a-5a44ef93c7f6'),('5a473051-a5e5-4b2d-9a06-5e606592699c',0,2,'d3ce4598-9de4-4f23-86f1-efee394fb5a0','82713636-cce1-4ac7-9acf-0355347f0575'),('5a8a7a27-fc32-4652-b8e1-3cbe11ffde89',0,6,'9b5427f5-ea08-4f90-af5a-89368630b6eb','eac6d817-635e-4eb4-8ff4-2442cc3a0600'),('5aa46f1b-a20c-45cb-bb79-34e5eba23ae2',0,2,'8c5a79ee-b997-4943-a741-19c773fcdd7d','1dc61fc3-4792-41e8-b86a-5a44ef93c7f6'),('5aa86209-a73e-4639-83c5-68eeef20c13d',0,1,'4106c6ac-22b7-4ed9-8670-d35133099ce9','3516265e-c183-4773-9115-24b3351e1c43'),('5aae7e26-42d9-4f6c-b8c8-9377c7a87060',0,7,'fea16e4d-51a9-4847-82ff-6f622609b06b','457fb87c-956a-445e-8c4e-abd36e4fb3ea'),('5b2bc917-402e-4a1e-bfd4-6f4920f81a21',0,1,'bd8ef60f-a4f3-497f-af40-97417cf60b92','e18251f3-ab0f-40a9-94da-30bbd2a1a4e9'),('5b842c07-101f-4c44-acd4-9195a6711a1c',0,8,'4535cfda-27cb-40be-8b5c-ccb3ee3d6a91','01a8db3c-90e1-43e7-9954-7a2b77a38fe7'),('5bf3ff0d-9a79-43d7-a60d-fe00b2fc868f',0,9,'8ced31bf-b1f5-4d43-84a0-73b4a6d59eac','47648088-386b-4d47-b6d5-3f2cd15c982d'),('5bf6352e-ab25-47c6-89a9-681d50db3ec9',0,3,'73e87a7c-7e4f-4b9a-8d22-c7d2e83cdbed','21c95d07-7591-46d4-b837-f43cda311d5c'),('5c09aa78-b7e9-4f7e-8114-908408047b43',0,9,'4efa09dd-d8ad-469c-84cc-68b24f82e36e','5a7a4cd0-b554-4ec0-8125-5cee794bb003'),('5c3c01e5-f7fd-4166-b740-d2050100731c',0,1,'8ced31bf-b1f5-4d43-84a0-73b4a6d59eac','1dc61fc3-4792-41e8-b86a-5a44ef93c7f6'),('5c6e3077-c029-4b84-a814-fd9c2a824688',0,1,'98fa0dc6-d1a3-4a18-9b4e-b87bf2924e1b','bd6d69ab-29fb-4b49-a8ed-5c8caa50bf47'),('5cdea820-4cc3-46c1-a67b-bc9d814803f2',0,4,'afe095f7-4aba-4368-aafc-e3944a610670','457fb87c-956a-445e-8c4e-abd36e4fb3ea'),('5d082a62-037a-416e-a77a-73717eef4945',0,9,'a44f42fc-1dfb-4e54-844f-c8159b3c50c4','ff4d119e-23c2-4957-b496-5288211c3a5c'),('5d514179-2354-49a0-81f6-9d66081e0f8d',0,6,'5bbcc95d-9b24-4216-9428-73860abbcd6b','3ff8676f-f361-415b-823d-9f3e81dfc109'),('5d9c2657-902d-44eb-8d5f-ee3a032b1ae5',0,1,'c9ff67bf-ee78-4ec9-8723-6f3f0cf841c2','5a7a4cd0-b554-4ec0-8125-5cee794bb003'),('5e1457f4-44b5-43c7-ada8-206f3d7e863a',0,4,'e45c6e90-75a0-4457-9cb4-5e616eed54b2','0989f354-f9ac-4e5a-a41e-fa0fa91c37f7'),('5e6bbc3e-e6ff-4e48-8f6c-51487c2f9620',0,6,'10bbde71-431a-4873-a4a1-75d036f05666','d2e4394c-64cd-4332-a9b5-61c43c0ebaa8'),('5eaa0074-51cd-4faf-a959-5dec22d57794',0,7,'a8d6e3bb-5119-4b06-9668-5ac63cdfd74e','01a8db3c-90e1-43e7-9954-7a2b77a38fe7'),('5ef8da3a-fe10-486b-bcc9-1efbe21c414d',0,9,'e6e137c6-dec1-4cd9-a4cf-40e1726adaae','0989f354-f9ac-4e5a-a41e-fa0fa91c37f7'),('5f255a21-e572-4b3c-b547-5d536a84589c',0,8,'a587632d-423c-44f7-b7fa-23d55517930c','751e550e-48cc-4997-bebe-4de21904aace'),('5f4e5910-391c-48f9-9a84-46f98b9f8ddd',0,7,'e90dce83-3983-425e-b9a0-f1b54f7ca2df','d2c84234-1048-4fe2-9228-cb1e58ec1e09'),('5fc96ead-d011-4337-8854-e16007269e45',0,8,'2a097208-6a7b-49ba-9a9b-7b091d91d679','c5fe6099-39ca-4feb-9692-5f86b0733812'),('6026b7dc-cbd0-4c9c-9fed-9e8911ebdc9d',0,2,'ed174ae7-788c-4cf0-bce5-6e1deaf381a6','bd6d69ab-29fb-4b49-a8ed-5c8caa50bf47'),('6045c17d-bfa0-4bba-a457-64b600688dbf',0,1,'ae9bcc3d-a814-464a-8c0e-7bcffd5396eb','e18251f3-ab0f-40a9-94da-30bbd2a1a4e9'),('604a6451-84b5-4986-aef1-7df5a59fa013',0,3,'299643ad-2d51-46ea-b6b4-200c9aacf855','1aeeb40e-4eef-4f0d-8942-bdebb4af9e07'),('6093ca93-284b-40a4-b8ee-744adb40b3da',0,5,'069077a4-cce8-47db-b8a9-d28e984f9353','fea957a9-3dff-4d68-879a-7447eb491f86'),('6094bdb8-9d1e-4344-89e0-84c6c2a9f1b2',0,4,'d9a5acf5-92dd-4c1a-b831-a90a5de186c1','751e550e-48cc-4997-bebe-4de21904aace'),('60a321d9-753b-471a-bc63-3e966831a8ad',0,1,'314789e6-0b2d-4a62-99ce-4e443fd23d5f','d2c84234-1048-4fe2-9228-cb1e58ec1e09'),('60d344a4-eaef-42a7-9af6-678a9c3d82b2',0,6,'bbc24b9e-dfeb-47c9-9d59-007d30d10a34','457fb87c-956a-445e-8c4e-abd36e4fb3ea'),('615d5e06-4709-491f-adab-fd63d3dbdc39',0,2,'a1820eed-9c42-4e1b-bffe-b65cd3524a47','35c605c9-e89c-48ee-9d9e-954f5db38f4e'),('615f9074-d268-482a-ab24-c990d583db78',0,4,'184b95e5-53ff-4eb9-b27a-8013892f424c','acd73895-b7b0-4e79-8f11-ce96efa50ff3'),('61814af3-c497-4bdd-9312-b47c7e0fd7a7',0,5,'4160206e-fc37-482f-817e-9484b114f5db','d2e4394c-64cd-4332-a9b5-61c43c0ebaa8'),('619aa961-af73-4d7f-bf01-25b33e86ba80',0,1,'8a44c0a6-01cf-4370-b859-93efc6205a41','3ff8676f-f361-415b-823d-9f3e81dfc109'),('61a282d1-d247-45d3-a1eb-099863928f48',0,1,'dffd6df1-0fbc-462c-9a0a-ac214068eb98','5a7a4cd0-b554-4ec0-8125-5cee794bb003'),('61d4db29-d5e9-424a-b41b-58815bacf557',0,1,'82d2506a-bc16-4bab-a7eb-12aa16074dfd','3516265e-c183-4773-9115-24b3351e1c43'),('61ebb874-6d1f-48bb-af3c-a633eae0e99e',0,5,'086473fc-39a2-45de-97b1-a0ac8bb08745','28a5914f-5480-4f35-bc92-2172f9521f40'),('61f26cf9-271e-45ff-adb5-c3ed52e8ffbb',0,2,'4ca34401-a76a-4ab6-af38-8bc4a4127664','c5fe6099-39ca-4feb-9692-5f86b0733812'),('6268c689-1cac-453e-9799-bd3ab56f635b',0,2,'01eacbfe-c23f-42c4-9681-cf5df9414835','39ac6733-9300-446d-8bfc-c1d6320328ed'),('628d883e-3b61-419f-86ef-9b1080aef15e',0,3,'cd37ab65-7743-4aeb-95f1-ed5ef72521a9','acd73895-b7b0-4e79-8f11-ce96efa50ff3'),('629de3be-4767-4310-95e6-860ac6729ccd',0,3,'faf08087-1ad9-4963-b243-39054ea60f9f','47648088-386b-4d47-b6d5-3f2cd15c982d'),('62bf7e39-5bc9-4177-b1cc-22586625e053',0,2,'d04ddbc5-9938-4e71-bfe0-ceae919676b3','fea957a9-3dff-4d68-879a-7447eb491f86'),('62dc04a5-bed7-49f3-b52a-e09405a9c44c',0,1,'3d23b330-dc54-4b1b-99c1-b6422a7b074c','ff4d119e-23c2-4957-b496-5288211c3a5c'),('62f2b53e-238d-45d1-a1dd-3025632f0235',0,5,'6cbe6b8f-e170-4b03-a299-3f58872f88db','acd73895-b7b0-4e79-8f11-ce96efa50ff3'),('62fbe750-fc4f-48ca-b1d6-a3a8ea45ce2c',0,7,'3a4555b7-3ed0-4fe2-b003-aaf05b6dd967','1456ac55-80cf-4ad4-991e-c463509adc6e'),('63074164-ed52-46d8-b388-28e6984b35c3',0,2,'50717e02-09f4-4885-a025-dd575ba6f99b','17fb6029-2787-4855-9d09-550223e7e8ec'),('6311af76-f633-4bf9-be17-087aa309cd79',0,7,'c26f9be0-965a-4a3a-bf2a-36b561f9fed7','ff4d119e-23c2-4957-b496-5288211c3a5c'),('6323ddf0-3e7f-4ab2-a0c7-63b55699a8fe',0,1,'71655f7b-28f9-44b5-a1d5-6fa1064e18b7','47648088-386b-4d47-b6d5-3f2cd15c982d'),('6341d7d0-e5c6-4005-859e-a2e6f6f147e7',0,8,'e116f95e-acc5-4163-af68-7ac0d295dff3','d2c84234-1048-4fe2-9228-cb1e58ec1e09'),('63471831-6734-4d4c-b1e7-6a6278bb0b30',0,2,'9b206440-eaf2-45af-a7df-a3945a51ba6d','eac6d817-635e-4eb4-8ff4-2442cc3a0600'),('63ee6cab-d891-4151-b4e2-f0f6bb8e4e73',0,4,'d0ec32a8-43e9-42a7-9458-dc33d206dc1a','ff4d119e-23c2-4957-b496-5288211c3a5c'),('63f11863-19df-42ec-9919-c0185c1fec56',0,1,'e06f1c9b-6b5f-4d88-88a6-416f3f3ca268','d2c84234-1048-4fe2-9228-cb1e58ec1e09'),('6466f483-ee71-443b-97ef-4fbab866bdef',0,9,'baf2232e-f6ba-4aa1-bd92-c0f65d83337b','1456ac55-80cf-4ad4-991e-c463509adc6e'),('650bef3f-11f8-4504-b57e-e0c104e66b77',0,1,'431406f1-0a48-4bab-82dc-38d7530424b9','eac6d817-635e-4eb4-8ff4-2442cc3a0600'),('6530071e-cfda-4725-b8db-b6b4d7c9d1ad',0,3,'04e0c7d8-3a78-4357-b630-46258c4d4078','751e550e-48cc-4997-bebe-4de21904aace'),('65434ef0-22cb-43b7-9fb5-c243edf774f9',0,1,'24cf3294-a6e0-4062-ad53-92c04db002ea','457fb87c-956a-445e-8c4e-abd36e4fb3ea'),('6553d99d-9ba1-4891-bd7c-609db036a65c',0,9,'d102457d-ff88-44bb-8e28-aa3681f79906','5b4292dd-1079-465b-8eee-4278f78cef08'),('65609c4d-99e9-41ea-bb3e-08fb42cfd277',0,2,'82ce68da-c52a-4002-a239-34ab70fc78ab','d31cd137-11da-4d24-92fd-f4a5d119be54'),('660fbd5b-a334-4fac-a117-2005e133a7b0',0,1,'109120a9-103e-4a15-bacb-1147185121d5','c2a38727-59a9-4ab1-9004-8bbc0f85f058'),('66246dec-6d00-4305-bee1-da1fbde63b5a',0,9,'889bd35c-b2b1-4f47-82c4-8a1290a91fe6','1aeeb40e-4eef-4f0d-8942-bdebb4af9e07'),('6724de35-dd08-4f74-8ffd-8df795a3290a',0,7,'fd42c66c-f1eb-4127-b126-b7d52694d6df','bd6d69ab-29fb-4b49-a8ed-5c8caa50bf47'),('673f1a14-3a30-4d9a-8763-77bb096c2625',0,7,'34146e93-64f2-42e8-b0af-79cc2d6fa176','3516265e-c183-4773-9115-24b3351e1c43'),('6781668b-88d4-465f-a276-b425dfc8817e',0,5,'2dea482b-9778-4d10-8f0e-7b7e7f164362','5b4292dd-1079-465b-8eee-4278f78cef08'),('6793bbbd-08e0-46a1-8054-f487f1e0680d',0,4,'393a29f7-eccf-4296-b379-68e02e2f6d59','eac6d817-635e-4eb4-8ff4-2442cc3a0600'),('67f38fe5-2489-40ef-aeb8-e62609862430',0,3,'0c2d3f46-6555-4412-a325-2b9fa81850c8','e18251f3-ab0f-40a9-94da-30bbd2a1a4e9'),('689253cc-3378-4c2f-8e1b-613c1712e3b5',0,8,'02570e6d-d502-4b23-a347-c927cd39383e','47648088-386b-4d47-b6d5-3f2cd15c982d'),('6894a5a3-c7cf-4783-9f7f-e8bdcac38048',0,8,'22746bb9-547a-4f8c-a05b-13b98aa05eb9','bd6d69ab-29fb-4b49-a8ed-5c8caa50bf47'),('689df4b8-77ac-4fea-af5d-7536a92fbe03',0,8,'3cb996f4-8a19-43eb-bca0-8e9e6e0ee407','d2c84234-1048-4fe2-9228-cb1e58ec1e09'),('68bec713-b98f-4f34-afdf-122148d31f07',0,2,'f717ba7e-a76c-45e2-89cd-562aebd35c85','1aeeb40e-4eef-4f0d-8942-bdebb4af9e07'),('692d6d18-77a3-47fc-8ffb-9c9be2db2067',0,6,'b1981e50-13cd-4c10-bec0-ddd53a8ad156','c5fe6099-39ca-4feb-9692-5f86b0733812'),('692e68b6-5ad6-44f5-8b32-011c58009f32',0,7,'7b9a8fcd-bb47-4357-b98a-fc9948a73f5a','3ff8676f-f361-415b-823d-9f3e81dfc109'),('69321c96-8eaa-4fdf-9c6e-2d359ee8f40a',0,1,'cf1f7a49-6b23-461a-b3fd-002891458dd8','fea957a9-3dff-4d68-879a-7447eb491f86'),('69421102-6944-4a55-b703-dfb1dfb599a3',0,9,'cf5a4aec-e7e6-4168-b8dc-82f2bfc2e4de','17fb6029-2787-4855-9d09-550223e7e8ec'),('6a0aea7b-fe44-4d64-8041-135f7fd7af0c',0,1,'7e47a81b-0c52-4231-b45a-d51e2f4e2480','fea957a9-3dff-4d68-879a-7447eb491f86'),('6a243729-f0b8-4a3b-be76-5e130389a01a',0,3,'d39a666d-c774-40c4-b808-27e67bd05d23','c5fe6099-39ca-4feb-9692-5f86b0733812'),('6a28c61d-a26f-4e8b-9083-48369c82b6ad',0,8,'51351614-3b06-4102-9fe8-2e414f2b1738','acd73895-b7b0-4e79-8f11-ce96efa50ff3'),('6b07a2c3-d39e-499a-903b-035a96ac854b',0,1,'c357e229-ef18-4869-b95a-98e79193bd07','17fb6029-2787-4855-9d09-550223e7e8ec'),('6b37e606-8b50-47f6-b012-051cfab09baf',0,6,'69a041c9-ba1c-477e-8de4-745fc8243035','751e550e-48cc-4997-bebe-4de21904aace'),('6bdb7c63-16a4-49da-b739-e36a9f12652b',0,3,'5510d071-0865-4084-b4e4-9c508a47830d','e18251f3-ab0f-40a9-94da-30bbd2a1a4e9'),('6bdf803b-99c7-4788-8c9c-cfb4ef04c6d2',0,1,'8b01eb7e-166d-4a53-b2d5-09e3ead36c8a','ff4d119e-23c2-4957-b496-5288211c3a5c'),('6c150e38-e516-4b6d-8966-738e06ad1bd2',0,2,'afd992fb-f88e-439f-8eea-b274d3ee673f','d2e4394c-64cd-4332-a9b5-61c43c0ebaa8'),('6c2f29f7-e8aa-4569-9356-80b5670d960f',0,9,'85c444ec-de94-4a47-b4a0-8da3bb4aec51','d2c84234-1048-4fe2-9228-cb1e58ec1e09'),('6c30af1f-11ba-4ddb-9fc5-b29d49a991c3',0,7,'b8742b75-a29c-449a-af11-7af67e56e2da','0989f354-f9ac-4e5a-a41e-fa0fa91c37f7'),('6c3c2fa9-a9dd-4dc5-bae5-3c1a64b54dfa',0,1,'3c95424f-e147-4519-85e1-02f2ed8098c0','acd73895-b7b0-4e79-8f11-ce96efa50ff3'),('6c42c79b-b530-4776-bba2-0f1f3f94969a',0,4,'b74ddc00-0b0a-4c0d-a59f-b0bd7b178e19','bd6d69ab-29fb-4b49-a8ed-5c8caa50bf47'),('6c833f0e-afdb-412e-8b90-73da57d57c74',0,7,'9aa42eaf-2c23-4689-907c-831b7d37a527','1dc61fc3-4792-41e8-b86a-5a44ef93c7f6'),('6c86d8ba-409c-4087-8be5-e993c77f3636',0,5,'31e4c46d-0741-4257-88eb-a4d24e700393','28a5914f-5480-4f35-bc92-2172f9521f40'),('6c889089-eeb2-423f-b7bc-be0eb845e5d1',0,1,'0e7df7f1-0d07-498c-9067-813f678fafce','01a8db3c-90e1-43e7-9954-7a2b77a38fe7'),('6c9fccf5-669e-43ba-ae30-57f148d09a06',0,2,'e7a53282-865e-42a4-b251-6988605b07db','17fb6029-2787-4855-9d09-550223e7e8ec'),('6cefd320-9720-4509-861f-2ee745ce9b88',0,8,'4b82672f-3c8b-479a-bfb5-1f1d9b6f269d','5a7a4cd0-b554-4ec0-8125-5cee794bb003'),('6d2522b7-8a04-43d1-937c-b8f105089d89',0,5,'a65a802d-2f3f-4f82-b11d-50ba8ff0b823','e18251f3-ab0f-40a9-94da-30bbd2a1a4e9'),('6d5315d5-7c0f-4a80-82f4-cc29ef539669',0,3,'7133cfd8-b39c-4e49-a149-17b77d3ea3b9','17fb6029-2787-4855-9d09-550223e7e8ec'),('6d592738-43da-4fbd-9b56-cb0aad0cb4fd',0,1,'ba48e7cd-d944-4ad4-9a48-8e340b56f512','5b4292dd-1079-465b-8eee-4278f78cef08'),('6e1342f3-7a88-45f4-934f-4e07be4c51c5',0,8,'3bb1e953-cb09-4c51-abfc-8f8c1e8afe75','28a5914f-5480-4f35-bc92-2172f9521f40'),('6e2e721e-eb7b-4cf8-80fd-ba7e8bff8341',0,2,'f01ce1f1-ef0e-4099-82c8-e6ca28fe7658','eac6d817-635e-4eb4-8ff4-2442cc3a0600'),('6e49f919-acdf-49af-bdfd-f48c773bad50',0,3,'3e9aede2-9033-4152-893d-e7f3327189e3','1aeeb40e-4eef-4f0d-8942-bdebb4af9e07'),('6e5efd50-157e-456e-83cd-c27e1992fdf5',0,2,'a15ac143-734c-4b3e-a6e4-9771ac1c81ea','39ac6733-9300-446d-8bfc-c1d6320328ed'),('6e72b997-073d-4615-98ca-acd8ef320604',0,8,'04d14886-841c-4cad-9b20-b97b712e818e','28a5914f-5480-4f35-bc92-2172f9521f40'),('6e9a0695-ab0a-48e9-8d29-de147aa81afd',0,2,'621fdcce-9ae4-4ea8-b3f5-48feb9452d1f','d2e4394c-64cd-4332-a9b5-61c43c0ebaa8'),('6eb7fd98-b123-49bc-b6f3-27d940950fb3',0,5,'1d7fea0e-cdd9-4725-94d2-fa08ae1a5477','82713636-cce1-4ac7-9acf-0355347f0575'),('6f4e4b03-4828-458b-ae47-a1e9ef1bd73a',0,8,'7ec819db-ddd8-44da-bb1c-5b67c5ec7ffb','acd73895-b7b0-4e79-8f11-ce96efa50ff3'),('6f82c6bb-d668-4413-9b28-6c1697842279',0,6,'9d67f723-b6ba-4acb-91ec-c073f64c49f4','1456ac55-80cf-4ad4-991e-c463509adc6e'),('6fa8bfc4-b7ab-457b-a960-f5f35ea39aa0',0,3,'5f1fe593-a500-4f7b-aef3-01ae23e4149e','21c95d07-7591-46d4-b837-f43cda311d5c'),('6fc7a8d3-88bc-413b-aa00-8aa360c957bf',0,8,'ff3e9b82-6fb6-4d94-b686-8790cf3cc0bd','d2e4394c-64cd-4332-a9b5-61c43c0ebaa8'),('6fcdde3d-1c77-47e2-8deb-c09f082dc6e9',0,1,'d9a5acf5-92dd-4c1a-b831-a90a5de186c1','1aeeb40e-4eef-4f0d-8942-bdebb4af9e07'),('6ff1013d-a036-4840-b066-1e8bb3c557cf',0,6,'1d7fea0e-cdd9-4725-94d2-fa08ae1a5477','ff4d119e-23c2-4957-b496-5288211c3a5c'),('7006a3af-557b-48ae-90bf-62c670c4dc6c',0,1,'da569fb1-2385-498b-9948-e5e273c738c4','d31cd137-11da-4d24-92fd-f4a5d119be54'),('70508954-74ab-4708-bf46-6da9454b6e0a',0,5,'97fac04f-399a-47b3-bc89-8c97a6b74770','01a8db3c-90e1-43e7-9954-7a2b77a38fe7'),('70627d37-3c8d-43de-94b9-b91c6e63510d',0,1,'a399c858-8ada-4514-b17d-256f048a76f6','bd6d69ab-29fb-4b49-a8ed-5c8caa50bf47'),('70663394-b20a-42f5-9e7e-04f5672b5a46',0,9,'e04cadd3-2366-4ac7-8dc4-5c972007f092','1dc61fc3-4792-41e8-b86a-5a44ef93c7f6'),('706872da-cd00-4bef-97d1-0e490f087c02',0,8,'0da6b850-8815-4689-9001-230141462093','d2c84234-1048-4fe2-9228-cb1e58ec1e09'),('7091c044-1d37-4b31-850d-7d1b7a38c52d',0,1,'8bbda90d-c282-4701-bddc-eb84e1b3f62f','d31cd137-11da-4d24-92fd-f4a5d119be54'),('712a99fd-7ac7-49e1-bccf-07bb1ae2ab4d',0,7,'6c8254dd-3e31-4d75-aaab-76769916c7b8','d2e4394c-64cd-4332-a9b5-61c43c0ebaa8'),('715e0397-aa7c-4dca-b1eb-08a55bf17904',0,2,'8b1314e2-42ae-4a77-b3fc-5217cb5ce50d','1456ac55-80cf-4ad4-991e-c463509adc6e'),('7192a40a-e4db-45aa-8ed8-f80d4c331919',0,3,'86d8daf1-242a-47ee-94ba-b3bffde21064','d2c84234-1048-4fe2-9228-cb1e58ec1e09'),('71a5e036-a346-46bd-a5fb-37437461a90b',0,1,'68cb3b42-e4e5-4854-83d2-879575861736','01a8db3c-90e1-43e7-9954-7a2b77a38fe7'),('71dd27c3-2fd0-4174-92eb-29d409b2bb16',0,6,'a8cebcc9-f703-40d8-b1ee-f9187bb2fb87','47648088-386b-4d47-b6d5-3f2cd15c982d'),('71e61f16-1ae6-40f8-8e0e-7808e1ed6785',0,6,'f93c6bc6-e183-417b-8a77-3d59b149ec60','d2e4394c-64cd-4332-a9b5-61c43c0ebaa8'),('7210a222-5ba7-4222-9b9f-0d7cd65ce67e',0,3,'ca103dd8-1a17-414a-85ff-7badf8ab9060','d31cd137-11da-4d24-92fd-f4a5d119be54'),('721c5901-ad42-4753-8aad-2578889fa1b0',0,8,'893c3b37-5f91-4d41-9487-b531a0f8ec28','35c605c9-e89c-48ee-9d9e-954f5db38f4e'),('724b5504-3d4e-468f-8c20-66a39bfe0fb1',0,7,'17637e27-d143-416b-9129-534e47fb8523','db32ab07-fcc7-487c-a8e9-fb8674b4411f'),('728d4554-941e-4bd2-b470-777abe5d05ba',0,9,'6643312b-ea05-4ed9-90ae-8a125d0a41cd','1456ac55-80cf-4ad4-991e-c463509adc6e'),('72b8e390-c581-4aee-bd45-9852284c6c7a',0,3,'0d85c250-9271-4daf-8ff6-f876c15a55b8','5a7a4cd0-b554-4ec0-8125-5cee794bb003'),('72c2cc16-d225-439c-8ca9-e9fa674ccf5d',0,3,'d1969c42-07e2-4132-ba98-797b6fc5d87c','21c95d07-7591-46d4-b837-f43cda311d5c'),('72c64817-8782-4c17-a38d-d53b51d933b9',0,7,'fd42c66c-f1eb-4127-b126-b7d52694d6df','e18251f3-ab0f-40a9-94da-30bbd2a1a4e9'),('72c64f21-836b-4685-a709-20fbd4155b71',0,2,'edc9522b-7836-4ebc-bece-57ef5cbb33f1','3ff8676f-f361-415b-823d-9f3e81dfc109'),('72cc665f-f528-449c-8459-e5ffddc0a5e9',0,7,'9720b9df-0840-41c1-aece-0533eba3c54f','01a8db3c-90e1-43e7-9954-7a2b77a38fe7'),('72d02851-88ad-4470-9668-afcbacdd8404',0,7,'1a66d61a-d0c7-4d25-a402-5e9df81c2ddd','3516265e-c183-4773-9115-24b3351e1c43'),('72f3b0a2-18cd-4454-8629-e9fe01e44ef9',0,7,'3d56d4e0-8e70-4655-b2f0-753102433d49','28a5914f-5480-4f35-bc92-2172f9521f40'),('73174a9a-f302-4189-958e-d0fbbdbd979a',0,1,'087b8ff1-c80d-42a3-b5fb-b752cc65a4c5','d2e4394c-64cd-4332-a9b5-61c43c0ebaa8'),('73185388-3ec8-40db-8ef2-8ec754bb7533',0,2,'09c992df-aae7-4607-b567-be99ace1299a','1dc61fc3-4792-41e8-b86a-5a44ef93c7f6'),('7327e4db-d164-403e-b758-d3f8918155c2',0,1,'db436cb3-9b6e-4b61-9171-82c96da519be','1dc61fc3-4792-41e8-b86a-5a44ef93c7f6'),('733b8bbe-e632-471c-a0fe-bab800872efe',0,6,'111c3b34-6088-4817-b500-ab23e7829c9f','bd6d69ab-29fb-4b49-a8ed-5c8caa50bf47'),('735f512e-4708-4099-8ea2-ee884ae094d9',0,8,'0bb746f2-0bff-40ba-81d9-76ee39938310','e18251f3-ab0f-40a9-94da-30bbd2a1a4e9'),('737e38ca-8e73-4caf-9fa9-2ab911e28be9',0,2,'d00a8523-a671-4f32-8c4e-c6e10ec8ba34','3516265e-c183-4773-9115-24b3351e1c43'),('73a43f46-b946-49a6-8156-4ca86f354608',0,2,'621c0cc3-1df8-48f1-9830-576da95752fb','c2a38727-59a9-4ab1-9004-8bbc0f85f058'),('73c90882-4698-4321-80e3-7a004ae3296f',0,7,'c8f791cc-aaf8-47fd-af2b-3e7b9c9be3df','db32ab07-fcc7-487c-a8e9-fb8674b4411f'),('73ce76b0-4123-4345-b8f7-4c2203fb2871',0,7,'c64e5eef-157d-42b5-994a-ba16151a1b02','fea957a9-3dff-4d68-879a-7447eb491f86'),('7405c6b9-8973-4482-a8ea-b1f1a626c2d9',0,3,'98cd8556-1405-4aa6-9a73-2750910f1a1c','21c95d07-7591-46d4-b837-f43cda311d5c'),('7405fb4e-6784-4503-bb19-30363a1fa9a0',0,3,'831630fa-0851-4747-a3f9-5b09d9afa8c5','47648088-386b-4d47-b6d5-3f2cd15c982d'),('747bcc2f-b77f-4173-b92c-c091358e31a9',0,3,'270fe86c-9302-44cf-8973-c2bcd609142b','01a8db3c-90e1-43e7-9954-7a2b77a38fe7'),('74dd4c04-83e3-4f13-93e2-24140d8d2307',0,8,'62f5a90a-2c5b-4e0d-a111-1ebc8cd0589a','39ac6733-9300-446d-8bfc-c1d6320328ed'),('751a1ffa-b2b7-4e42-9542-fcf8f17c9ec5',0,8,'7d85a037-9aaa-4708-9931-fa71f3042662','1dc61fc3-4792-41e8-b86a-5a44ef93c7f6'),('75226d8d-716c-4ec4-8096-fc870aed9850',0,1,'a7cb514e-57a8-41cd-8f0b-16df44d716fb','28a5914f-5480-4f35-bc92-2172f9521f40'),('7557a42f-4fb3-47f0-a353-c0b749be2eb4',0,8,'0140c5a9-609d-4949-8e17-c652d1d18484','1dc61fc3-4792-41e8-b86a-5a44ef93c7f6'),('75791f23-ff81-421e-85ce-84d60dd4e953',0,1,'17f80182-ea5b-4149-8e00-248b0b071e48','d2e4394c-64cd-4332-a9b5-61c43c0ebaa8'),('75a3cfa4-422c-4145-aa6f-dc4892f64838',0,4,'554c1281-fb4a-4906-abfa-9fa9247b5b80','c2a38727-59a9-4ab1-9004-8bbc0f85f058'),('75b3206f-ed01-47e3-acb7-e0942ad39949',0,6,'41d7c9ea-f815-4e8e-9559-222392ad077c','5a7a4cd0-b554-4ec0-8125-5cee794bb003'),('75bebf6d-c1d4-48e2-b932-5b98963d9b8c',0,3,'1129a628-aa8d-43db-b810-98978bb952e3','3516265e-c183-4773-9115-24b3351e1c43'),('7621fac8-6864-4968-a17a-1b617e97a64c',0,3,'8d217329-86f7-4e0e-a6b6-5e96a1d8c83e','751e550e-48cc-4997-bebe-4de21904aace'),('766e325d-bae9-4a40-9b44-0589077f8264',0,8,'b111468b-11c3-4142-8dee-c620ad2f156f','17fb6029-2787-4855-9d09-550223e7e8ec'),('76ba9c8b-da24-4c65-9c75-0c06a7afc141',0,6,'dc590b1d-5eaf-4b9b-92ca-d1c4483e0122','fea957a9-3dff-4d68-879a-7447eb491f86'),('76bdcd5b-e80e-4805-9b46-f6366c04539a',0,3,'d0ec32a8-43e9-42a7-9458-dc33d206dc1a','01a8db3c-90e1-43e7-9954-7a2b77a38fe7'),('7709810c-ff1b-4dfc-8e8d-a1867ccc0221',0,1,'d3b48666-da1a-4f3f-805d-cfd66a01a703','c2a38727-59a9-4ab1-9004-8bbc0f85f058'),('771d3992-64b4-432a-8b57-7b2cfb601321',0,6,'402dc3ae-5cd1-4e7e-9cc8-99de89236f4d','0989f354-f9ac-4e5a-a41e-fa0fa91c37f7'),('772b05c3-83e8-4f5d-868b-2c10bad07849',0,5,'bafebbc4-fce2-46b9-86e2-28a00c6f0698','01a8db3c-90e1-43e7-9954-7a2b77a38fe7'),('77cb120e-cce4-42e5-9a84-b95d7f3b3349',0,1,'c59ef963-b983-4bf7-b8fb-dd33a1d83f8b','82713636-cce1-4ac7-9acf-0355347f0575'),('77f00247-694b-4c58-9def-71f63756b1aa',0,3,'22ee5524-cef6-458c-81c9-43e6c8eabaff','e18251f3-ab0f-40a9-94da-30bbd2a1a4e9'),('7851c6bc-a31a-48b1-9398-0fcc5d4e8d00',0,2,'f1492131-6215-4fe6-979a-94ce48802cb5','d2c84234-1048-4fe2-9228-cb1e58ec1e09'),('78d951d6-0d26-4f83-8428-0245ee8d90ae',0,6,'41e8f57f-344d-4b88-a4cf-5e7bdc76be53','1456ac55-80cf-4ad4-991e-c463509adc6e'),('78f97657-1cc2-4e49-bbee-596d8b55d466',0,1,'b57a17e8-426e-4c2c-9d07-5701558480b6','0989f354-f9ac-4e5a-a41e-fa0fa91c37f7'),('796a0645-230b-41bc-83c8-d40063e30fba',0,5,'9b206440-eaf2-45af-a7df-a3945a51ba6d','ff4d119e-23c2-4957-b496-5288211c3a5c'),('79a37e0a-da4c-444f-896b-6f32716513e4',0,2,'7bdc985d-6e43-4643-a093-00b1f22041bc','5b4292dd-1079-465b-8eee-4278f78cef08'),('79a58db6-19af-4686-85eb-7fcabc6a2fb6',0,8,'021b0276-20dc-4910-aceb-aac4612e121d','d31cd137-11da-4d24-92fd-f4a5d119be54'),('7a04205c-44dc-41c6-a79e-2cd9b9308152',0,9,'90001381-b4d3-462a-b8b4-a33f8c6504da','acd73895-b7b0-4e79-8f11-ce96efa50ff3'),('7a06cb72-8527-48df-88a9-02feab633535',0,6,'0caa1dd5-3be7-4f3e-a097-46593bc65a37','17fb6029-2787-4855-9d09-550223e7e8ec'),('7a07656f-f91d-4b63-82b1-4af3748217f8',0,9,'b348cb7d-66e5-4688-a7e1-d279de94c947','21c95d07-7591-46d4-b837-f43cda311d5c'),('7a12e90f-8845-4911-a341-0c6e7d628a5d',0,9,'8a44c0a6-01cf-4370-b859-93efc6205a41','5a7a4cd0-b554-4ec0-8125-5cee794bb003'),('7a17a7c4-75dc-4b8e-a1f2-c71a90ce0184',0,7,'a3226c40-f580-444e-969b-892828574368','751e550e-48cc-4997-bebe-4de21904aace'),('7aa996d0-9bb5-422d-8d43-c52ad3f55de5',0,3,'f1492131-6215-4fe6-979a-94ce48802cb5','3516265e-c183-4773-9115-24b3351e1c43'),('7ac2f5e2-063b-42af-8196-6b135a7c8c8a',0,2,'e45c6e90-75a0-4457-9cb4-5e616eed54b2','1aeeb40e-4eef-4f0d-8942-bdebb4af9e07'),('7ae24568-3844-4681-9243-02c7a5ffc1f7',0,5,'1547da60-bfb0-43f7-b59e-70493f88bba7','82713636-cce1-4ac7-9acf-0355347f0575'),('7b1eb0b5-6b82-47cf-a0bf-a9e79cbfd4ce',0,5,'9e6117e1-890f-4be9-b76a-3e65afaa06dd','acd73895-b7b0-4e79-8f11-ce96efa50ff3'),('7b25f815-cf50-4b8b-bf52-7f7b9867d8d1',0,1,'c6404573-6ebb-4445-bc5e-9aa770f69166','eac6d817-635e-4eb4-8ff4-2442cc3a0600'),('7b59269c-41eb-466d-a564-6f1c829d8901',0,2,'33665f99-f38a-4712-bc62-e81248650ade','457fb87c-956a-445e-8c4e-abd36e4fb3ea'),('7b5d3225-161e-4f71-aead-9a593d7bb04b',0,8,'41d7c9ea-f815-4e8e-9559-222392ad077c','1dc61fc3-4792-41e8-b86a-5a44ef93c7f6'),('7bab92e8-84d5-475c-812b-2a2d9dbabaca',0,6,'bac8db26-e601-4c13-9055-97c3a5f8a561','0989f354-f9ac-4e5a-a41e-fa0fa91c37f7'),('7bc3b03a-a1ae-4b9e-8d29-1f0ae23250a5',0,6,'fea16e4d-51a9-4847-82ff-6f622609b06b','d2e4394c-64cd-4332-a9b5-61c43c0ebaa8'),('7bd1e0f5-6010-48c5-851f-3ec48794bcf7',0,5,'4d2972e4-d3b6-4622-aac4-2bb06f5d4617','eac6d817-635e-4eb4-8ff4-2442cc3a0600'),('7bdd82e1-f4b1-4ba4-bac0-fa84eb72decd',0,7,'2f4759e0-a92b-44ad-b74f-cda3ef81e805','21c95d07-7591-46d4-b837-f43cda311d5c'),('7bf78d6d-1998-426c-a9e6-bd8c56a0fe87',0,8,'8f9b342c-f84a-4ee5-98cc-654fd63cf113','5b4292dd-1079-465b-8eee-4278f78cef08'),('7c048aba-2cee-4b17-9044-5174c9b47d3c',0,9,'bd51ed91-6634-4869-ab09-eea64b3c6ea0','751e550e-48cc-4997-bebe-4de21904aace'),('7c25e849-daff-4e45-85ae-f544e09d49a6',0,1,'0d4ca522-dbc7-4a1f-a270-8c9905e6f399','5b4292dd-1079-465b-8eee-4278f78cef08'),('7c5373fa-cd9a-47d0-9f1c-dfab3a9a1561',0,9,'9e6117e1-890f-4be9-b76a-3e65afaa06dd','3516265e-c183-4773-9115-24b3351e1c43'),('7cd2da36-ea87-4e00-98fb-e501230cc01e',0,8,'bdf28501-6f4e-4291-8753-6906b212155a','e18251f3-ab0f-40a9-94da-30bbd2a1a4e9'),('7d48cc87-6302-4e0c-ad53-9fd59a5de45d',0,7,'e499f636-d8bd-4b67-b710-cb1afebbe3e0','751e550e-48cc-4997-bebe-4de21904aace'),('7d778f5a-bb02-4765-a586-5fba4943e5d5',0,1,'c85c83dd-91a1-4f30-abc2-75f33d366e51','e18251f3-ab0f-40a9-94da-30bbd2a1a4e9'),('7d7b6a2d-0bf7-4c65-936e-0f05909ed9a5',0,9,'508f0d69-b597-4a2e-8d0b-afac60292da0','01a8db3c-90e1-43e7-9954-7a2b77a38fe7'),('7d7bcba5-0727-4017-8c3a-f232a74ad178',0,6,'86d8daf1-242a-47ee-94ba-b3bffde21064','3516265e-c183-4773-9115-24b3351e1c43'),('7d8319d6-773e-4ac0-a1b5-78fd493ecd3b',0,5,'8ea43ca4-3d7d-4383-9056-a2b79407a38d','01a8db3c-90e1-43e7-9954-7a2b77a38fe7'),('7dacefdd-565e-4789-aeb1-13a0e62dc546',0,5,'26149c13-6253-4f66-a207-9f4b47e76d85','ff4d119e-23c2-4957-b496-5288211c3a5c'),('7dcfbc0b-7565-4e8b-a54a-cb57ebe99d2b',0,4,'452612d8-6781-46e9-a675-60c567bad7de','3ff8676f-f361-415b-823d-9f3e81dfc109'),('7dd4deeb-8182-4560-8bb5-fa6fb23b0eef',0,2,'71655f7b-28f9-44b5-a1d5-6fa1064e18b7','1aeeb40e-4eef-4f0d-8942-bdebb4af9e07'),('7e110be1-d07a-4f71-84c7-392b395f31de',0,8,'9140c1ac-6e2a-4f1a-9b73-0c6264992ab0','c2a38727-59a9-4ab1-9004-8bbc0f85f058'),('7e22dcc0-bea1-445d-b38a-36fc75b9137b',0,1,'cdf03338-5fbb-4b3e-a418-3fcad7d0cd76','d31cd137-11da-4d24-92fd-f4a5d119be54'),('7e3c74bc-0e74-494d-8571-eb2be76e0938',0,1,'37279973-583a-4fe5-9341-94d9900a4b4e','c5fe6099-39ca-4feb-9692-5f86b0733812'),('7e6b9b78-9792-42a3-9b3c-35da66d71b81',0,1,'2ee8de13-c7bd-4f8c-8fdf-1791ebce3a2f','457fb87c-956a-445e-8c4e-abd36e4fb3ea'),('7ea8aae9-88c6-438c-9536-6135d319323b',0,8,'ff3e9b82-6fb6-4d94-b686-8790cf3cc0bd','c2a38727-59a9-4ab1-9004-8bbc0f85f058'),('7ebd5859-4b53-408c-a96b-8b66e35c0b96',0,5,'152e0feb-da4a-4b7c-8e8d-0a2d6ea8af81','fea957a9-3dff-4d68-879a-7447eb491f86'),('7ece45e2-1ef7-4216-b2fe-e2ac5e2ed54e',0,1,'1abf952f-5942-407b-a70d-b1dbfd11e77c','47648088-386b-4d47-b6d5-3f2cd15c982d'),('7ee7350e-a0b1-49bb-ade4-16e5b95b7aaf',0,4,'f737f355-e7a8-412c-89f5-89cb45104416','c5fe6099-39ca-4feb-9692-5f86b0733812'),('7f230942-a9b6-4db5-a882-789b97364d17',0,8,'c357e229-ef18-4869-b95a-98e79193bd07','3516265e-c183-4773-9115-24b3351e1c43'),('7f3cee8e-113c-41da-b175-237e808f45f9',0,2,'0bc4a8fa-aab5-483e-94c0-066c9354e361','d31cd137-11da-4d24-92fd-f4a5d119be54'),('7f470c82-a6be-4e13-b0b8-b4ec4754c135',0,5,'abe5a547-4640-4282-9610-e9a8293ff3d4','751e550e-48cc-4997-bebe-4de21904aace'),('7f710db6-9374-4172-bd80-553ca4bd3418',0,4,'89bdda55-9a48-4054-9b23-d669794c2458','751e550e-48cc-4997-bebe-4de21904aace'),('7f8a9669-d652-4ac9-b648-96454f3c8d1c',0,1,'6b581e0f-7499-431f-8092-b5964b09fbe4','5a7a4cd0-b554-4ec0-8125-5cee794bb003'),('7f9808e9-1b33-4a05-990a-fa2ede5cb768',0,9,'8f9b342c-f84a-4ee5-98cc-654fd63cf113','e18251f3-ab0f-40a9-94da-30bbd2a1a4e9'),('7fb235b2-950f-4e6a-99df-b51a51a5a3df',0,5,'ed174ae7-788c-4cf0-bce5-6e1deaf381a6','db32ab07-fcc7-487c-a8e9-fb8674b4411f'),('7fda3e9e-5628-4221-9856-1059077b4dba',0,9,'d3b48666-da1a-4f3f-805d-cfd66a01a703','bd6d69ab-29fb-4b49-a8ed-5c8caa50bf47'),('7fe65f07-82b6-4186-938a-cc893f87311e',0,7,'dd783b44-1694-4d61-b90b-78ec95f460e9','3516265e-c183-4773-9115-24b3351e1c43'),('8001228d-c88a-4579-a1a3-fcd571d0b02d',0,3,'87cb5e9c-1347-4265-9485-cdab669ca76d','1aeeb40e-4eef-4f0d-8942-bdebb4af9e07'),('809647db-1e45-4a67-9bcf-91d0bdf3e8dc',0,1,'7024b577-c4d9-474e-957c-ade4d915abc7','acd73895-b7b0-4e79-8f11-ce96efa50ff3'),('80d4ea3f-8e02-4f48-8ba8-2703769a7873',0,5,'98cd8556-1405-4aa6-9a73-2750910f1a1c','d2c84234-1048-4fe2-9228-cb1e58ec1e09'),('80e65b31-ac55-4ef3-ad60-53fb90d693cf',0,4,'91b8b0b8-8007-4ee8-a28f-7f3318c1a94a','d2c84234-1048-4fe2-9228-cb1e58ec1e09'),('8162c000-e588-4986-a175-d6294094248c',0,1,'1a45411c-460c-4377-b501-682d82519a89','28a5914f-5480-4f35-bc92-2172f9521f40'),('81b6c083-f2c8-43e6-9e32-7b7f151cea74',0,4,'f6d08982-f94b-4975-8f20-4b3bef9a79cf','35c605c9-e89c-48ee-9d9e-954f5db38f4e'),('82113f00-771f-4c6a-8c5c-4d268bbd750d',0,7,'dce2ee0d-bbe0-4952-b8ac-d13910505870','01a8db3c-90e1-43e7-9954-7a2b77a38fe7'),('823ddaf2-25b4-461c-831f-41d1f07bc0ab',0,3,'26898378-0b4b-44c2-85b8-0d464fd222af','c2a38727-59a9-4ab1-9004-8bbc0f85f058'),('8279c195-6483-4284-b8c7-e0c759e3785e',0,9,'c13d5d28-babb-4825-a780-659a9eb70a8b','39ac6733-9300-446d-8bfc-c1d6320328ed'),('828404b6-847c-44c6-afb2-923f6a941719',0,1,'50536c2b-b957-4e1f-b3d1-6fe93db6651d','21c95d07-7591-46d4-b837-f43cda311d5c'),('8293bcb1-672d-4c27-9ae9-a69642f3bf11',0,3,'41d7c9ea-f815-4e8e-9559-222392ad077c','e18251f3-ab0f-40a9-94da-30bbd2a1a4e9'),('82a3d14d-f7fc-432b-91cf-325ed9e88b1d',0,3,'efb7235e-5d3c-48c5-95cd-7adf3b72bbeb','35c605c9-e89c-48ee-9d9e-954f5db38f4e'),('82dfc69f-1959-40fb-9a13-538c012754e8',0,5,'106ee069-9980-43a9-a97a-119ccdfefe23','d2c84234-1048-4fe2-9228-cb1e58ec1e09'),('82e5882d-5689-4e91-9878-a6abc47e6503',0,1,'7e47a81b-0c52-4231-b45a-d51e2f4e2480','db32ab07-fcc7-487c-a8e9-fb8674b4411f'),('83029e42-f2e5-4a1d-84d0-2f8b1b00046f',0,3,'3bb1e953-cb09-4c51-abfc-8f8c1e8afe75','1aeeb40e-4eef-4f0d-8942-bdebb4af9e07'),('835fcf97-350a-4fce-8191-30a3afa78eec',0,1,'d1e4598f-07b5-4324-aa2c-d64e553da8b9','1456ac55-80cf-4ad4-991e-c463509adc6e'),('837c69d2-acdd-4453-a23d-e4a55885af54',0,9,'ac5835f8-8b0e-4855-8443-45f60343851c','01a8db3c-90e1-43e7-9954-7a2b77a38fe7'),('837f5f31-8d25-47f8-80a4-a7aeb983a71e',0,7,'14353e10-c65b-4785-8d2e-e6aae2c0caad','28a5914f-5480-4f35-bc92-2172f9521f40'),('83bc65b5-4ee9-4acc-962f-c0713f00266f',0,5,'da39cee9-b76f-4fbf-96cb-df009c37070f','39ac6733-9300-446d-8bfc-c1d6320328ed'),('83cf79ba-d2f7-4e86-a745-5bc3853d42f2',0,9,'5ec5b051-72cb-4326-bcb5-daea283d36b1','0989f354-f9ac-4e5a-a41e-fa0fa91c37f7'),('844693b8-f58b-47ee-950d-7fec424fdd3f',0,4,'30cbf88b-97f8-4435-b0d4-0502505fc20f','c5fe6099-39ca-4feb-9692-5f86b0733812'),('845673d0-238a-4122-acc2-d67137a307a9',0,6,'9c4e98b6-16a4-49eb-8129-ff7de4d10b67','acd73895-b7b0-4e79-8f11-ce96efa50ff3'),('845d0bdf-025e-4649-b909-ace63b73206b',0,9,'4b82672f-3c8b-479a-bfb5-1f1d9b6f269d','e18251f3-ab0f-40a9-94da-30bbd2a1a4e9'),('847d50a8-15b2-4350-bad6-203e77fc6f0a',0,3,'f7d0846f-eb6f-4a32-bcb4-bcacdc07c0ba','c2a38727-59a9-4ab1-9004-8bbc0f85f058'),('84a382f9-fb15-45ab-9c5b-f73593aa5975',0,1,'dffd6df1-0fbc-462c-9a0a-ac214068eb98','d31cd137-11da-4d24-92fd-f4a5d119be54'),('84aa30a6-a65b-4b33-a6d4-f7c6d49607d4',0,7,'10b4ac40-e702-44ba-a1f9-e89191fe6af3','d31cd137-11da-4d24-92fd-f4a5d119be54'),('84b5d2e2-4448-460f-a280-a131a4abe353',0,7,'e75d6a05-fbc5-481d-858e-9bb0b9af0728','acd73895-b7b0-4e79-8f11-ce96efa50ff3'),('851e8908-bf27-45ba-ba96-106e611c6341',0,9,'f253cfc8-24bf-4fa6-b8d2-f700d051f0f5','1456ac55-80cf-4ad4-991e-c463509adc6e'),('852fbd47-c199-45ec-a85b-df8d9e338e7d',0,3,'4d2972e4-d3b6-4622-aac4-2bb06f5d4617','d2e4394c-64cd-4332-a9b5-61c43c0ebaa8'),('854c9c9c-9374-40a7-8abc-a7d51db9325b',0,1,'b0bb24da-7a16-44d4-ae8f-138cf0613ce8','82713636-cce1-4ac7-9acf-0355347f0575'),('85501476-8ae8-4b7e-b5e9-a8b98496abc3',0,1,'73fffcdd-11a0-4b3c-be70-b7f8634e64cc','ff4d119e-23c2-4957-b496-5288211c3a5c'),('85566de7-f207-45aa-827b-bd663e9ff637',0,6,'ae9bcc3d-a814-464a-8c0e-7bcffd5396eb','1dc61fc3-4792-41e8-b86a-5a44ef93c7f6'),('855d284c-a6ff-43a5-a89d-40cc5e70514e',0,4,'aab61853-bfe6-4412-8ba0-146cb0a87e78','3ff8676f-f361-415b-823d-9f3e81dfc109'),('857ce966-cc83-48a9-9d0e-d7be35aa58ac',0,6,'93f92be6-4154-457e-9425-1e150ba16bdf','01a8db3c-90e1-43e7-9954-7a2b77a38fe7'),('858ec27c-5717-48ff-b22c-6af57003e408',0,4,'a3226c40-f580-444e-969b-892828574368','21c95d07-7591-46d4-b837-f43cda311d5c'),('85d995ad-3d5d-43a5-bf02-0cf19fc7d267',0,4,'d39a666d-c774-40c4-b808-27e67bd05d23','1dc61fc3-4792-41e8-b86a-5a44ef93c7f6'),('85de52b3-23fd-467c-a237-55d3d288f23d',0,1,'1fc70c9d-5993-4f51-8f6b-319b521f497f','1456ac55-80cf-4ad4-991e-c463509adc6e'),('86672ff9-d49f-4bd9-9a15-10bd27357799',0,6,'66c1a62b-25dd-471c-92e2-c8eecf5a505c','ff4d119e-23c2-4957-b496-5288211c3a5c'),('8667eb57-4e92-4c91-bb3c-1d0f0d0bcddc',0,2,'4ce7a852-f168-45b5-96e1-9f581a34ff59','ff4d119e-23c2-4957-b496-5288211c3a5c'),('86774eff-0eae-41a1-815c-bae51a1ca596',0,4,'c58644d8-991a-4e79-9e9c-fcc6ce5d422b','e18251f3-ab0f-40a9-94da-30bbd2a1a4e9'),('86906538-a909-4bee-a6aa-e20c1d541c47',0,2,'33fb80f8-7641-495d-9df1-744b02518e57','47648088-386b-4d47-b6d5-3f2cd15c982d'),('86ae15fc-68e7-48f9-b453-366659804051',0,5,'b1c934bc-c7c3-485a-a34f-eee43b962dc2','47648088-386b-4d47-b6d5-3f2cd15c982d'),('86b06a38-93da-46ec-9542-9f8e3f9d96b7',0,7,'90001381-b4d3-462a-b8b4-a33f8c6504da','0989f354-f9ac-4e5a-a41e-fa0fa91c37f7'),('86de5e97-8c53-4c8d-b4f4-af5899c388bd',0,5,'19f82ca2-c729-4a24-bfb4-049ca17e2869','47648088-386b-4d47-b6d5-3f2cd15c982d'),('86edd836-b176-45ac-bdc0-7000d9c26bbe',0,8,'516a19ff-542a-4990-afab-d2e70a31d713','eac6d817-635e-4eb4-8ff4-2442cc3a0600'),('86f8d307-b3f1-4602-994c-2d35808f6f35',0,4,'a144f8eb-8640-4c39-98b5-d40d76fb33d7','0989f354-f9ac-4e5a-a41e-fa0fa91c37f7'),('86f9f638-2d78-4cd1-bf33-00bf3c9c5c8d',0,5,'69aa2bc1-dea5-41ab-b90a-c26e5b362ac5','751e550e-48cc-4997-bebe-4de21904aace'),('87020a31-6708-4370-b5a6-e41b257c4aba',0,5,'d3e837af-40da-49fb-b35d-df3581464902','e18251f3-ab0f-40a9-94da-30bbd2a1a4e9'),('8728098e-ae64-4dfc-bbe9-a965fb510971',0,5,'4f9e94fe-7216-41dc-9f41-078d35d01336','3ff8676f-f361-415b-823d-9f3e81dfc109'),('873aa5e9-1e3e-47ce-a5fc-f1be4bd5ab8f',0,9,'6082bccf-ac77-48a0-b246-81bffc80af7f','c5fe6099-39ca-4feb-9692-5f86b0733812'),('87de99ef-9084-4354-937d-322a0d4685d4',0,3,'3f722231-226d-4059-9ec9-dc082d25774c','5b4292dd-1079-465b-8eee-4278f78cef08'),('88048973-9d3b-4b8a-8474-a080f93adab7',0,1,'578cd099-deef-4d79-9ddf-dadeafbe5242','35c605c9-e89c-48ee-9d9e-954f5db38f4e'),('880e196c-57e1-4911-9911-220cb68016af',0,5,'556698b2-eb21-44e3-a89c-a495d09545f6','d2e4394c-64cd-4332-a9b5-61c43c0ebaa8'),('882b8aaf-75c4-43f6-9bc1-8714d8984e02',0,2,'1591e726-0705-4817-8642-9ef3025785f9','35c605c9-e89c-48ee-9d9e-954f5db38f4e'),('88417b7e-dd5f-46c4-b618-083fdeaa1179',0,7,'e0563d52-3378-422d-a120-507c15564b13','17fb6029-2787-4855-9d09-550223e7e8ec'),('8844a857-3a40-41b7-abee-47b0ceda1e1e',0,9,'e5cf9e46-bf56-41ea-9be5-282c09b7ba5d','c5fe6099-39ca-4feb-9692-5f86b0733812'),('88bc469c-a5b3-405f-96c4-739075275d11',0,7,'e7e615b9-a753-453f-94f8-bdf54de6bd80','bd6d69ab-29fb-4b49-a8ed-5c8caa50bf47'),('88e6fae6-9714-411f-8864-3c52886fac92',0,8,'0b9eb665-b65e-4c16-bcf8-895b61cf4016','47648088-386b-4d47-b6d5-3f2cd15c982d'),('88f9d47b-1d88-43df-8dee-7a974eaa86cd',0,9,'8ea43ca4-3d7d-4383-9056-a2b79407a38d','17fb6029-2787-4855-9d09-550223e7e8ec'),('89115c83-5e29-48c7-aeab-2d6d42361cef',0,7,'26149c13-6253-4f66-a207-9f4b47e76d85','21c95d07-7591-46d4-b837-f43cda311d5c'),('8958b567-f049-4d68-a57f-1db7e45fbacd',0,7,'657647b5-8d49-42c5-bd5a-d412b677f5ee','21c95d07-7591-46d4-b837-f43cda311d5c'),('8974bf17-1039-47ea-a25f-1b141fb0ba5a',0,4,'cc2bb96b-64af-45fb-bd34-347646f018b6','c5fe6099-39ca-4feb-9692-5f86b0733812'),('899c93b7-fd8a-44be-8ea7-1ebf1f0c061a',0,3,'279c7298-67d9-49e3-9069-8b5ddcbf6ee5','1dc61fc3-4792-41e8-b86a-5a44ef93c7f6'),('89c4305f-1137-47f3-b0a4-7f37eac4bf3c',0,3,'5b5775b8-aa78-43ed-b60f-7bbd2cfae094','01a8db3c-90e1-43e7-9954-7a2b77a38fe7'),('89cccaf7-ac12-4e53-bea6-11ad3f29f06d',0,9,'0f290672-2fb7-48ad-ae4b-4764b94e6547','eac6d817-635e-4eb4-8ff4-2442cc3a0600'),('89d3651b-ac98-468c-a284-7286fd9d0693',0,1,'99e50d24-01ba-48b2-8025-7f6719eef6d3','e18251f3-ab0f-40a9-94da-30bbd2a1a4e9'),('89d46e5f-c9f0-458d-8992-f03c23ac6daf',0,7,'6082bccf-ac77-48a0-b246-81bffc80af7f','d2e4394c-64cd-4332-a9b5-61c43c0ebaa8'),('89f2dc3a-0b6d-4c86-8886-9f69d9094856',0,9,'09a5b4f8-7917-4cb6-9902-c5641950c3e6','fea957a9-3dff-4d68-879a-7447eb491f86'),('8a07373f-268a-479a-9743-1cddc2fcbabf',0,8,'7fb70e11-6a66-4b24-af83-1d13adcd557c','e18251f3-ab0f-40a9-94da-30bbd2a1a4e9'),('8a0ecc34-7570-49db-84da-75b24d221c51',0,7,'3a740534-5e3e-4043-a784-4aeb8c1fd340','3ff8676f-f361-415b-823d-9f3e81dfc109'),('8a54edbe-b506-434a-98f9-7e4125b89998',0,4,'452612d8-6781-46e9-a675-60c567bad7de','1456ac55-80cf-4ad4-991e-c463509adc6e'),('8ae965d1-befc-4932-949c-c3a4004284a4',0,4,'53e53ef7-af1f-4384-8d83-4c5e928bd369','1aeeb40e-4eef-4f0d-8942-bdebb4af9e07'),('8afb0f2a-0bf8-4951-9aa7-b72916319dc8',0,1,'91283aa6-c20f-4e5b-a851-0b1110b0adda','35c605c9-e89c-48ee-9d9e-954f5db38f4e'),('8b042e19-9031-42f1-8ed2-eec34f851eb8',0,4,'c2979546-66b1-4ade-9302-ee8d77c02de1','1dc61fc3-4792-41e8-b86a-5a44ef93c7f6'),('8b0d0fc6-66a0-4efb-a8d4-a7c833a1430e',0,8,'d54b7d9e-f6b7-407c-bc40-186cab6b9668','17fb6029-2787-4855-9d09-550223e7e8ec'),('8b39db5e-f78e-490d-a70e-51fc6f59f7e9',0,4,'345d5163-f4dd-4b2f-ae9a-107e98ccbe4d','39ac6733-9300-446d-8bfc-c1d6320328ed'),('8b3d9208-8074-497f-8537-909e18cbd78a',0,1,'d2cd65c7-4714-4cd1-bffb-ff835cebfbdb','1456ac55-80cf-4ad4-991e-c463509adc6e'),('8b442856-8485-48e9-a590-3e7f757aaa30',0,1,'01f6062c-ffdd-4b51-a3d6-5b1098006ac3','01a8db3c-90e1-43e7-9954-7a2b77a38fe7'),('8b64e590-a2e6-4bc6-9496-2309ae4b3591',0,1,'d12b92c3-9ab5-4fa1-8c21-ae4fc99c45d1','0989f354-f9ac-4e5a-a41e-fa0fa91c37f7'),('8be643f5-a736-4e2e-bf48-349b61cad30a',0,9,'7480542a-3333-4ad5-aafc-56ed48512650','47648088-386b-4d47-b6d5-3f2cd15c982d'),('8bf0e468-94e0-4d8d-851c-383706448dd9',0,7,'d0ec32a8-43e9-42a7-9458-dc33d206dc1a','3ff8676f-f361-415b-823d-9f3e81dfc109'),('8c11f220-e4cf-4658-b7b0-26e58d203faf',0,5,'b27426af-8cd7-4abf-8500-bcc1f07afb03','5a7a4cd0-b554-4ec0-8125-5cee794bb003'),('8c1f7bc3-8463-492a-9d41-bb97124568b7',0,3,'0f1d423e-eb6c-4bed-8d88-224f85e77718','82713636-cce1-4ac7-9acf-0355347f0575'),('8cb7a750-2c88-4ef7-8ac1-b44b6cff9b22',0,1,'66daed66-ad9b-4d8f-a61c-47e5f14b3450','01a8db3c-90e1-43e7-9954-7a2b77a38fe7'),('8ce3c5d0-9927-412c-97ca-c28cd3e87533',0,1,'cf472aee-33f5-4ed6-be71-05800762c608','acd73895-b7b0-4e79-8f11-ce96efa50ff3'),('8cf44537-244e-4c0f-b266-e55e3cf7c7ab',0,5,'fd3d8b51-bd18-4087-9cac-4bd2178048c9','5b4292dd-1079-465b-8eee-4278f78cef08'),('8d2d337a-e3aa-413c-9132-42eaa6302214',0,7,'c9ff67bf-ee78-4ec9-8723-6f3f0cf841c2','457fb87c-956a-445e-8c4e-abd36e4fb3ea'),('8d3a6aaa-b4e6-4e6b-bbbe-301a1846a21c',0,7,'46b3b3ca-25b2-4cde-87a0-8ff8723fef6a','5b4292dd-1079-465b-8eee-4278f78cef08'),('8d5f0c4a-c6f6-4adb-a7fa-92c034eb3d49',0,4,'578cd099-deef-4d79-9ddf-dadeafbe5242','3ff8676f-f361-415b-823d-9f3e81dfc109'),('8d661d93-6c78-4282-8e97-375885c53dd8',0,1,'15ece2cf-d8d1-4c3a-9b0d-d662780eb18c','acd73895-b7b0-4e79-8f11-ce96efa50ff3'),('8d71b620-8a14-4068-8da2-26b5fb637113',0,5,'d1fa579f-87b9-4217-b380-94961df1f395','c2a38727-59a9-4ab1-9004-8bbc0f85f058'),('8d73bb30-0c83-44f1-be52-5128d879a7d3',0,1,'e33f19e9-b4f4-4a09-95e1-4e879fcfc039','82713636-cce1-4ac7-9acf-0355347f0575'),('8de2b5a5-5dfe-416c-89a0-6f6ca59dc154',0,9,'3a25cb1c-5393-4932-b13d-166b948acdf5','eac6d817-635e-4eb4-8ff4-2442cc3a0600'),('8de95f66-d6d3-46e1-91f2-382f8a73ffd8',0,2,'e6d630db-f6d5-4711-ba3c-cca18db0fc6b','39ac6733-9300-446d-8bfc-c1d6320328ed'),('8dfc3c87-c493-4e56-bff4-4f4f674e5d7e',0,8,'bd3b8f1c-c3aa-41dd-8027-d813ab3e33f6','c2a38727-59a9-4ab1-9004-8bbc0f85f058'),('8dfea5c0-4d84-487a-af4c-ab71113b1610',0,6,'863f2e8c-a5d5-4807-b180-8aa8517f239e','ff4d119e-23c2-4957-b496-5288211c3a5c'),('8e34eb8f-886d-49dd-ae4c-9de3c29c228a',0,8,'a8cebcc9-f703-40d8-b1ee-f9187bb2fb87','751e550e-48cc-4997-bebe-4de21904aace'),('8e404f08-e835-4d58-8059-c04ec3be68b2',0,3,'4310684e-3ede-4943-9ed3-8fa698e5d868','47648088-386b-4d47-b6d5-3f2cd15c982d'),('8e4fe7c7-900d-48b9-98fd-2a15dc3264cc',0,2,'fd42c66c-f1eb-4127-b126-b7d52694d6df','1dc61fc3-4792-41e8-b86a-5a44ef93c7f6'),('8e702c68-48b2-4699-b96e-3ed65214a113',0,3,'298e7c79-fb52-48a5-b3b7-bcc775636772','1dc61fc3-4792-41e8-b86a-5a44ef93c7f6'),('8e75dd55-d058-405c-9858-f7de7d20c90a',0,5,'c2979546-66b1-4ade-9302-ee8d77c02de1','17fb6029-2787-4855-9d09-550223e7e8ec'),('8e9799e1-92dd-4dcf-9cb8-63020db1edb0',0,5,'75ae2414-61c1-45cb-9fda-fb398398c63e','d31cd137-11da-4d24-92fd-f4a5d119be54'),('8eb2b03e-2459-4e73-957e-0a579bc98e6b',0,3,'0e7df7f1-0d07-498c-9067-813f678fafce','39ac6733-9300-446d-8bfc-c1d6320328ed'),('8ecf83c6-a168-474a-ab75-09bd989ff473',0,8,'88be8fbb-3541-47e1-9473-40c852cc4750','751e550e-48cc-4997-bebe-4de21904aace'),('8ef55afe-81ae-4da8-a242-9a590d65383f',0,9,'b3e01e58-f7b9-4ae2-a62f-ba609253eac0','0989f354-f9ac-4e5a-a41e-fa0fa91c37f7'),('8f0ce97c-6d98-4d15-a02f-0f1faa221247',0,8,'30787ae3-8559-46fa-a595-bea0047ca58b','bd6d69ab-29fb-4b49-a8ed-5c8caa50bf47'),('8fd66f8c-8437-4d36-96f5-f687b07f7f45',0,8,'861958f9-57f9-4555-812a-d67f67a0536c','acd73895-b7b0-4e79-8f11-ce96efa50ff3'),('8ff21145-fbbb-448d-96f2-74405788b331',0,8,'c2c77fd8-87dd-4088-84c0-3dcc09133f24','3ff8676f-f361-415b-823d-9f3e81dfc109'),('9001ec27-0922-40b0-9e6a-16f6224ac6fa',0,1,'166abc6b-9719-45cb-965b-f5956d4c5265','21c95d07-7591-46d4-b837-f43cda311d5c'),('9018bf15-ba0b-48f0-b0d4-4d031b93f05b',0,3,'331101ec-a05e-4f1f-99e1-b9ba75eaec48','01a8db3c-90e1-43e7-9954-7a2b77a38fe7'),('9027cd39-f8b1-43c4-80c7-a9538f979222',0,2,'d04ddbc5-9938-4e71-bfe0-ceae919676b3','d2e4394c-64cd-4332-a9b5-61c43c0ebaa8'),('9040c25b-e602-4759-b50e-cccc3bd15af1',0,2,'12444f84-a79d-48d1-bcdb-d8832f77cee5','3ff8676f-f361-415b-823d-9f3e81dfc109'),('906a170e-0294-448d-b84c-009cc39aad43',0,6,'eb9d0ed4-41be-4733-b7a6-4e318465c0c6','47648088-386b-4d47-b6d5-3f2cd15c982d'),('90809df5-9f8e-4efe-80e7-d5e66e4a38a6',0,4,'9254e413-a038-4060-b28b-63db15233ac9','28a5914f-5480-4f35-bc92-2172f9521f40'),('908cc86a-748a-4f08-a0a0-739e8ab8b5df',0,7,'8441715b-95bf-471d-81ca-f236bffd1e7a','db32ab07-fcc7-487c-a8e9-fb8674b4411f'),('90a0b154-fb2a-4e53-ac00-28f7072dfb38',0,2,'f01ce1f1-ef0e-4099-82c8-e6ca28fe7658','db32ab07-fcc7-487c-a8e9-fb8674b4411f'),('90ba59dd-2345-4112-9ca8-d6487b34f7ec',0,4,'8a5f8674-29c0-4bfa-a0c4-7ef3deaae60f','35c605c9-e89c-48ee-9d9e-954f5db38f4e'),('90bbf59b-dd92-4293-bc0b-35022b7c9df5',0,5,'fc78c992-11d5-4a12-ae55-a19763542236','fea957a9-3dff-4d68-879a-7447eb491f86'),('90d10878-15e1-447a-b0d6-ff4a4d9bdf83',0,6,'14a22aa3-0f19-489c-bef5-fe470035a395','db32ab07-fcc7-487c-a8e9-fb8674b4411f'),('90ed89a5-ed62-488d-b25b-199427fcb234',0,8,'1ee8ce0b-d0ac-4391-ba2a-3df8b9d9f670','47648088-386b-4d47-b6d5-3f2cd15c982d'),('90f6d9d1-6556-47b3-81c4-6259db654114',0,6,'c92fb539-1aad-4992-8227-31c1c8b4f969','ff4d119e-23c2-4957-b496-5288211c3a5c'),('9129907f-3789-4f8d-a1f9-f18cad37b10f',0,5,'8ef150ca-6e19-48b1-a978-5987dd345fc0','17fb6029-2787-4855-9d09-550223e7e8ec'),('913922b5-aad4-45bf-9dfb-1267a4bd2cda',0,1,'5fed70d4-e3e4-4898-80ac-57e3a7adb009','457fb87c-956a-445e-8c4e-abd36e4fb3ea'),('914373be-475e-43aa-8588-b69dcac6790c',0,1,'e3912d5e-6c10-4c7a-8b2d-9b57a21c6cbc','01a8db3c-90e1-43e7-9954-7a2b77a38fe7'),('91643061-dca7-4608-b3b8-29f1b2c963d5',0,9,'895f4df5-1c16-4b25-aab7-0d29bdd1ed91','35c605c9-e89c-48ee-9d9e-954f5db38f4e'),('91667158-6e15-4815-a624-0877340d82cc',0,8,'4a5b7b46-2670-4394-9a47-9df5a2a25ce1','c5fe6099-39ca-4feb-9692-5f86b0733812'),('916ab72d-ff7f-4c89-8b3f-a9d7c0ddc8ef',0,4,'7a9dfd15-cb91-4658-bea8-6c42b5750d58','457fb87c-956a-445e-8c4e-abd36e4fb3ea'),('9177ccbf-0784-4cbf-96f4-9da9ba6299d4',0,9,'b1981e50-13cd-4c10-bec0-ddd53a8ad156','457fb87c-956a-445e-8c4e-abd36e4fb3ea'),('91a94a48-c048-440a-97f6-798ac19acae5',0,1,'65f42b98-13bc-4970-afb2-faa5007abc5b','47648088-386b-4d47-b6d5-3f2cd15c982d'),('91ff0cf3-7a4b-4645-a510-54856f7c1653',0,3,'a7782e68-cd6f-4e0e-84dd-073eff176780','c5fe6099-39ca-4feb-9692-5f86b0733812'),('922276b8-006e-45e6-b827-1f6e3660b016',0,4,'73e87a7c-7e4f-4b9a-8d22-c7d2e83cdbed','d31cd137-11da-4d24-92fd-f4a5d119be54'),('922fa1d8-cb0e-4754-b576-92e17cb20f60',0,1,'334f882d-94d6-4121-ac00-48a3625effd5','28a5914f-5480-4f35-bc92-2172f9521f40'),('926d4e16-3265-4333-a120-c4b1a8d293ac',0,4,'31e4c46d-0741-4257-88eb-a4d24e700393','d2e4394c-64cd-4332-a9b5-61c43c0ebaa8'),('9292356c-b46d-41f0-b26a-33823149aa9c',0,8,'8ddbeaf4-7ce6-4e69-b793-caa32351a97b','5a7a4cd0-b554-4ec0-8125-5cee794bb003'),('92e22037-713f-4e80-9c98-efd6dcf373b3',0,6,'52113c45-a9fe-46c9-ba56-833b6dcf9cbc','db32ab07-fcc7-487c-a8e9-fb8674b4411f'),('92e466f2-6c3f-4d41-b54b-737d27c123ad',0,8,'c65555c1-4469-4b48-afd7-e6018fcf4609','5b4292dd-1079-465b-8eee-4278f78cef08'),('92f4336b-2b3e-4a40-991b-b6555d0de5b4',0,5,'cf7bc534-8774-4b3e-8748-35c98898abcc','39ac6733-9300-446d-8bfc-c1d6320328ed'),('9301fc99-0925-4a85-9a61-08b4cdaceb72',0,1,'9ece7239-24a8-432a-aa4f-741b84011ed1','c2a38727-59a9-4ab1-9004-8bbc0f85f058'),('931bfe06-7b97-44fa-9d72-27d7fa012607',0,6,'571b9984-0ed7-4784-9f3d-1616a5cf4e64','01a8db3c-90e1-43e7-9954-7a2b77a38fe7'),('93284cb1-3b3a-462d-8a81-2f36dd6ef1c6',0,5,'4efa09dd-d8ad-469c-84cc-68b24f82e36e','3ff8676f-f361-415b-823d-9f3e81dfc109'),('9379c87b-929a-4d61-a64a-f034355e41f9',0,2,'c771ddb4-b87c-4a9b-9b0b-f503f7b67694','c5fe6099-39ca-4feb-9692-5f86b0733812'),('93899855-ad52-4a73-acb0-d4d62982a6e9',0,3,'4ec46425-8f54-4830-b0ee-3a946846695d','0989f354-f9ac-4e5a-a41e-fa0fa91c37f7'),('93e2de16-8f6f-41b6-acc5-e60ed0cb7179',0,6,'ec9fd05c-60a9-485d-aad6-1c2721bc28ec','751e550e-48cc-4997-bebe-4de21904aace'),('942ef37b-2143-4187-8900-ac4adcfd094f',0,7,'dad3fcbc-2a89-42f6-bd1c-ef0806eed0e8','39ac6733-9300-446d-8bfc-c1d6320328ed'),('946ceeed-9e1c-4760-b0e3-d69874d319b2',0,7,'7f5e0bf6-daf4-44d2-8403-9e7188d13e31','c5fe6099-39ca-4feb-9692-5f86b0733812'),('94f26de4-e09f-4663-b033-bb82e0354060',0,7,'a3226c40-f580-444e-969b-892828574368','28a5914f-5480-4f35-bc92-2172f9521f40'),('951ebdd9-6799-4c98-9fe5-a53c5fd96629',0,7,'e116f95e-acc5-4163-af68-7ac0d295dff3','c5fe6099-39ca-4feb-9692-5f86b0733812'),('95695b24-883f-4a34-bc2c-3ca495de304b',0,7,'331101ec-a05e-4f1f-99e1-b9ba75eaec48','acd73895-b7b0-4e79-8f11-ce96efa50ff3'),('9582271d-50e2-4fd3-bda9-aaba9224582b',0,4,'10b4ac40-e702-44ba-a1f9-e89191fe6af3','ff4d119e-23c2-4957-b496-5288211c3a5c'),('95beb27a-ccfb-4838-ab8c-aa7cf6c95ced',0,5,'d88b00b8-b342-41fb-b09d-00f053c29486','5a7a4cd0-b554-4ec0-8125-5cee794bb003'),('95ed19e5-740d-48c6-b143-27faa59edcae',0,6,'a2eb1b40-91e3-4e30-9a23-6aa0a81a4340','39ac6733-9300-446d-8bfc-c1d6320328ed'),('96144bf4-d48b-49cc-ba21-97c7c1109e00',0,1,'a1a392b0-00e6-41c8-896b-600c73ceef6e','751e550e-48cc-4997-bebe-4de21904aace'),('961819e1-62db-4330-8c0d-a9ae0baf671a',0,2,'63524128-a4c7-4ecb-87c5-b0b9b1d94863','1dc61fc3-4792-41e8-b86a-5a44ef93c7f6'),('9623f100-4859-40f1-8503-aa503896bd3e',0,6,'797d68a2-ba60-4cf0-b4f3-6b668dadee6d','21c95d07-7591-46d4-b837-f43cda311d5c'),('963254db-246c-4c32-a9a4-f86b8a452c28',0,4,'8a1f0d81-d8d7-4886-87c6-f3af2e064ab1','751e550e-48cc-4997-bebe-4de21904aace'),('9638efb2-3ed7-4825-87ef-d9d9ff5985c0',0,8,'fd8101f1-e5cd-4fd7-9e78-e960ec797f7b','e18251f3-ab0f-40a9-94da-30bbd2a1a4e9'),('963d6f3a-d496-4910-9b47-73bb3c968880',0,4,'4f05f9c3-5350-48bf-b72e-b88bb5c53a38','0989f354-f9ac-4e5a-a41e-fa0fa91c37f7'),('964ba5af-99be-44d9-bc77-8730a47b58a5',0,4,'fd5c9629-8af0-4fc1-b902-f58bf4b34a2a','e18251f3-ab0f-40a9-94da-30bbd2a1a4e9'),('965e5072-4689-4b43-9a73-264973916d00',0,4,'fd8101f1-e5cd-4fd7-9e78-e960ec797f7b','0989f354-f9ac-4e5a-a41e-fa0fa91c37f7'),('9660e2d1-e760-47cc-9afa-6e19c6521efd',0,1,'baf2232e-f6ba-4aa1-bd92-c0f65d83337b','17fb6029-2787-4855-9d09-550223e7e8ec'),('96806ccd-5b14-41be-8c8d-fe932a3d535c',0,5,'863f2e8c-a5d5-4807-b180-8aa8517f239e','c5fe6099-39ca-4feb-9692-5f86b0733812'),('9694311b-7c30-4f47-9665-7d484248ce89',0,4,'0f53b73f-2a6c-4213-a01c-b417f22af83d','c5fe6099-39ca-4feb-9692-5f86b0733812'),('969c9daf-361b-4ce2-9e99-47077e50ad48',0,1,'1abf952f-5942-407b-a70d-b1dbfd11e77c','0989f354-f9ac-4e5a-a41e-fa0fa91c37f7'),('96f5e6b2-6ab5-4b8b-bfec-bb7d88c47396',0,1,'5b7742ed-0012-4f2e-9a23-044519d99f6f','751e550e-48cc-4997-bebe-4de21904aace'),('96fcdcf4-97ea-48b1-9c7b-d956a0aec40d',0,4,'ee34fb71-63a2-44d3-80d6-078cc8c72d0d','ff4d119e-23c2-4957-b496-5288211c3a5c'),('973c49c4-2fcc-4f67-a6c7-53de3b358ed9',0,1,'5701a7bc-f32d-4a85-9b12-718a0cd8e274','82713636-cce1-4ac7-9acf-0355347f0575'),('974e598b-2641-45e2-8099-5f2babde4df8',0,9,'a7782e68-cd6f-4e0e-84dd-073eff176780','ff4d119e-23c2-4957-b496-5288211c3a5c'),('9762f43c-18ee-4828-a456-0b91f9e934aa',0,8,'dbce8cff-9b2c-4047-814a-89115d1f9df0','457fb87c-956a-445e-8c4e-abd36e4fb3ea'),('9791d9a0-be92-4d93-a58f-9e2840052856',0,1,'bea94cf5-839a-43e9-9b0f-ac558b06fadd','3516265e-c183-4773-9115-24b3351e1c43'),('97fe6aaa-2d40-4fd8-97b7-5ee290ca0ddd',0,1,'b57a17e8-426e-4c2c-9d07-5701558480b6','17fb6029-2787-4855-9d09-550223e7e8ec'),('98420df8-9353-4547-902d-74b221573b47',0,9,'b7080e77-9543-48bd-a3b4-6884ad596e7f','fea957a9-3dff-4d68-879a-7447eb491f86'),('984e5fca-82bb-4d6b-a3f3-639712c0a5f8',0,4,'a5e55da0-cca3-4589-b58b-be055034e8b4','5b4292dd-1079-465b-8eee-4278f78cef08'),('98814a89-be98-4f2c-87f8-e753950b4510',0,2,'c59ef963-b983-4bf7-b8fb-dd33a1d83f8b','c2a38727-59a9-4ab1-9004-8bbc0f85f058'),('98f70b58-ab5f-4c6e-b847-02d797bc26e6',0,4,'5b8d736f-6fa4-4fd8-b57a-2102487a5d9d','acd73895-b7b0-4e79-8f11-ce96efa50ff3'),('992abe52-b878-4e21-bd87-c67a03d1f0cb',0,1,'51351614-3b06-4102-9fe8-2e414f2b1738','1dc61fc3-4792-41e8-b86a-5a44ef93c7f6'),('995bd759-18d8-461e-bcc0-5fdf1d82841a',0,2,'ff3e9b82-6fb6-4d94-b686-8790cf3cc0bd','acd73895-b7b0-4e79-8f11-ce96efa50ff3'),('99b4422f-1fb3-4d6b-8999-9fd5de4eac45',0,4,'5c5a7437-6201-48c2-a3d3-50d8ac0490da','e18251f3-ab0f-40a9-94da-30bbd2a1a4e9'),('99f636c7-46ba-42d5-9038-99b578974786',0,8,'25fe8c79-4850-4159-8b1a-4f8731d6f0c0','bd6d69ab-29fb-4b49-a8ed-5c8caa50bf47'),('9a0257ee-a6a0-4959-b403-923fb397f8de',0,5,'842aeb65-8fe7-454f-a0f6-14a381b3b329','47648088-386b-4d47-b6d5-3f2cd15c982d'),('9a043042-1190-4c4c-a220-543a66a57974',0,1,'faf08087-1ad9-4963-b243-39054ea60f9f','3ff8676f-f361-415b-823d-9f3e81dfc109'),('9a31054f-4499-4160-974c-9733eb521e22',0,9,'8eec9603-eb65-45f1-aa60-a1906c4446f0','c2a38727-59a9-4ab1-9004-8bbc0f85f058'),('9a48ddaa-ec89-4db7-83d7-0619b0de2af4',0,7,'bdb7caaf-b614-41c4-9d0e-e38c5ca4860c','0989f354-f9ac-4e5a-a41e-fa0fa91c37f7'),('9a5e44b3-e328-4609-853f-514e84d13410',0,8,'a83d56fe-b0ad-450d-b739-94d4353e4ebb','5a7a4cd0-b554-4ec0-8125-5cee794bb003'),('9a7d3000-1396-4dba-8c46-28d9c6e9bb81',0,4,'d4875ea1-4bbb-452a-834d-b79a6f9ed9ab','d2e4394c-64cd-4332-a9b5-61c43c0ebaa8'),('9ab49618-d802-46c9-8573-0f547844820c',0,9,'1a66d61a-d0c7-4d25-a402-5e9df81c2ddd','bd6d69ab-29fb-4b49-a8ed-5c8caa50bf47'),('9abbb33c-ccf4-425d-b19e-816f6c88943f',0,8,'d4c6232b-f558-4a85-b762-e1943d4f2e70','17fb6029-2787-4855-9d09-550223e7e8ec'),('9ac85fc9-e213-4b56-a752-b0e28c445909',0,2,'436dec8e-a341-4b9e-b654-ec9212027837','d2e4394c-64cd-4332-a9b5-61c43c0ebaa8'),('9ae5aed7-5202-41fd-b28a-42ebd684ae47',0,7,'bb593485-7dde-421f-a8fb-bbc56593a0fa','d2c84234-1048-4fe2-9228-cb1e58ec1e09'),('9b1e47d3-55a7-4827-aab1-490d4d716f06',0,8,'274c79eb-bc5a-4c46-95c3-952a9c247dd5','01a8db3c-90e1-43e7-9954-7a2b77a38fe7'),('9b218caa-b395-41f7-9418-a0fa6c33f9e8',0,4,'d0780df9-aeaf-4208-aaa0-951ea91ae1a6','c2a38727-59a9-4ab1-9004-8bbc0f85f058'),('9b3cb386-648b-4c1c-a242-2c5ae4abb1c3',0,9,'18081660-c66f-4a24-9310-ea7020245ae9','fea957a9-3dff-4d68-879a-7447eb491f86'),('9b47efa5-fb84-4139-be3f-8a0351c3919a',0,1,'36991fc0-6961-45c2-b1a0-2eb85840fbc7','47648088-386b-4d47-b6d5-3f2cd15c982d'),('9ba2fded-d2bf-4c5b-aff2-39c9fe797c24',0,1,'09a5b4f8-7917-4cb6-9902-c5641950c3e6','ff4d119e-23c2-4957-b496-5288211c3a5c'),('9bd6561e-e8a9-494e-b8d7-65a5e66f709b',0,8,'864a0a6b-a151-48d1-a83b-aebf358b2878','bd6d69ab-29fb-4b49-a8ed-5c8caa50bf47'),('9bef2f8d-4b24-4de9-94f3-5d5a5788118f',0,6,'dc590b1d-5eaf-4b9b-92ca-d1c4483e0122','bd6d69ab-29fb-4b49-a8ed-5c8caa50bf47'),('9c66de24-c886-4e51-b020-e1bae3fa160c',0,2,'6d31d103-21b4-494b-82db-28639d8d9523','3516265e-c183-4773-9115-24b3351e1c43'),('9c68d42b-0dea-471f-8c81-d28fcf9a28a3',0,9,'f395e0d3-d79c-4981-8762-6b02241c9ec8','17fb6029-2787-4855-9d09-550223e7e8ec'),('9c72464d-5a73-46b1-80d5-e07e587c5c23',0,7,'7da5e0b8-7442-407f-ad7f-1a0a3bf29b23','fea957a9-3dff-4d68-879a-7447eb491f86'),('9ca66d84-9b14-4ea9-87d4-ffce61b03c77',0,1,'b64c0ba5-d1dc-431b-b83c-63b3ce7b8430','82713636-cce1-4ac7-9acf-0355347f0575'),('9ccf509d-92cf-4fa1-a892-57d7787ab716',0,3,'cc2bb96b-64af-45fb-bd34-347646f018b6','d2e4394c-64cd-4332-a9b5-61c43c0ebaa8'),('9d071119-1398-4ee2-bd42-899579f5b2dc',0,7,'e3912d5e-6c10-4c7a-8b2d-9b57a21c6cbc','751e550e-48cc-4997-bebe-4de21904aace'),('9d4015bc-8878-48b2-a842-c42b05d4f74f',0,1,'91b8b0b8-8007-4ee8-a28f-7f3318c1a94a','bd6d69ab-29fb-4b49-a8ed-5c8caa50bf47'),('9d53939b-fda5-47a8-a4e7-fdff4c8327eb',0,2,'10a766d1-0a4c-4b5f-ad18-2c9eed9b2b2e','3516265e-c183-4773-9115-24b3351e1c43'),('9d54e6aa-c360-4044-ac2a-c94c51a13579',0,8,'38a8da78-6837-44f1-884f-8189c3aca33f','c2a38727-59a9-4ab1-9004-8bbc0f85f058'),('9d5b9662-2d5f-4860-bc6f-a06514b62f37',0,2,'08522709-8abd-4bfb-a61c-6f2b8e0b02fa','39ac6733-9300-446d-8bfc-c1d6320328ed'),('9d60323f-eb69-4ffd-ac0f-fdbaa8c328a7',0,1,'f737f355-e7a8-412c-89f5-89cb45104416','fea957a9-3dff-4d68-879a-7447eb491f86'),('9d8d6e48-eb35-45f5-9929-f8e08168653b',0,3,'7024b577-c4d9-474e-957c-ade4d915abc7','1aeeb40e-4eef-4f0d-8942-bdebb4af9e07'),('9da7b346-79ad-4603-832a-f42be03f2db3',0,4,'a5ec8fab-70cd-4167-b6a0-71e5b9145853','82713636-cce1-4ac7-9acf-0355347f0575'),('9db21c65-2bd1-41f4-973e-02f0c9009d1a',0,5,'0328af4d-13a4-48e9-bf5a-ad72911d7b77','1aeeb40e-4eef-4f0d-8942-bdebb4af9e07'),('9dc91b96-50d9-4538-9297-1f9c2ed7c520',0,2,'980f8cee-57cb-404c-8262-c9c3ba1302c2','c5fe6099-39ca-4feb-9692-5f86b0733812'),('9dd387af-d591-4196-9785-d8008cde0e18',0,4,'a8961388-c813-47f8-9a04-5de0bd4ecc62','21c95d07-7591-46d4-b837-f43cda311d5c'),('9e280ac7-9cd3-4f9e-845f-0a2555f8c4f4',0,8,'a8d6e3bb-5119-4b06-9668-5ac63cdfd74e','39ac6733-9300-446d-8bfc-c1d6320328ed'),('9e639871-25ec-47cb-9c68-1e1a339568a7',0,1,'c28f9832-df71-4945-abe6-d646b6264553','39ac6733-9300-446d-8bfc-c1d6320328ed'),('9e6bc7ce-3db9-4b38-8087-137083257ddb',0,4,'621c0cc3-1df8-48f1-9830-576da95752fb','1dc61fc3-4792-41e8-b86a-5a44ef93c7f6'),('9ea10b73-3651-463c-97fa-49aa5eb8c4fe',0,1,'4d2972e4-d3b6-4622-aac4-2bb06f5d4617','21c95d07-7591-46d4-b837-f43cda311d5c'),('9f1bc857-6973-4d5a-a4f2-db8c1fa6a7b7',0,3,'6edcbc28-a7a6-4f4e-81f4-44088724e6c6','1dc61fc3-4792-41e8-b86a-5a44ef93c7f6'),('9f4e8be6-cc20-4c86-afc5-6a1c775205d9',0,1,'0f1d423e-eb6c-4bed-8d88-224f85e77718','eac6d817-635e-4eb4-8ff4-2442cc3a0600'),('9fa22d04-5577-45cf-a245-6f06c50a9e35',0,9,'e7e615b9-a753-453f-94f8-bdf54de6bd80','3516265e-c183-4773-9115-24b3351e1c43'),('9fa3039c-14d0-4aa9-b6ca-bdb2b255f2db',0,4,'59abcb9f-3e20-4dc8-96ed-780ba89ae88d','17fb6029-2787-4855-9d09-550223e7e8ec'),('9fab8496-d14d-43e7-92a5-0b0b7edac410',0,5,'b111468b-11c3-4142-8dee-c620ad2f156f','1dc61fc3-4792-41e8-b86a-5a44ef93c7f6'),('9ffb009a-49ba-4e92-a36c-77b40533a2f6',0,8,'d1fa579f-87b9-4217-b380-94961df1f395','d2e4394c-64cd-4332-a9b5-61c43c0ebaa8'),('a009b342-9c56-4c70-87e4-f5d0fed86498',0,3,'f673d698-69c3-4577-9737-1ad2d3b6d550','e18251f3-ab0f-40a9-94da-30bbd2a1a4e9'),('a042d4a8-7f14-4798-a3d2-bb23e8130650',0,9,'335dbc00-7816-4232-a8ad-6e4b048e0a0f','28a5914f-5480-4f35-bc92-2172f9521f40'),('a06e1697-417d-4cf2-ab35-98f09e9a09d4',0,2,'4d24df42-4f0d-4ee1-8d9b-0bfdf9992fae','d31cd137-11da-4d24-92fd-f4a5d119be54'),('a0ad9016-a751-4af2-9fc9-062c94d3576f',0,3,'f9126622-2f3a-4bd1-90a8-9ec7e6632b48','0989f354-f9ac-4e5a-a41e-fa0fa91c37f7'),('a0c90e66-76f0-4313-8891-77ec9d86de74',0,7,'950a1927-9c7b-43d9-9cdb-3eed01c2f79a','1dc61fc3-4792-41e8-b86a-5a44ef93c7f6'),('a0fdc52a-934a-4ab4-89aa-a52eeaed1526',0,3,'83f0b776-9867-41d1-a5bd-739f8ab4c060','1aeeb40e-4eef-4f0d-8942-bdebb4af9e07'),('a106351f-d40f-4505-974c-9b4270f848a3',0,6,'9b72cec1-6177-4b08-8b94-266687187b7f','01a8db3c-90e1-43e7-9954-7a2b77a38fe7'),('a1479a48-ff30-4e6e-9cca-64bdf62145c2',0,6,'c92fb539-1aad-4992-8227-31c1c8b4f969','d31cd137-11da-4d24-92fd-f4a5d119be54'),('a185dfe1-6193-4aaf-88bc-9d63f2c68de3',0,6,'e06f1c9b-6b5f-4d88-88a6-416f3f3ca268','ff4d119e-23c2-4957-b496-5288211c3a5c'),('a1e6fd55-6508-42ef-905e-c4f7ebbfcd66',0,1,'2c021248-21b5-455a-a608-350ee435a2de','c2a38727-59a9-4ab1-9004-8bbc0f85f058'),('a1ef0a6d-973f-41cd-80b1-91df253f8a41',0,1,'279c7298-67d9-49e3-9069-8b5ddcbf6ee5','bd6d69ab-29fb-4b49-a8ed-5c8caa50bf47'),('a273b3d1-94dc-40e6-ba05-606e619ddb80',0,5,'184b95e5-53ff-4eb9-b27a-8013892f424c','21c95d07-7591-46d4-b837-f43cda311d5c'),('a294001b-8d98-44c7-8a62-4e0cfd1d2b47',0,4,'dd50e77a-09b7-43a8-bb83-a693f64e0ad9','21c95d07-7591-46d4-b837-f43cda311d5c'),('a2a0d4bd-6b2a-43b0-bc52-668b88086a97',0,6,'bde8e231-0757-4103-83d6-6b814dc52b9a','1456ac55-80cf-4ad4-991e-c463509adc6e'),('a2be6324-3884-4a7b-99f9-0955033dc977',0,4,'3b17da1b-b091-4927-ae5f-ed1845a4762c','47648088-386b-4d47-b6d5-3f2cd15c982d'),('a2c0bcdf-81f3-4008-9ad8-7b8445782bcd',0,1,'2f61d5ab-48cb-4c7d-be62-3fa2eb03eb8a','3516265e-c183-4773-9115-24b3351e1c43'),('a2c30726-4d64-497c-aa08-cd7c29441054',0,3,'f4338950-89b1-4eba-9fc7-24f90a7a3c71','db32ab07-fcc7-487c-a8e9-fb8674b4411f'),('a2ccb1a9-7b1c-4f8e-a91b-95848df4a7bd',0,9,'02570e6d-d502-4b23-a347-c927cd39383e','5a7a4cd0-b554-4ec0-8125-5cee794bb003'),('a352483d-b944-4424-9784-2a0a67b7c2f5',0,3,'d12b92c3-9ab5-4fa1-8c21-ae4fc99c45d1','1aeeb40e-4eef-4f0d-8942-bdebb4af9e07'),('a360d85c-2fab-4555-b923-d145a8b8cb3c',0,3,'554c1281-fb4a-4906-abfa-9fa9247b5b80','35c605c9-e89c-48ee-9d9e-954f5db38f4e'),('a3ee7bad-2d7f-4c46-bebd-f11940b63027',0,7,'4e43b5d0-b94c-4e94-842a-3f3183818101','1aeeb40e-4eef-4f0d-8942-bdebb4af9e07'),('a41ad18f-4498-4023-87d7-0b030ea1a802',0,3,'0140c5a9-609d-4949-8e17-c652d1d18484','bd6d69ab-29fb-4b49-a8ed-5c8caa50bf47'),('a47e5021-9185-406c-a04e-50d94176a79f',0,1,'a44f42fc-1dfb-4e54-844f-c8159b3c50c4','751e550e-48cc-4997-bebe-4de21904aace'),('a48afc19-d981-49ba-9ad1-4b0246dd6376',0,7,'3df97696-efac-4207-84e6-aa8cdd95d558','c2a38727-59a9-4ab1-9004-8bbc0f85f058'),('a4ecba49-f0d3-47cc-9571-5fdf9837dc8d',0,1,'2a63abd0-ff4f-4725-a1ad-3963306f066a','acd73895-b7b0-4e79-8f11-ce96efa50ff3'),('a4eedfc6-087e-4266-82d1-4604b2eca67e',0,3,'f35792ad-5aef-4ccf-98e3-3de065ad0648','21c95d07-7591-46d4-b837-f43cda311d5c'),('a4f16af8-e66b-4b06-aa2b-49253d58c19c',0,3,'d88b00b8-b342-41fb-b09d-00f053c29486','fea957a9-3dff-4d68-879a-7447eb491f86'),('a50654d3-a878-46e3-8fbc-f7acf579bf68',0,1,'ed1271aa-d1c2-4df3-84cb-5f4342c434ae','82713636-cce1-4ac7-9acf-0355347f0575'),('a53f3980-c734-4457-b0ec-f87c30f305d8',0,8,'b5b29acb-e3bd-484e-a498-4be254b4a322','17fb6029-2787-4855-9d09-550223e7e8ec'),('a594e6ed-b4c5-47a5-9dce-8d65d4ff6209',0,1,'8c1e6809-cde2-485d-8b75-8b34a7389323','47648088-386b-4d47-b6d5-3f2cd15c982d'),('a644b352-2d98-4275-b9de-cda76059842e',0,3,'14353e10-c65b-4785-8d2e-e6aae2c0caad','457fb87c-956a-445e-8c4e-abd36e4fb3ea'),('a64d58f4-c21f-42df-b824-2f4e694c52c4',0,3,'58aca4f1-2945-428d-9084-b1d0e4e0ba2d','47648088-386b-4d47-b6d5-3f2cd15c982d'),('a6841764-cd80-42a1-96da-f5322f3f32fd',0,4,'33fb80f8-7641-495d-9df1-744b02518e57','751e550e-48cc-4997-bebe-4de21904aace'),('a6ee3397-8fa6-4b34-b5d2-80716ca4826c',0,4,'5112420c-7b67-481b-aca9-8e8d456d11c8','eac6d817-635e-4eb4-8ff4-2442cc3a0600'),('a704c7aa-7a59-4af2-81c2-f67522a8ce62',0,6,'52113c45-a9fe-46c9-ba56-833b6dcf9cbc','82713636-cce1-4ac7-9acf-0355347f0575'),('a733578f-7b2f-42b6-9aee-04bc2600f5c1',0,8,'8f9b342c-f84a-4ee5-98cc-654fd63cf113','d2e4394c-64cd-4332-a9b5-61c43c0ebaa8'),('a77d8f68-1345-4766-9af1-804ad2263534',0,6,'331101ec-a05e-4f1f-99e1-b9ba75eaec48','d31cd137-11da-4d24-92fd-f4a5d119be54'),('a798b5c8-65a8-40f3-a1e8-40b4d8915f22',0,7,'c99e689e-3b09-4aba-94ca-6b394d489eb8','c5fe6099-39ca-4feb-9692-5f86b0733812'),('a7ded4de-6b2a-489e-a3e7-be9fea8a1d13',0,1,'9b206440-eaf2-45af-a7df-a3945a51ba6d','457fb87c-956a-445e-8c4e-abd36e4fb3ea'),('a7f9b06c-aa3e-4194-9b38-4828bfac1712',0,1,'e796d91c-a2e2-488c-b295-a13b47e1caab','d31cd137-11da-4d24-92fd-f4a5d119be54'),('a8168a08-cb53-4dad-87af-0243885f2cd6',0,6,'8ba4a3f6-acd3-4f82-8d37-bddab7ce5729','d2e4394c-64cd-4332-a9b5-61c43c0ebaa8'),('a8607964-1f49-40c0-8f32-b146f160af4c',0,9,'77f0958e-798a-4e49-b177-7f8b1d10ebd4','457fb87c-956a-445e-8c4e-abd36e4fb3ea'),('a87c2637-e9d1-49f9-a602-2ab61e8e58cf',0,7,'f9e128f2-b0cc-4090-8d7a-2aecae6b9394','751e550e-48cc-4997-bebe-4de21904aace'),('a920ebf5-c471-473d-a1f0-b37ae3afcf49',0,4,'b021d40b-793b-4f5d-bc8a-cd220a357b2f','1aeeb40e-4eef-4f0d-8942-bdebb4af9e07'),('a988b9e4-2fd4-4100-b9c0-f7e312ebc102',0,4,'0aa3004e-9cf9-4cd3-8505-351270246473','3516265e-c183-4773-9115-24b3351e1c43'),('a99074f6-bc18-4d87-9bc7-ab6c81b67366',0,4,'8cdfed53-36b3-41e5-8726-29bf3f6d6cb6','47648088-386b-4d47-b6d5-3f2cd15c982d'),('a9d4abcb-fcf3-481c-bcb2-e11ce32a4f71',0,8,'edc9522b-7836-4ebc-bece-57ef5cbb33f1','d31cd137-11da-4d24-92fd-f4a5d119be54'),('a9efd22e-9ef0-45fd-a540-c78b0e868299',0,1,'3adc11cc-9bff-4ed8-abf0-656c09984254','1456ac55-80cf-4ad4-991e-c463509adc6e'),('aa001662-2fb0-4a8c-9c00-11a30deb6637',0,3,'9d5a71a2-5d11-42a3-b0f1-0d09a06dde74','0989f354-f9ac-4e5a-a41e-fa0fa91c37f7'),('aa0e0327-506b-4039-99ab-314573dd1558',0,5,'4153710a-443c-42c6-8651-8140c3563f32','eac6d817-635e-4eb4-8ff4-2442cc3a0600'),('aa3641ca-4060-489f-acc4-04682edcb8a2',0,2,'e796d91c-a2e2-488c-b295-a13b47e1caab','e18251f3-ab0f-40a9-94da-30bbd2a1a4e9'),('aa3e4ea2-40cf-437c-9317-a0e3aae6c62a',0,4,'a8cebcc9-f703-40d8-b1ee-f9187bb2fb87','21c95d07-7591-46d4-b837-f43cda311d5c'),('aa6ae619-3189-4fc1-bf39-7515ea143258',0,1,'ea4e3114-1692-4c06-981e-be1a5aedcdae','ff4d119e-23c2-4957-b496-5288211c3a5c'),('aa7b35ad-f402-4b71-a3c6-cf7d3529a5fd',0,3,'cc75e992-c893-4b10-aac1-48a07efdb859','457fb87c-956a-445e-8c4e-abd36e4fb3ea'),('aa855be8-185a-4b25-a832-ace9563fe8bc',0,4,'64cb0ad0-ee7f-4721-8ce1-547aa731f931','d31cd137-11da-4d24-92fd-f4a5d119be54'),('aa873b8a-5e77-4b8f-a187-a7153a0be83a',0,3,'a567e314-9c93-4450-a6a4-d08a38fc1722','d31cd137-11da-4d24-92fd-f4a5d119be54'),('aae5f6db-66f2-44ed-91e8-1363a9139bab',0,2,'f9844a62-085b-46af-8f65-db61d00eb70d','21c95d07-7591-46d4-b837-f43cda311d5c'),('aaf42d3f-fa0e-4c81-8ff7-e90c316e14aa',0,4,'19e69a95-f670-4487-9d44-93152c4ff66b','21c95d07-7591-46d4-b837-f43cda311d5c'),('aaf61088-bb56-40ce-ab2d-79a6151477e9',0,1,'4ca34401-a76a-4ab6-af38-8bc4a4127664','28a5914f-5480-4f35-bc92-2172f9521f40'),('ab22067d-672d-4e70-934d-7cbd020ed62b',0,9,'b3ca935c-735b-4516-b1c8-f95b105ef961','d31cd137-11da-4d24-92fd-f4a5d119be54'),('ab22f30c-f98a-4d40-8cb3-3918fa9effdb',0,4,'9496e28c-829c-46ce-8957-ed6e177c6e55','3ff8676f-f361-415b-823d-9f3e81dfc109'),('ab5c6e77-13ec-46f0-9619-dad78e677871',0,6,'62736bbc-3a4f-4588-b0c6-171670dc7a7d','1dc61fc3-4792-41e8-b86a-5a44ef93c7f6'),('ab6bf28d-49f3-4a16-bc76-c59cbdb357d3',0,5,'5c5a7437-6201-48c2-a3d3-50d8ac0490da','28a5914f-5480-4f35-bc92-2172f9521f40'),('abc52b4c-38e2-49ba-9abb-d6442ced63eb',0,2,'e0b85ff7-5d1d-4335-a17f-f9a1798c4555','1dc61fc3-4792-41e8-b86a-5a44ef93c7f6'),('abc60c63-96ca-49a4-b5b3-5a67e4230b45',0,5,'82ce68da-c52a-4002-a239-34ab70fc78ab','17fb6029-2787-4855-9d09-550223e7e8ec'),('ac474b63-be7f-4491-8296-5ca01951ed75',0,9,'b64287c5-8200-4ee9-aa15-0ce693bb17f5','fea957a9-3dff-4d68-879a-7447eb491f86'),('ac94720d-02de-438d-a850-11659a0f0891',0,8,'813cde21-661c-4bf7-bde5-b40716f93e3a','82713636-cce1-4ac7-9acf-0355347f0575'),('acd50800-3578-4af2-ae72-8d18c2d0e076',0,1,'85c444ec-de94-4a47-b4a0-8da3bb4aec51','3516265e-c183-4773-9115-24b3351e1c43'),('acea4cfb-3133-4047-9792-0fbb9f2bb6c3',0,1,'4e6af95a-9bfc-4c34-a1e2-422cd6092f67','5b4292dd-1079-465b-8eee-4278f78cef08'),('acea95e1-de42-4deb-8121-da7701f67209',0,1,'b62c4583-f132-4ed4-8db3-58fb0f6093a9','d31cd137-11da-4d24-92fd-f4a5d119be54'),('acf2f0ec-7b4a-432f-9c62-c5d7045a2f5a',0,1,'62736bbc-3a4f-4588-b0c6-171670dc7a7d','bd6d69ab-29fb-4b49-a8ed-5c8caa50bf47'),('ad016db3-c5f2-4a6e-8e7d-d66fdd5cc9c2',0,9,'82b07ba8-c131-48a2-8d6d-c310c2e89267','82713636-cce1-4ac7-9acf-0355347f0575'),('ad65f55e-7e6d-4527-8e60-3b449e7bedda',0,8,'934f2962-f1a0-48e7-97fb-7409fdce0756','db32ab07-fcc7-487c-a8e9-fb8674b4411f'),('ad946ccb-1aa0-4ef7-9ab7-efeb70882eb8',0,9,'f54fc4bb-fed2-4ca2-b193-f3106f6d0676','21c95d07-7591-46d4-b837-f43cda311d5c'),('ae7d45ae-793b-4a30-87c3-0033a7217ff5',0,2,'34eec580-a755-4295-b9dd-1e687e77ba51','d31cd137-11da-4d24-92fd-f4a5d119be54'),('aea29d66-66cd-4d09-a48a-c736ebdccc81',0,4,'99f5204b-c612-4820-9860-cb3b784860de','d2c84234-1048-4fe2-9228-cb1e58ec1e09'),('aeb216a4-c241-4373-babc-766c2e1f6020',0,7,'b64c0ba5-d1dc-431b-b83c-63b3ce7b8430','db32ab07-fcc7-487c-a8e9-fb8674b4411f'),('af35fa43-ed11-4a44-ae58-30a9e5c1953e',0,3,'d9370227-81da-447a-9d36-404a4af7eade','751e550e-48cc-4997-bebe-4de21904aace'),('af4abc54-a71a-41fa-85a6-1e0e1ae20459',0,4,'c61995ff-b7a8-4aff-9b46-66c7820b7523','d2c84234-1048-4fe2-9228-cb1e58ec1e09'),('af5e32a2-69c9-4582-abc5-e0b72e08b721',0,3,'733714a4-8b6c-4cee-b99f-2a3f7445605e','21c95d07-7591-46d4-b837-f43cda311d5c'),('af628d6a-c31e-4f09-87c9-f33bb3c8ff33',0,2,'fd5c9629-8af0-4fc1-b902-f58bf4b34a2a','c5fe6099-39ca-4feb-9692-5f86b0733812'),('af86d3e0-b7a8-4e36-a6c4-a2b0e68ab153',0,1,'e781a949-1c4a-4ad2-8322-846537779d71','d2e4394c-64cd-4332-a9b5-61c43c0ebaa8'),('af9c1b46-f81f-4fdb-b690-f876d73f7e45',0,9,'7aa47ca0-2298-4cdd-81c7-6de22e64d4fc','3ff8676f-f361-415b-823d-9f3e81dfc109'),('b0329ae7-ba5a-49d8-9b35-e0f953fb795c',0,9,'66c1a62b-25dd-471c-92e2-c8eecf5a505c','751e550e-48cc-4997-bebe-4de21904aace'),('b044a128-6c0b-418b-9377-efac96951f23',0,1,'1a89d87c-7e29-4d68-9704-3beed37c5355','21c95d07-7591-46d4-b837-f43cda311d5c'),('b060cbec-8d88-427b-8722-ed648683f851',0,9,'9e595ddf-2ff7-435f-99b8-8f768885fd5e','d2e4394c-64cd-4332-a9b5-61c43c0ebaa8'),('b0ea49a3-802c-425d-9746-410c9675e210',0,7,'b3599477-c24d-4e3c-a110-fce748c27e88','01a8db3c-90e1-43e7-9954-7a2b77a38fe7'),('b13e6ed0-33b3-4285-a7a3-50c2d3178bc6',0,8,'dd3dba50-ea1b-4045-8e7f-41726da4d94c','82713636-cce1-4ac7-9acf-0355347f0575'),('b13e914a-3e10-43f3-a630-164d3193c429',0,6,'03a90a50-0cc6-4e40-8fa7-afd1b754fbed','47648088-386b-4d47-b6d5-3f2cd15c982d'),('b1465afc-f56a-41e9-bed3-89047715cbe7',0,4,'04e0c7d8-3a78-4357-b630-46258c4d4078','01a8db3c-90e1-43e7-9954-7a2b77a38fe7'),('b1501591-e78e-4481-96e3-423ac944d0b2',0,6,'9140c1ac-6e2a-4f1a-9b73-0c6264992ab0','3516265e-c183-4773-9115-24b3351e1c43'),('b17daad4-51b1-4abb-9257-d0fd079812ea',0,1,'c85c83dd-91a1-4f30-abc2-75f33d366e51','5b4292dd-1079-465b-8eee-4278f78cef08'),('b18caf3c-5843-497e-9e78-299b2f46ffaa',0,8,'7228399f-b1f3-496c-a401-8053148f91d5','01a8db3c-90e1-43e7-9954-7a2b77a38fe7'),('b19693bd-3b79-49a2-a0dc-616bb80e85ae',0,3,'e2e4c5f8-f81f-44f0-a25d-2ebf14627af2','17fb6029-2787-4855-9d09-550223e7e8ec'),('b1a1345c-7f96-43ee-93ec-7faf3fa93b96',0,1,'ce93a75d-28a8-4c70-965a-8da4cd6f092a','28a5914f-5480-4f35-bc92-2172f9521f40'),('b1d3a5ed-03ab-42fc-86c7-9bed508f96f6',0,1,'af2b2191-aec9-4b05-83a1-3dadce924f55','5a7a4cd0-b554-4ec0-8125-5cee794bb003'),('b214e753-d6a7-4f8d-925c-90805595d4f7',0,3,'3c753b59-80ff-45cd-b961-174558da6dd9','28a5914f-5480-4f35-bc92-2172f9521f40'),('b21f0665-f830-44e3-ac9a-11d8b708cec8',0,1,'16361552-e5c1-45ef-87a6-2fa3ff4ac8d1','39ac6733-9300-446d-8bfc-c1d6320328ed'),('b24b807d-6d26-4758-837c-c976c262ed32',0,4,'9496e28c-829c-46ce-8957-ed6e177c6e55','751e550e-48cc-4997-bebe-4de21904aace'),('b255e705-44e2-4e72-930f-67995c7d8fd8',0,6,'6d31d103-21b4-494b-82db-28639d8d9523','acd73895-b7b0-4e79-8f11-ce96efa50ff3'),('b2dee0a2-a02e-4199-ac09-ea39d1aead5f',0,2,'c7416d74-2593-42a9-ab16-da425fc670c7','3ff8676f-f361-415b-823d-9f3e81dfc109'),('b340b685-ff4d-48a5-af2f-9e05a740fca1',0,1,'0c0ae971-42e0-4fe7-bd8e-cf3024918c55','3516265e-c183-4773-9115-24b3351e1c43'),('b36e391a-2bc0-4b51-a4a4-59c0b760b976',0,2,'94adcd66-9465-45dc-b59b-d329f734aee6','0989f354-f9ac-4e5a-a41e-fa0fa91c37f7'),('b36fcd28-87e5-4208-89c5-b70f52e3410e',0,6,'ffc21c49-66e9-4615-a65e-8442e46a85ce','47648088-386b-4d47-b6d5-3f2cd15c982d'),('b378bcb6-b53f-40e4-aa18-c988119235eb',0,3,'7a36f7b1-4f61-4306-bfab-5814f1f202f1','39ac6733-9300-446d-8bfc-c1d6320328ed'),('b3ae6d7a-0383-4d0b-9a35-f8fd903a6326',0,1,'9cf2c961-ebdd-48e8-a056-8df0b25c0af6','1dc61fc3-4792-41e8-b86a-5a44ef93c7f6'),('b3b6fcd9-09ce-48b2-9c7b-9dbaa6e31097',0,5,'4a6269bf-aa7d-4e6c-a5f5-e7192f9ebec8','d2c84234-1048-4fe2-9228-cb1e58ec1e09'),('b3d0484f-2187-43cc-a677-7a2c7346966a',0,9,'c8f791cc-aaf8-47fd-af2b-3e7b9c9be3df','d2e4394c-64cd-4332-a9b5-61c43c0ebaa8'),('b3d866e7-cbea-4392-ae32-b3b2b239e17e',0,9,'ecef4ddd-5bf3-4ca6-80a0-2f3ed6939e5c','d2c84234-1048-4fe2-9228-cb1e58ec1e09'),('b3e4c3ea-28d5-4669-847d-ce32937f4754',0,6,'7af2aa11-6875-4a7a-8f1d-97244c588b10','17fb6029-2787-4855-9d09-550223e7e8ec'),('b4574a93-7fff-46d0-9899-0c85ecaad0dc',0,1,'3ea228a7-9e6a-4114-ad34-f38812f06f30','82713636-cce1-4ac7-9acf-0355347f0575'),('b4640e32-fea1-49d2-8fd5-331162e05103',0,5,'9371c7bd-cb47-4131-bdf5-b3f49e697d45','21c95d07-7591-46d4-b837-f43cda311d5c'),('b4b399c0-9cd8-46ec-a56f-3f03435ad5d9',0,1,'0e7df7f1-0d07-498c-9067-813f678fafce','47648088-386b-4d47-b6d5-3f2cd15c982d'),('b4b3ec82-da21-42ee-b8b5-1c35774f1eef',0,3,'399a7297-40b0-4d44-af74-9786d1ac0112','d2e4394c-64cd-4332-a9b5-61c43c0ebaa8'),('b4da3b32-2856-4d51-bb5e-cf159bd1c70a',0,6,'f116ac7c-a752-401d-b8b9-6243e36f973f','21c95d07-7591-46d4-b837-f43cda311d5c'),('b4f7dd65-b81a-4608-acdf-49d52343aff1',0,1,'657647b5-8d49-42c5-bd5a-d412b677f5ee','eac6d817-635e-4eb4-8ff4-2442cc3a0600'),('b50ede0a-92f9-40da-90ce-5b8ef54a3386',0,6,'85c444ec-de94-4a47-b4a0-8da3bb4aec51','5b4292dd-1079-465b-8eee-4278f78cef08'),('b53db555-f04f-4b42-a6ef-da293933b780',0,2,'3c9c78e3-c2b6-4970-ade6-d08e5277ebfa','c5fe6099-39ca-4feb-9692-5f86b0733812'),('b54cdce8-f393-4b28-8754-2b299ff3f40f',0,9,'7e47a81b-0c52-4231-b45a-d51e2f4e2480','d2c84234-1048-4fe2-9228-cb1e58ec1e09'),('b5b02cc1-6984-4981-9571-6e90c719214c',0,9,'68cb3b42-e4e5-4854-83d2-879575861736','17fb6029-2787-4855-9d09-550223e7e8ec'),('b5de9667-3266-4ee9-89a0-22d43fafdd41',0,6,'dbae78d9-8cbf-4c0e-9dc1-8b048d2d8e2d','0989f354-f9ac-4e5a-a41e-fa0fa91c37f7'),('b5f4b653-ddbb-450a-a4e0-b44504c15440',0,1,'f737f355-e7a8-412c-89f5-89cb45104416','35c605c9-e89c-48ee-9d9e-954f5db38f4e'),('b609f854-e694-4c55-bffc-448f55a3f070',0,1,'9e595ddf-2ff7-435f-99b8-8f768885fd5e','0989f354-f9ac-4e5a-a41e-fa0fa91c37f7'),('b641c93e-ff2c-49e9-9ca1-71f2f3826198',0,8,'0c0ae971-42e0-4fe7-bd8e-cf3024918c55','d2c84234-1048-4fe2-9228-cb1e58ec1e09'),('b6556ee8-4bda-4d02-a812-0e04c7baae79',0,4,'990fa0ef-41e2-47fd-add5-4f71f5d5287e','fea957a9-3dff-4d68-879a-7447eb491f86'),('b67149d0-343c-4170-946d-e9bbf1d2bf97',0,4,'8f94a3f4-65c3-44de-8bdf-d9ce1679c311','1aeeb40e-4eef-4f0d-8942-bdebb4af9e07'),('b68c0b41-f500-4a50-b2d6-9738103ccbd4',0,3,'9aa42eaf-2c23-4689-907c-831b7d37a527','01a8db3c-90e1-43e7-9954-7a2b77a38fe7'),('b6e12924-75dd-4ea3-aaf6-f3b493d43a71',0,1,'6007906a-f952-4c49-a2c9-9172c8040735','bd6d69ab-29fb-4b49-a8ed-5c8caa50bf47'),('b6fa95f9-b8b9-4272-8d46-387dd1d92046',0,1,'d4c6232b-f558-4a85-b762-e1943d4f2e70','ff4d119e-23c2-4957-b496-5288211c3a5c'),('b7264a5c-eb26-4dc7-8357-53a8b60b90fd',0,2,'dd50e77a-09b7-43a8-bb83-a693f64e0ad9','17fb6029-2787-4855-9d09-550223e7e8ec'),('b7388466-4c11-4fc1-95bd-e86f7b00fe60',0,1,'f9c710f4-c401-4827-ad16-7d6f31802511','eac6d817-635e-4eb4-8ff4-2442cc3a0600'),('b7600d4e-1ab3-4569-933f-5a9b8f7f1ea1',0,4,'329ee3b9-5cfb-421d-ae1c-113facee8ebc','e18251f3-ab0f-40a9-94da-30bbd2a1a4e9'),('b76addcc-32b1-4486-9da3-dcd279417775',0,4,'fb4dbf03-3baf-497d-b62e-6cb5659b89ef','fea957a9-3dff-4d68-879a-7447eb491f86'),('b7a8d10a-bdd7-41c7-a7d2-f695dcb22465',0,4,'2dac379a-412f-47b5-9da7-1cbd5ea146b7','eac6d817-635e-4eb4-8ff4-2442cc3a0600'),('b7c79bc1-1484-4d4a-a983-9ff47c2cb248',0,4,'889bd35c-b2b1-4f47-82c4-8a1290a91fe6','eac6d817-635e-4eb4-8ff4-2442cc3a0600'),('b7ce5eaf-6bd3-41b7-80b3-5ee5f4ba4b55',0,1,'5ec5b051-72cb-4326-bcb5-daea283d36b1','47648088-386b-4d47-b6d5-3f2cd15c982d'),('b7da0b97-c333-49b5-9200-7f0a86ff9354',0,7,'fe2a6721-53be-4ca2-8c74-d77309d8c76b','457fb87c-956a-445e-8c4e-abd36e4fb3ea'),('b7ed02d7-9044-48ac-b08e-49f30277bbc9',0,1,'6edcbc28-a7a6-4f4e-81f4-44088724e6c6','35c605c9-e89c-48ee-9d9e-954f5db38f4e'),('b83fe2bc-5d83-47f5-b09f-49e0660ae190',0,5,'4e6af95a-9bfc-4c34-a1e2-422cd6092f67','01a8db3c-90e1-43e7-9954-7a2b77a38fe7'),('b88f8f44-c4ca-4e4a-b39d-f02410fceb3a',0,6,'9b5427f5-ea08-4f90-af5a-89368630b6eb','3ff8676f-f361-415b-823d-9f3e81dfc109'),('b89d2ad8-2b91-458d-9662-02bd2394fc01',0,1,'402dc3ae-5cd1-4e7e-9cc8-99de89236f4d','d2e4394c-64cd-4332-a9b5-61c43c0ebaa8'),('b8a5bbe5-357b-4ed4-a158-c6c6b314cdd3',0,3,'a95ef279-d558-440e-9e51-434e8cd19809','5a7a4cd0-b554-4ec0-8125-5cee794bb003'),('b8fed1e8-1435-4634-adbd-3536f5135ffb',0,8,'7024b577-c4d9-474e-957c-ade4d915abc7','3ff8676f-f361-415b-823d-9f3e81dfc109'),('b9219c54-4a51-4b06-b225-2ed3ac71f557',0,6,'83776b2e-0246-4900-8357-0046d0916520','17fb6029-2787-4855-9d09-550223e7e8ec'),('b985a6e3-d6d5-4efe-a4c1-f4a43cf5c879',0,3,'109120a9-103e-4a15-bacb-1147185121d5','3ff8676f-f361-415b-823d-9f3e81dfc109'),('b990dc7a-4057-4095-a702-f6302483fc03',0,1,'c66af66a-2baa-476b-9944-3ea8f8f46cde','01a8db3c-90e1-43e7-9954-7a2b77a38fe7'),('b9c84bdf-4b8b-43ef-8515-96de4c082a0f',0,3,'573ec1cb-4c53-4622-8e54-ca4c5fde6e17','01a8db3c-90e1-43e7-9954-7a2b77a38fe7'),('b9ea63f0-c1de-4c85-9965-39dc938d984f',0,9,'4ce7a852-f168-45b5-96e1-9f581a34ff59','1456ac55-80cf-4ad4-991e-c463509adc6e'),('ba6d01fa-5d7d-49b4-a415-884fd8b0f77d',0,8,'8c3beca8-f1ce-4e2e-bcc1-46ff0f0524be','1dc61fc3-4792-41e8-b86a-5a44ef93c7f6'),('ba7628e1-bdd1-460a-87b9-50f9bef38be0',0,6,'74d11cc8-efe8-493f-8e12-8fda11112661','1aeeb40e-4eef-4f0d-8942-bdebb4af9e07'),('ba96ae6e-e0d9-46b9-9db3-4f5ba9a2233c',0,5,'77f0958e-798a-4e49-b177-7f8b1d10ebd4','28a5914f-5480-4f35-bc92-2172f9521f40'),('bad20658-0716-49fb-ae1a-75b97d4be540',0,2,'b2e1f3cd-bf5f-41de-b173-2efbc9924410','acd73895-b7b0-4e79-8f11-ce96efa50ff3'),('bafd10aa-e588-4d3a-a468-1504c24d9531',0,7,'9496e28c-829c-46ce-8957-ed6e177c6e55','39ac6733-9300-446d-8bfc-c1d6320328ed'),('bb0aaf8b-1afc-471d-aefb-cc7a04d7c7e9',0,2,'14a22aa3-0f19-489c-bef5-fe470035a395','17fb6029-2787-4855-9d09-550223e7e8ec'),('bb22cd26-72fb-43d4-8ae5-c7898a2271bd',0,2,'915bb819-9445-44be-b838-fd406e6ada47','01a8db3c-90e1-43e7-9954-7a2b77a38fe7'),('bb463867-eaa3-47ae-931e-7f5c2a100098',0,8,'9699a1f9-3aaa-46a4-9bc2-bf9459731794','db32ab07-fcc7-487c-a8e9-fb8674b4411f'),('bb777f8b-88ba-4a76-8c4a-d5651a0c0572',0,6,'1f7df5f8-285f-4ccc-8ed8-3c13bfe93ab4','1456ac55-80cf-4ad4-991e-c463509adc6e'),('bba10480-6f42-4223-8b44-900d1699efb3',0,1,'48c451de-9a8f-4531-b48b-2706702220c5','39ac6733-9300-446d-8bfc-c1d6320328ed'),('bbcd9dbe-2947-429e-bae3-900adafed139',0,3,'a1820eed-9c42-4e1b-bffe-b65cd3524a47','3ff8676f-f361-415b-823d-9f3e81dfc109'),('bbe75aea-116e-4b49-8882-25747c6b1a88',0,1,'311eca0c-54dc-4358-9734-c142be68a42b','bd6d69ab-29fb-4b49-a8ed-5c8caa50bf47'),('bc2d0b4d-a1ea-49ab-8451-e6b138e1a9e8',0,9,'00b50642-4bf5-4131-82cf-106e8b5b7d83','d2e4394c-64cd-4332-a9b5-61c43c0ebaa8'),('bc454bc7-39f0-4f53-bd59-b7bf5686627d',0,1,'621fdcce-9ae4-4ea8-b3f5-48feb9452d1f','82713636-cce1-4ac7-9acf-0355347f0575'),('bc52b15c-8cad-4d8b-9c82-32c8436255a3',0,5,'aa65ec66-c47a-42e8-8c56-3f227d3df582','1aeeb40e-4eef-4f0d-8942-bdebb4af9e07'),('bc679190-7a0d-4dea-b819-2c74a5cfb1ea',0,7,'0caa1dd5-3be7-4f3e-a097-46593bc65a37','acd73895-b7b0-4e79-8f11-ce96efa50ff3'),('bcbf96f8-b64a-4e58-8f65-220a0796e6cf',0,2,'0fbd010d-c236-4acc-bdc5-7c39892fb4c0','5b4292dd-1079-465b-8eee-4278f78cef08'),('bcf23137-2cbe-47ac-a3cc-35e0ce2b95cb',0,1,'a1cb6eea-6ec4-4117-ae95-42494472e65a','35c605c9-e89c-48ee-9d9e-954f5db38f4e'),('bcfe33a1-2fd3-4e34-bf7c-8939d70cff72',0,6,'ec6bcca9-4a3d-4d64-a9c8-0c465418ba42','db32ab07-fcc7-487c-a8e9-fb8674b4411f'),('bd1198d4-73f0-40b5-b50e-726059a83706',0,1,'b111468b-11c3-4142-8dee-c620ad2f156f','1aeeb40e-4eef-4f0d-8942-bdebb4af9e07'),('bd31536f-3109-478d-9b76-efc44f1c6e27',0,2,'fe0d7edd-ad34-4ba1-8515-e3751799afc4','1dc61fc3-4792-41e8-b86a-5a44ef93c7f6'),('bd4f7cd6-dc7a-4ee5-bc23-ed588b20f39c',0,4,'c4670b4b-55ff-43d5-a8d1-c73bf0ad2ccb','ff4d119e-23c2-4957-b496-5288211c3a5c'),('bd69a3c2-f568-467d-a4b8-1b70795b6b3c',0,4,'bdee42e7-dbb8-49b0-b1fb-337a9a51be66','3ff8676f-f361-415b-823d-9f3e81dfc109'),('bd7f734f-3ae1-4d54-96af-f9beb51e3bf5',0,1,'8b01eb7e-166d-4a53-b2d5-09e3ead36c8a','82713636-cce1-4ac7-9acf-0355347f0575'),('bdb0c85c-4157-41e9-a41f-26ac86ed5c70',0,5,'09c992df-aae7-4607-b567-be99ace1299a','17fb6029-2787-4855-9d09-550223e7e8ec'),('bdc4f4c1-1738-46b0-9cc0-f270733046cf',0,3,'c59ef963-b983-4bf7-b8fb-dd33a1d83f8b','39ac6733-9300-446d-8bfc-c1d6320328ed'),('bdcfc195-d976-4c98-8150-13f9c7ac11a4',0,6,'deeb50eb-a2f6-4a62-ac56-3e753b550f40','c5fe6099-39ca-4feb-9692-5f86b0733812'),('be76f780-cdec-4c25-a757-68aff6d6976a',0,7,'73fffcdd-11a0-4b3c-be70-b7f8634e64cc','fea957a9-3dff-4d68-879a-7447eb491f86'),('be82a979-1bec-432c-a902-3cbb08e61d7d',0,4,'dad3fcbc-2a89-42f6-bd1c-ef0806eed0e8','acd73895-b7b0-4e79-8f11-ce96efa50ff3'),('bec8cb3c-3631-4725-885d-355637bca488',0,2,'f253cfc8-24bf-4fa6-b8d2-f700d051f0f5','d31cd137-11da-4d24-92fd-f4a5d119be54'),('bf225c5c-51d5-4b0d-90f1-82bdb763c833',0,6,'9699a1f9-3aaa-46a4-9bc2-bf9459731794','acd73895-b7b0-4e79-8f11-ce96efa50ff3'),('bf5fe7c2-e90c-4420-945f-339d9a309a62',0,2,'021b0276-20dc-4910-aceb-aac4612e121d','db32ab07-fcc7-487c-a8e9-fb8674b4411f'),('bff8e897-e0ed-4a9b-8a39-abdd1aa48b0e',0,1,'a567e314-9c93-4450-a6a4-d08a38fc1722','3ff8676f-f361-415b-823d-9f3e81dfc109'),('c019c8ce-0f33-4314-918b-ae841094f67e',0,4,'b34b4536-5f18-4e77-abec-f25a7884fef3','3ff8676f-f361-415b-823d-9f3e81dfc109'),('c0965763-3e6e-4b0c-90d0-213ec4d22602',0,9,'66abe1f4-86a6-40be-99d4-1cc445885b8b','1456ac55-80cf-4ad4-991e-c463509adc6e'),('c0abcceb-f9ff-4fb5-9aa4-97c6a14b3d8c',0,2,'14445d0c-019f-4806-b769-8c4d5807953e','82713636-cce1-4ac7-9acf-0355347f0575'),('c0f1f85a-2c4c-4b84-93d6-32fb5d897b25',0,6,'990fa0ef-41e2-47fd-add5-4f71f5d5287e','c5fe6099-39ca-4feb-9692-5f86b0733812'),('c152edc8-1fab-4f2c-a49f-0b3ee0085ade',0,6,'d418a7b2-cd52-4a1f-8393-d9cbbdd22834','ff4d119e-23c2-4957-b496-5288211c3a5c'),('c1ad757c-82be-4c86-b212-8bba2da09c37',0,2,'095251c1-0518-4e08-8ba1-4f5e2cb07b31','5b4292dd-1079-465b-8eee-4278f78cef08'),('c1dd6dae-9b6e-4ab4-b85b-3c8a4553c951',0,6,'7a04df1f-923d-47c3-b95d-0369501fd24d','0989f354-f9ac-4e5a-a41e-fa0fa91c37f7'),('c1ea4166-c178-4e48-a60a-be57d1c687a4',0,1,'7af2aa11-6875-4a7a-8f1d-97244c588b10','21c95d07-7591-46d4-b837-f43cda311d5c'),('c26eb675-4203-4a0e-9312-931ba2cb9e5b',0,6,'ebb74411-11bb-4fb0-be68-5c7a6e0442e0','457fb87c-956a-445e-8c4e-abd36e4fb3ea'),('c282300c-5495-4f00-82d2-d39541fe34ba',0,1,'4e1c4bc6-f13e-422e-a8bc-ce7d1c56d5d8','1aeeb40e-4eef-4f0d-8942-bdebb4af9e07'),('c2af15dc-58c4-4195-bc51-34673f0ded6d',0,9,'de946e8b-49e5-4cb4-ba48-76fef3660c08','bd6d69ab-29fb-4b49-a8ed-5c8caa50bf47'),('c2c86390-cd71-4828-8a17-772eff64ac5e',0,5,'89bdda55-9a48-4054-9b23-d669794c2458','17fb6029-2787-4855-9d09-550223e7e8ec'),('c2e1afe6-6b10-4c36-baa8-bf337eceeeb9',0,7,'3f722231-226d-4059-9ec9-dc082d25774c','1456ac55-80cf-4ad4-991e-c463509adc6e'),('c2e8de01-eb0f-47d3-a1bd-adef030484e7',0,9,'c771ddb4-b87c-4a9b-9b0b-f503f7b67694','fea957a9-3dff-4d68-879a-7447eb491f86'),('c2ff17c6-bed7-43ab-90d4-f1d4aa8b9d41',0,9,'986da53a-8712-48e9-bda8-4f8df6d03cbc','39ac6733-9300-446d-8bfc-c1d6320328ed'),('c2ffcf37-18d2-45a5-a433-7f0f5185b4c8',0,8,'8adcaa0f-2344-4f7e-973f-3ee22d5df900','751e550e-48cc-4997-bebe-4de21904aace'),('c3bbe5d0-27bf-40f2-a189-b8d912ef84f9',0,9,'62f5a90a-2c5b-4e0d-a111-1ebc8cd0589a','457fb87c-956a-445e-8c4e-abd36e4fb3ea'),('c3c218a2-9f44-4947-b517-6c5e53e90a68',0,8,'b3599477-c24d-4e3c-a110-fce748c27e88','1aeeb40e-4eef-4f0d-8942-bdebb4af9e07'),('c3e15644-dde5-45ab-bdcb-04b58488d4c7',0,3,'74d11cc8-efe8-493f-8e12-8fda11112661','1dc61fc3-4792-41e8-b86a-5a44ef93c7f6'),('c3e7d904-333e-4973-9bf3-433dd63c0540',0,1,'4a2a52a9-74aa-466e-9a37-5b13640807ef','3516265e-c183-4773-9115-24b3351e1c43'),('c446aa00-a238-4632-8df0-233872c4f093',0,9,'65f42b98-13bc-4970-afb2-faa5007abc5b','d2e4394c-64cd-4332-a9b5-61c43c0ebaa8'),('c461d238-2c01-4bc2-a595-fc48355830c6',0,4,'8b1314e2-42ae-4a77-b3fc-5217cb5ce50d','ff4d119e-23c2-4957-b496-5288211c3a5c'),('c47911fb-9fa6-4ba8-8c69-d2f1dddc320d',0,1,'331101ec-a05e-4f1f-99e1-b9ba75eaec48','ff4d119e-23c2-4957-b496-5288211c3a5c'),('c4cd18b6-9bca-4bc5-8dc6-80325840f973',0,4,'098bccdf-51a4-4227-860e-d5198e75b032','d2e4394c-64cd-4332-a9b5-61c43c0ebaa8'),('c4ed354b-8ffc-4098-a53d-b1bf7d8d3803',0,1,'f6d08982-f94b-4975-8f20-4b3bef9a79cf','751e550e-48cc-4997-bebe-4de21904aace'),('c535d235-ef06-4cd8-aec5-f03a4451fa7f',0,5,'8f94a3f4-65c3-44de-8bdf-d9ce1679c311','1456ac55-80cf-4ad4-991e-c463509adc6e'),('c54207ca-0f37-4eaa-866a-144a823f2ebe',0,7,'3cb996f4-8a19-43eb-bca0-8e9e6e0ee407','751e550e-48cc-4997-bebe-4de21904aace'),('c542ae0e-67c8-4b4d-8d1f-6e2f4b523c95',0,1,'52fd2a55-1fd5-48f8-b5f1-9cd77553a863','c5fe6099-39ca-4feb-9692-5f86b0733812'),('c5916cf9-8e7a-4dd3-af75-6256de1a6aae',0,1,'45dbda93-3b26-421a-9ba1-7e1b74f80fe1','0989f354-f9ac-4e5a-a41e-fa0fa91c37f7'),('c603c933-4968-4664-8b6d-2f95d36139b4',0,2,'72d1e411-e666-40b0-b111-b4f36788f6e7','0989f354-f9ac-4e5a-a41e-fa0fa91c37f7'),('c615867b-03cf-4525-8360-ff6735d811e0',0,7,'68877c5b-071a-4de8-87d2-08b10d141d46','c2a38727-59a9-4ab1-9004-8bbc0f85f058'),('c61f1cf2-6982-438d-81fd-8ae91a5560b7',0,5,'0fbd010d-c236-4acc-bdc5-7c39892fb4c0','d2c84234-1048-4fe2-9228-cb1e58ec1e09'),('c6c4f13a-966c-4133-ac8f-1390cdf55050',0,1,'c61995ff-b7a8-4aff-9b46-66c7820b7523','39ac6733-9300-446d-8bfc-c1d6320328ed'),('c70579b8-6392-434c-886c-79fd6433cbc2',0,4,'41e8f57f-344d-4b88-a4cf-5e7bdc76be53','acd73895-b7b0-4e79-8f11-ce96efa50ff3'),('c73416c6-3224-45aa-b209-31e1612cd74a',0,8,'9f53d7d7-f26a-4571-b8de-c71f4528a733','28a5914f-5480-4f35-bc92-2172f9521f40'),('c78ba3a6-77ee-4d5a-ac59-cc2d49691fe1',0,4,'e0563d52-3378-422d-a120-507c15564b13','47648088-386b-4d47-b6d5-3f2cd15c982d'),('c79ccc7b-52fb-46b9-b7dc-70403501d724',0,2,'69aa2bc1-dea5-41ab-b90a-c26e5b362ac5','c5fe6099-39ca-4feb-9692-5f86b0733812'),('c7a23967-bb33-4549-86f6-31103fda448f',0,5,'109120a9-103e-4a15-bacb-1147185121d5','c5fe6099-39ca-4feb-9692-5f86b0733812'),('c7aa3bed-795a-45ef-926d-0e3478f4e267',0,7,'3c9c78e3-c2b6-4970-ade6-d08e5277ebfa','d2e4394c-64cd-4332-a9b5-61c43c0ebaa8'),('c7ff9eab-1344-4ebf-b51a-be1064d972d3',0,7,'a399c858-8ada-4514-b17d-256f048a76f6','d2e4394c-64cd-4332-a9b5-61c43c0ebaa8'),('c80223da-9e25-46ab-87de-46161f720a07',0,5,'dd783b44-1694-4d61-b90b-78ec95f460e9','bd6d69ab-29fb-4b49-a8ed-5c8caa50bf47'),('c8278772-713c-4667-b81b-be67d86019f8',0,4,'40824803-7dbb-48ce-a582-58333ca7683d','acd73895-b7b0-4e79-8f11-ce96efa50ff3'),('c877a279-0ef7-47b0-8f47-2dbbf525c8d2',0,1,'40824803-7dbb-48ce-a582-58333ca7683d','47648088-386b-4d47-b6d5-3f2cd15c982d'),('c8c9d6e1-fe2a-4d74-8617-126d52d28d42',0,1,'5bbcc95d-9b24-4216-9428-73860abbcd6b','e18251f3-ab0f-40a9-94da-30bbd2a1a4e9'),('ca2658a5-cd3b-46a9-9a87-889284584ea9',0,2,'c6897edd-ab5b-4842-9074-ad6df24af651','d31cd137-11da-4d24-92fd-f4a5d119be54'),('ca3b4319-951f-4c46-9572-6b1019838978',0,6,'bd8ef60f-a4f3-497f-af40-97417cf60b92','3ff8676f-f361-415b-823d-9f3e81dfc109'),('ca7daa0d-2eea-417c-af36-67a07ff1bd1f',0,4,'c65e4e78-d124-413b-9a12-1cb01ae1a5fa','c5fe6099-39ca-4feb-9692-5f86b0733812'),('cb16c9e3-bf16-4fb8-a8ed-96f0b67ef8c4',0,8,'d418a7b2-cd52-4a1f-8393-d9cbbdd22834','28a5914f-5480-4f35-bc92-2172f9521f40'),('cb20872b-9e87-4924-b2f9-491b89a1744a',0,1,'8ef150ca-6e19-48b1-a978-5987dd345fc0','5a7a4cd0-b554-4ec0-8125-5cee794bb003'),('cb5f892a-d995-41c0-8b42-2747fefae463',0,1,'d4812c9a-3046-4e06-a3f4-c9d387e09654','17fb6029-2787-4855-9d09-550223e7e8ec'),('cb856fbc-e8b8-4795-bc8f-731cce5f5727',0,5,'ed174ae7-788c-4cf0-bce5-6e1deaf381a6','ff4d119e-23c2-4957-b496-5288211c3a5c'),('cbc43d55-2886-4f40-9dd4-5081fb45ee79',0,8,'91c4874e-8196-4bb9-855c-553b8ed25d55','d2e4394c-64cd-4332-a9b5-61c43c0ebaa8'),('cbde2e7e-1f4f-4078-ae81-16752c393952',0,7,'56ba007d-ce31-483b-bb5b-fee8d8e5e0b8','acd73895-b7b0-4e79-8f11-ce96efa50ff3'),('cc183b6b-ba07-49a7-9c8b-8784d72414e6',0,8,'a15ac143-734c-4b3e-a6e4-9771ac1c81ea','d31cd137-11da-4d24-92fd-f4a5d119be54'),('cc4663d9-6b78-431e-a6cc-843c577419e1',0,7,'6abe4b85-9594-4803-8b8f-68f56ccda855','01a8db3c-90e1-43e7-9954-7a2b77a38fe7'),('cc4b3a52-9314-4748-8672-a0f4ffa57f5d',0,9,'9864594b-affe-459d-91d9-f53a9e33ea7f','39ac6733-9300-446d-8bfc-c1d6320328ed'),('cc63d6b0-66f7-4d0a-829b-9c20e776f6d4',0,4,'30a5ef4f-ed61-49cd-88a9-a1fe80a57983','5b4292dd-1079-465b-8eee-4278f78cef08'),('ccb0f76f-240c-44a0-afa7-e33cf4053e0a',0,1,'fcb9ae38-9d03-4f9c-9bfd-048596c7ffac','457fb87c-956a-445e-8c4e-abd36e4fb3ea'),('ccc322cb-b702-44c9-af3f-2b213698a844',0,6,'9cf2c961-ebdd-48e8-a056-8df0b25c0af6','39ac6733-9300-446d-8bfc-c1d6320328ed'),('ccf73c57-1971-4b6f-b6eb-69efb29a41a3',0,3,'57f2646f-5caf-4d4a-81fd-310061ab4373','bd6d69ab-29fb-4b49-a8ed-5c8caa50bf47'),('cd436bdc-ef65-4ae0-92e1-cf798343244a',0,5,'a95ef279-d558-440e-9e51-434e8cd19809','c5fe6099-39ca-4feb-9692-5f86b0733812'),('cd9de836-5780-4e2f-b8ae-32042f0ede6c',0,8,'6de8b1d0-42bd-47da-a1c5-207ba0120e92','1aeeb40e-4eef-4f0d-8942-bdebb4af9e07'),('cdda2b9a-f2fb-4882-9476-903e19b513d4',0,6,'314789e6-0b2d-4a62-99ce-4e443fd23d5f','fea957a9-3dff-4d68-879a-7447eb491f86'),('cde5234a-94ac-4084-b33b-25fb34c69bac',0,1,'97fac04f-399a-47b3-bc89-8c97a6b74770','fea957a9-3dff-4d68-879a-7447eb491f86'),('cdfd6d34-d17e-4e1b-95d8-834889726286',0,2,'893c3b37-5f91-4d41-9487-b531a0f8ec28','1dc61fc3-4792-41e8-b86a-5a44ef93c7f6'),('ce1b45b4-f8a5-42ec-a88e-0c941ed5e3bb',0,7,'e7a53282-865e-42a4-b251-6988605b07db','1dc61fc3-4792-41e8-b86a-5a44ef93c7f6'),('ce69dd53-09c2-4117-bbf7-9fa203981686',0,6,'25dc6874-878b-41df-9e2f-d3edc1b7834d','c5fe6099-39ca-4feb-9692-5f86b0733812'),('ce7d7276-4633-43c5-ad33-27416b08b062',0,2,'a399c858-8ada-4514-b17d-256f048a76f6','35c605c9-e89c-48ee-9d9e-954f5db38f4e'),('cea3f674-d82d-4ab3-a05b-cf67f10449bf',0,1,'e01c53d0-cfe6-44a9-b36e-26138b7bb02e','21c95d07-7591-46d4-b837-f43cda311d5c'),('ceac6bf4-1d46-42a3-af0a-e26c5cfe177a',0,6,'5bfba42e-37fa-40ad-aa80-6a19f90c69ef','751e550e-48cc-4997-bebe-4de21904aace'),('cebfe111-998a-4c00-badf-9c59ae40c222',0,6,'aa0fb325-0874-4f73-8586-5f8412587726','457fb87c-956a-445e-8c4e-abd36e4fb3ea'),('cec5e2c0-db35-41a0-b1a4-ef6f08a63221',0,5,'a6652621-58df-459c-b5b0-b409d794151a','d2e4394c-64cd-4332-a9b5-61c43c0ebaa8'),('ceeaf949-dbde-422c-bc5a-206177cf9cbe',0,2,'da569fb1-2385-498b-9948-e5e273c738c4','eac6d817-635e-4eb4-8ff4-2442cc3a0600'),('cefa1cd9-1c68-4322-b0a6-0bcfe4126712',0,3,'e93a86a1-a055-43d5-8bb4-3f67ccf983a8','5b4292dd-1079-465b-8eee-4278f78cef08'),('ceffccd2-1477-4d31-8d03-4ba2abdb3e28',0,7,'2ed2ca3e-4d6a-4e05-b614-8bc4f912eec9','fea957a9-3dff-4d68-879a-7447eb491f86'),('cf0a64ab-5843-480a-ba86-8a124fa88a6a',0,1,'ffce6d97-28fb-48c1-9171-a9119ea2a67a','82713636-cce1-4ac7-9acf-0355347f0575'),('cf13714b-6c70-4302-9db5-d5bfa4de4ec5',0,1,'9a877c41-16a7-4f5f-8acf-5cc4faa5151e','35c605c9-e89c-48ee-9d9e-954f5db38f4e'),('cf209a2e-4ac2-413c-bb55-13ed63061dd4',0,7,'afe095f7-4aba-4368-aafc-e3944a610670','28a5914f-5480-4f35-bc92-2172f9521f40'),('cf217a86-7244-4ac1-866f-7c4c6349f0ec',0,8,'2eabfa8c-358e-4a87-bb54-99e06133954a','fea957a9-3dff-4d68-879a-7447eb491f86'),('cf3f84d0-bde2-4eab-ae4a-b65f1413b140',0,1,'e06f1c9b-6b5f-4d88-88a6-416f3f3ca268','1dc61fc3-4792-41e8-b86a-5a44ef93c7f6'),('cf929ac4-eba4-43a8-bd7b-921e6dd0d9b7',0,7,'b2513696-afce-4c48-bb1c-28e06e1bdb4a','01a8db3c-90e1-43e7-9954-7a2b77a38fe7'),('cfc7a1a7-bcd7-4efe-80be-135b096eeb88',0,1,'3cb996f4-8a19-43eb-bca0-8e9e6e0ee407','d31cd137-11da-4d24-92fd-f4a5d119be54'),('cfd4375b-8fb9-4526-add3-182b3394f532',0,3,'a2b6bab0-e8c6-4205-be5a-1717e459dd05','3ff8676f-f361-415b-823d-9f3e81dfc109'),('cfdbdf7b-8dc8-4f3e-88b2-d022f4924938',0,4,'152e0feb-da4a-4b7c-8e8d-0a2d6ea8af81','28a5914f-5480-4f35-bc92-2172f9521f40'),('cff2bc0e-ce79-46a9-90c3-8420a2daefbd',0,1,'4139fda4-ed14-4847-925a-6edcea9c780a','e18251f3-ab0f-40a9-94da-30bbd2a1a4e9'),('d0198e0b-2400-4163-8873-9761285efb30',0,9,'386fcb25-56dc-471b-ad14-01c39bac0879','82713636-cce1-4ac7-9acf-0355347f0575'),('d08a5991-f4bc-41d4-8405-4080932bcd52',0,2,'a6652621-58df-459c-b5b0-b409d794151a','fea957a9-3dff-4d68-879a-7447eb491f86'),('d0e29008-e279-4598-8293-bfa10320676e',0,9,'e116f95e-acc5-4163-af68-7ac0d295dff3','1dc61fc3-4792-41e8-b86a-5a44ef93c7f6'),('d0f85bd2-8214-44c6-8520-2ff484bc23b8',0,4,'0d20176f-db8a-44e0-a160-9523573d124c','39ac6733-9300-446d-8bfc-c1d6320328ed'),('d1522fba-14b4-40c3-870d-e491713eb051',0,4,'270fe86c-9302-44cf-8973-c2bcd609142b','17fb6029-2787-4855-9d09-550223e7e8ec'),('d162f2df-563d-41c6-9fb8-b52a227d22a2',0,5,'906b543a-42fe-4ba1-8980-e87071111519','eac6d817-635e-4eb4-8ff4-2442cc3a0600'),('d17e629a-befe-4dd6-9f8b-3a521ee7c480',0,5,'e2257ab6-813a-4ad7-b900-86abbcde426f','1aeeb40e-4eef-4f0d-8942-bdebb4af9e07'),('d199d9ea-ba64-409e-a634-31bb0fd2a7d3',0,3,'91b8b0b8-8007-4ee8-a28f-7f3318c1a94a','d2e4394c-64cd-4332-a9b5-61c43c0ebaa8'),('d1e4b498-9800-4be1-bf9f-44492ce46e63',0,8,'230a6dfd-2270-41b7-95e2-76f5b1885101','ff4d119e-23c2-4957-b496-5288211c3a5c'),('d20e3791-cd59-487c-83cd-20b3979c7d2e',0,4,'213d6198-f3a5-4005-80ef-2660fbc5b05d','1dc61fc3-4792-41e8-b86a-5a44ef93c7f6'),('d24b06eb-f74b-44d3-b658-2ea928d36656',0,6,'a7cc8e3c-83e1-4868-8fef-c91ad0a03d5d','751e550e-48cc-4997-bebe-4de21904aace'),('d2ac003c-d530-420e-8d43-9aee3ac12024',0,8,'64568f5a-3c9e-469b-88ca-256f322e8d5c','457fb87c-956a-445e-8c4e-abd36e4fb3ea'),('d2ad83e2-2612-4358-ab99-22cb66120d53',0,9,'14cf896b-07e0-46c5-9158-0268c097af53','d31cd137-11da-4d24-92fd-f4a5d119be54'),('d2b654f6-dc2a-4bd7-a45c-db4e9f0cfc92',0,7,'4ae15132-171f-4ba6-9ef4-e7bd81c38a9b','35c605c9-e89c-48ee-9d9e-954f5db38f4e'),('d2b6f64a-a110-4b06-9f70-20a537eb3237',0,1,'906b543a-42fe-4ba1-8980-e87071111519','35c605c9-e89c-48ee-9d9e-954f5db38f4e'),('d2e705e1-ae84-4654-93b4-3d4c1805ac09',0,1,'2ca5365d-2625-4abc-b9b5-32f1ff7c2188','01a8db3c-90e1-43e7-9954-7a2b77a38fe7'),('d3152d2f-aba3-4191-953d-ccc0fcb59fcc',0,9,'9d899ee7-ce96-48e3-a7d7-0ef3ea99b5c9','21c95d07-7591-46d4-b837-f43cda311d5c'),('d330a794-2496-46cf-bce4-93c09e8201f2',0,1,'3f722231-226d-4059-9ec9-dc082d25774c','35c605c9-e89c-48ee-9d9e-954f5db38f4e'),('d3456972-8847-419e-85a1-2456a850db29',0,7,'a2b88447-d2c5-4429-b4c2-1832cf89b71d','d2e4394c-64cd-4332-a9b5-61c43c0ebaa8'),('d3627fea-9641-411b-ba27-53c08ae4dd26',0,3,'0e6b90d7-6880-4d2c-a458-9c191d16abba','35c605c9-e89c-48ee-9d9e-954f5db38f4e'),('d3640eab-bf3d-4dc3-a8c9-d81ef4bb6467',0,7,'c8f791cc-aaf8-47fd-af2b-3e7b9c9be3df','47648088-386b-4d47-b6d5-3f2cd15c982d'),('d37dced4-64b8-4f40-8605-a7875cd803d6',0,9,'46b3b3ca-25b2-4cde-87a0-8ff8723fef6a','21c95d07-7591-46d4-b837-f43cda311d5c'),('d3bebe43-ffa1-4fda-a222-7d126d113de9',0,3,'ffc21c49-66e9-4615-a65e-8442e46a85ce','01a8db3c-90e1-43e7-9954-7a2b77a38fe7'),('d3f41210-0263-461c-86fa-37855e90d18f',0,4,'dc590b1d-5eaf-4b9b-92ca-d1c4483e0122','1aeeb40e-4eef-4f0d-8942-bdebb4af9e07'),('d3fe3b1f-da5f-4034-82a5-25290cc76eb7',0,6,'d9370227-81da-447a-9d36-404a4af7eade','eac6d817-635e-4eb4-8ff4-2442cc3a0600'),('d420f7b2-97ab-4fc5-ba3f-9daba2e8c40f',0,1,'e77bce16-8c84-4ea3-8ba2-dceeb3017646','5a7a4cd0-b554-4ec0-8125-5cee794bb003'),('d43223cd-68d8-44c7-bd20-92e413e9b782',0,6,'83f0b776-9867-41d1-a5bd-739f8ab4c060','17fb6029-2787-4855-9d09-550223e7e8ec'),('d43e03fc-410c-4dc8-bb13-3ea55d0d8600',0,8,'9140c1ac-6e2a-4f1a-9b73-0c6264992ab0','fea957a9-3dff-4d68-879a-7447eb491f86'),('d46296f5-9fa3-412b-ac20-ef10d459fbbf',0,9,'e33f19e9-b4f4-4a09-95e1-4e879fcfc039','d31cd137-11da-4d24-92fd-f4a5d119be54'),('d46417ce-fce1-4b9e-98be-d06f2b634a3d',0,4,'13e65779-f4b3-4511-a38c-a2a0785d9908','1456ac55-80cf-4ad4-991e-c463509adc6e'),('d4f0aa61-921b-4838-bce9-6ac35064e089',0,2,'eae39376-2453-4bf5-97db-66cd11cec0ba','751e550e-48cc-4997-bebe-4de21904aace'),('d4f0aa64-d342-492c-9bac-40ef9f8012b0',0,5,'39ce4467-5007-4edc-a549-228e092efa4c','acd73895-b7b0-4e79-8f11-ce96efa50ff3'),('d59e27e8-37f1-4458-87bf-6c4e1e8e4522',0,4,'fc596a5c-9b4f-4128-ae00-996fdad51223','39ac6733-9300-446d-8bfc-c1d6320328ed'),('d5cb5084-9c12-4585-a026-3b00bf694c00',0,2,'3c889c21-d36e-4590-8101-f5dbc65856e6','35c605c9-e89c-48ee-9d9e-954f5db38f4e'),('d5fc6c1b-b1ca-4816-a274-2c687118e746',0,9,'4f05f9c3-5350-48bf-b72e-b88bb5c53a38','eac6d817-635e-4eb4-8ff4-2442cc3a0600'),('d67baa55-5964-4e9b-8992-481bf7d6dd77',0,6,'8aee3a71-96fb-4352-ab75-4d25523e9650','fea957a9-3dff-4d68-879a-7447eb491f86'),('d7a213c3-3141-49fd-b4b8-2755340fdc48',0,7,'0505a6a6-b7e3-4382-8fb9-78957ecfa26b','1dc61fc3-4792-41e8-b86a-5a44ef93c7f6'),('d7bd4360-1163-4725-8c05-df3bf3e98c47',0,2,'48c451de-9a8f-4531-b48b-2706702220c5','c5fe6099-39ca-4feb-9692-5f86b0733812'),('d82575fa-5eb6-4406-a363-de0997c10e2b',0,7,'cae513bb-b881-4409-bb49-e9863d81e3e6','0989f354-f9ac-4e5a-a41e-fa0fa91c37f7'),('d83af985-9e97-4ce0-b104-a3ff3013f78b',0,5,'8adcaa0f-2344-4f7e-973f-3ee22d5df900','01a8db3c-90e1-43e7-9954-7a2b77a38fe7'),('d8995536-1df4-469a-8437-07a3389540c3',0,1,'980ed6da-16df-4935-96de-cba5f133fe6f','01a8db3c-90e1-43e7-9954-7a2b77a38fe7'),('d8b35ca8-b008-44e6-94dd-23d02bd2d402',0,1,'4f9e94fe-7216-41dc-9f41-078d35d01336','eac6d817-635e-4eb4-8ff4-2442cc3a0600'),('d8ead9ed-ae88-4484-928b-0d37800d3508',0,6,'df8d17b3-6c49-45d8-bc18-48b7c5f11ac3','35c605c9-e89c-48ee-9d9e-954f5db38f4e'),('d8eaea58-fa1d-4aa6-b861-4999d66d81e4',0,7,'ea4e3114-1692-4c06-981e-be1a5aedcdae','17fb6029-2787-4855-9d09-550223e7e8ec'),('d91285ab-e6bb-47a9-af0d-bb75afa80469',0,1,'4e43b5d0-b94c-4e94-842a-3f3183818101','d2e4394c-64cd-4332-a9b5-61c43c0ebaa8'),('d9297f84-bd8f-46eb-b511-e82052092e7c',0,2,'dbb35eb4-1899-447e-9089-f9573383edcc','82713636-cce1-4ac7-9acf-0355347f0575'),('d9522a5a-0c00-457e-90cb-96f8c9b14a8d',0,8,'f35792ad-5aef-4ccf-98e3-3de065ad0648','d31cd137-11da-4d24-92fd-f4a5d119be54'),('d9d5f0a0-38bd-4744-8462-b31d4ff60e6a',0,9,'cb0da9ac-f423-4b9a-971a-c8468fcd17ba','82713636-cce1-4ac7-9acf-0355347f0575'),('d9e581db-c960-4bd2-883f-1544c8697eb0',0,5,'0b0ee331-fc28-4e3e-ab1c-cdb20f4cef48','35c605c9-e89c-48ee-9d9e-954f5db38f4e'),('da0f5fbc-4033-4834-a0f2-d3736f3ac1be',0,1,'7f5e0bf6-daf4-44d2-8403-9e7188d13e31','e18251f3-ab0f-40a9-94da-30bbd2a1a4e9'),('da169be8-c0b3-4f44-91cb-9c43812d8a27',0,8,'3a25cb1c-5393-4932-b13d-166b948acdf5','3ff8676f-f361-415b-823d-9f3e81dfc109'),('da6da553-4434-438f-8f5a-d94369fd1388',0,3,'0c2d3f46-6555-4412-a325-2b9fa81850c8','ff4d119e-23c2-4957-b496-5288211c3a5c'),('da88a1be-0a9c-4eb5-9367-11508e93e31c',0,5,'f93e6ffb-c810-4806-b030-2637fb51c833','1456ac55-80cf-4ad4-991e-c463509adc6e'),('db3b17d6-e104-42a6-8ca9-a0e033636472',0,8,'08287068-f796-49f7-a4a5-340628db0e80','3ff8676f-f361-415b-823d-9f3e81dfc109'),('db4a0c02-c9ff-41e7-9b58-02ec85f5ff84',0,2,'2f4759e0-a92b-44ad-b74f-cda3ef81e805','1aeeb40e-4eef-4f0d-8942-bdebb4af9e07'),('db9da1c0-03b4-4744-ab46-cf529dc979b0',0,2,'6820f954-3988-4dea-9837-902a0d634eb6','751e550e-48cc-4997-bebe-4de21904aace'),('dba64136-3054-418b-a42e-2ebf95fc294d',0,7,'46f665ea-cd4c-434e-9954-3db3464c377d','39ac6733-9300-446d-8bfc-c1d6320328ed'),('dbaee119-5556-40be-8b0b-a274b6f40d2f',0,8,'fc6b5a2e-82f4-49ae-beb7-e6e8fb9f261a','ff4d119e-23c2-4957-b496-5288211c3a5c'),('dbe35d7c-94a0-4d57-95b2-d18a57e4f629',0,4,'9139f191-14ff-44f9-a5a1-9801fc9c010b','39ac6733-9300-446d-8bfc-c1d6320328ed'),('dbe82daa-5844-448a-a80d-99f68d153404',0,8,'17f80182-ea5b-4149-8e00-248b0b071e48','1aeeb40e-4eef-4f0d-8942-bdebb4af9e07'),('dc1000b0-2a00-421c-a4ec-5f3d645229d2',0,4,'0a3bd66a-bc4b-4cf5-a090-73a4d18998fa','01a8db3c-90e1-43e7-9954-7a2b77a38fe7'),('dc1fd395-3c91-40d5-9d53-ac4802e165eb',0,6,'86d8daf1-242a-47ee-94ba-b3bffde21064','82713636-cce1-4ac7-9acf-0355347f0575'),('dc4604c2-6cfa-4c9a-9227-4e153b25fb5d',0,8,'c0376133-469f-48a6-b1ff-b6f969ba47b8','457fb87c-956a-445e-8c4e-abd36e4fb3ea'),('dc5136fd-7482-4fba-8c1d-3d1103869cba',0,6,'2084f2be-5e67-40c7-8b0b-6bdff9a1f411','1dc61fc3-4792-41e8-b86a-5a44ef93c7f6'),('dcb93486-1040-4419-a5ea-1b84081d3a9b',0,4,'5f1fe593-a500-4f7b-aef3-01ae23e4149e','0989f354-f9ac-4e5a-a41e-fa0fa91c37f7'),('dcc611ee-e414-4a99-98bf-f860083410bd',0,7,'7eb1b8f8-30d4-40f8-bc55-972c3c724d00','e18251f3-ab0f-40a9-94da-30bbd2a1a4e9'),('dcd3560f-47be-4b04-b2ec-d8d758cdd1b3',0,3,'3a740534-5e3e-4043-a784-4aeb8c1fd340','82713636-cce1-4ac7-9acf-0355347f0575'),('dd1a7d8a-8a98-4953-ad14-bf540a04f1a9',0,9,'0d85c250-9271-4daf-8ff6-f876c15a55b8','ff4d119e-23c2-4957-b496-5288211c3a5c'),('dd403e55-70e1-4855-85a2-4109076c867e',0,7,'2807a25e-fc02-4330-8e37-8eb6771c3723','acd73895-b7b0-4e79-8f11-ce96efa50ff3'),('dd53905b-9d9f-4f35-bfbf-bde272ba7dd4',0,3,'787fd4e4-9fa2-46e0-9946-5bf08a3219db','82713636-cce1-4ac7-9acf-0355347f0575'),('dd7dd72b-4123-4662-a0af-4a3d424038bc',0,1,'990fa0ef-41e2-47fd-add5-4f71f5d5287e','eac6d817-635e-4eb4-8ff4-2442cc3a0600'),('dd986f1c-e1d1-4cd6-9ec7-7c32755f934c',0,2,'0640ee10-c098-4d55-b8b0-a780d654a988','1dc61fc3-4792-41e8-b86a-5a44ef93c7f6'),('dde68d58-cfbf-47af-83ec-4f56b8fda1b3',0,1,'83776b2e-0246-4900-8357-0046d0916520','01a8db3c-90e1-43e7-9954-7a2b77a38fe7'),('de501421-122c-4f61-b2fa-4660cc4094d3',0,1,'7480542a-3333-4ad5-aafc-56ed48512650','d31cd137-11da-4d24-92fd-f4a5d119be54'),('dea670b3-c8b3-454f-b384-35c9614b8716',0,6,'0caa1dd5-3be7-4f3e-a097-46593bc65a37','5b4292dd-1079-465b-8eee-4278f78cef08'),('dea8c161-5d76-4034-bd22-9a8cfb266b9b',0,4,'2b642966-3d30-4340-8098-3a2a13a62916','e18251f3-ab0f-40a9-94da-30bbd2a1a4e9'),('df07170e-c694-4d49-a1c4-b90387666e06',0,6,'2a931d39-d64c-4e48-a44e-15ca0a2e27c2','35c605c9-e89c-48ee-9d9e-954f5db38f4e'),('df0f2a2b-2bbb-4a3d-979f-b3f9db1ffe45',0,8,'64b3101d-005c-4d8f-a1b9-b99d86d393f4','1dc61fc3-4792-41e8-b86a-5a44ef93c7f6'),('df4602a0-e790-4142-82a5-2a2f68099459',0,1,'eb675905-0cbc-4bec-a5b0-65a176382b7d','db32ab07-fcc7-487c-a8e9-fb8674b4411f'),('dffb886a-d306-4100-9221-212ac80fe181',0,1,'9fc57cc9-2ff7-40d3-97e1-f21e6b5dbafa','e18251f3-ab0f-40a9-94da-30bbd2a1a4e9'),('e02f91db-ad3b-4eaf-ad60-853adaea0667',0,7,'0d4ca522-dbc7-4a1f-a270-8c9905e6f399','28a5914f-5480-4f35-bc92-2172f9521f40'),('e03013c1-eb24-436d-a273-de25377e0670',0,6,'9c4e98b6-16a4-49eb-8129-ff7de4d10b67','35c605c9-e89c-48ee-9d9e-954f5db38f4e'),('e04f230e-9d02-4087-b1d0-decf8921f265',0,4,'cf1f7a49-6b23-461a-b3fd-002891458dd8','82713636-cce1-4ac7-9acf-0355347f0575'),('e05b6c48-9e9a-4da7-83c4-f9433a2dbcc7',0,1,'8d42ab75-e114-465e-9a1f-6c40d1ddfbd2','35c605c9-e89c-48ee-9d9e-954f5db38f4e'),('e0975e90-b8f3-4fcb-9768-c87edf4bf393',0,2,'1f7df5f8-285f-4ccc-8ed8-3c13bfe93ab4','eac6d817-635e-4eb4-8ff4-2442cc3a0600'),('e0e4c00e-bdc3-462b-be5c-89c228c7b08e',0,4,'d418a7b2-cd52-4a1f-8393-d9cbbdd22834','47648088-386b-4d47-b6d5-3f2cd15c982d'),('e0efbde9-1516-418f-b782-f91a276444aa',0,9,'329ee3b9-5cfb-421d-ae1c-113facee8ebc','3ff8676f-f361-415b-823d-9f3e81dfc109'),('e198f56c-fff7-4a0c-88de-29e618b8b7c0',0,1,'a44f42fc-1dfb-4e54-844f-c8159b3c50c4','fea957a9-3dff-4d68-879a-7447eb491f86'),('e1bd6baa-f7b1-4576-87c4-2dfc8327d110',0,7,'cc7aaa1f-ee7b-45b7-9d0b-acf64c07f640','1aeeb40e-4eef-4f0d-8942-bdebb4af9e07'),('e1d61e80-bd47-40b1-a2f0-be4acccbd4ed',0,9,'7a04df1f-923d-47c3-b95d-0369501fd24d','c2a38727-59a9-4ab1-9004-8bbc0f85f058'),('e25e19ad-1450-4d6f-91a5-c59a11bd54ff',0,3,'a567e314-9c93-4450-a6a4-d08a38fc1722','39ac6733-9300-446d-8bfc-c1d6320328ed'),('e2682a99-ca52-4146-8a6e-092f6f9e7277',0,1,'fc6b5a2e-82f4-49ae-beb7-e6e8fb9f261a','35c605c9-e89c-48ee-9d9e-954f5db38f4e'),('e2a1496c-5f24-4d05-bfd6-24ce64ace669',0,6,'0b83e064-275e-41fe-98d7-ebf5effc90ad','1aeeb40e-4eef-4f0d-8942-bdebb4af9e07'),('e2b2a2cb-1370-4217-8421-1d3bac9f92e0',0,1,'e781a949-1c4a-4ad2-8322-846537779d71','bd6d69ab-29fb-4b49-a8ed-5c8caa50bf47'),('e316dc57-d67d-48e9-b423-8d99f96a56d1',0,5,'3a0bd233-f3ab-4abe-9e5f-96909744bcad','17fb6029-2787-4855-9d09-550223e7e8ec'),('e31e6c5e-87a4-4512-bc71-c8300f19082b',0,5,'61eefa79-171b-4935-8d5c-276d042587ab','1aeeb40e-4eef-4f0d-8942-bdebb4af9e07'),('e327ca9e-ce0f-4230-a741-f69fd606f9f8',0,6,'26898378-0b4b-44c2-85b8-0d464fd222af','0989f354-f9ac-4e5a-a41e-fa0fa91c37f7'),('e3399790-b3f5-41d4-97cb-3a045123f267',0,9,'e7a53282-865e-42a4-b251-6988605b07db','d2e4394c-64cd-4332-a9b5-61c43c0ebaa8'),('e35c670e-81bc-44f8-872b-cad9fb757097',0,9,'bb593485-7dde-421f-a8fb-bbc56593a0fa','3516265e-c183-4773-9115-24b3351e1c43'),('e360babf-8c79-4513-9381-7b7ab9e0d420',0,9,'6a365beb-dd6a-416f-8837-4343d33650c8','e18251f3-ab0f-40a9-94da-30bbd2a1a4e9'),('e361241b-9046-4f44-ad69-33bef02256b5',0,2,'89e88776-f9c2-4425-a93f-3ad3817cb96c','c5fe6099-39ca-4feb-9692-5f86b0733812'),('e3b80347-289b-4ac9-a96a-2a0b5e7d782c',0,3,'e51f0283-603f-4863-8986-ff42e13d62ce','35c605c9-e89c-48ee-9d9e-954f5db38f4e'),('e3d04764-cf7a-4889-b417-e45387a5bebd',0,3,'106ee069-9980-43a9-a97a-119ccdfefe23','eac6d817-635e-4eb4-8ff4-2442cc3a0600'),('e3d9cb60-3d98-45f7-ad20-be3582ac369f',0,3,'7a31a0fe-611c-4294-bd48-0ea55ca57cf1','39ac6733-9300-446d-8bfc-c1d6320328ed'),('e3e31a34-721d-4f0d-ac06-53f772ac301c',0,3,'386fcb25-56dc-471b-ad14-01c39bac0879','c5fe6099-39ca-4feb-9692-5f86b0733812'),('e3f67da9-610d-46f6-b3e4-934d947df9ee',0,9,'6a365beb-dd6a-416f-8837-4343d33650c8','5a7a4cd0-b554-4ec0-8125-5cee794bb003'),('e40cd275-7f51-4ee7-a3cb-76e90f787dff',0,4,'0e3f9c6b-74a8-436c-a5af-02c2198d349a','d2e4394c-64cd-4332-a9b5-61c43c0ebaa8'),('e46bb7d3-bfc9-44b0-8f78-16443b556b86',0,8,'fb4dbf03-3baf-497d-b62e-6cb5659b89ef','bd6d69ab-29fb-4b49-a8ed-5c8caa50bf47'),('e494fba1-767b-4f9c-8413-7b22247950fc',0,1,'fc272916-0448-4823-a562-d480879b25a5','01a8db3c-90e1-43e7-9954-7a2b77a38fe7'),('e4ee769a-e7b8-4214-9219-e5af212acf9a',0,5,'9cf2c961-ebdd-48e8-a056-8df0b25c0af6','21c95d07-7591-46d4-b837-f43cda311d5c'),('e509cdcc-6295-4cc3-a601-3d07e32fb8d0',0,9,'e04cadd3-2366-4ac7-8dc4-5c972007f092','db32ab07-fcc7-487c-a8e9-fb8674b4411f'),('e536c2bb-2b2c-49cb-98fc-bdb5e683bc26',0,9,'faf08087-1ad9-4963-b243-39054ea60f9f','21c95d07-7591-46d4-b837-f43cda311d5c'),('e58d1cfd-afb2-48f6-a7e2-4d7da6d407b8',0,2,'eae39376-2453-4bf5-97db-66cd11cec0ba','1456ac55-80cf-4ad4-991e-c463509adc6e'),('e599360c-d7e5-4ffd-85f4-9f561354a680',0,4,'8d1cab0b-d39a-4056-8692-dd5dc52d3223','eac6d817-635e-4eb4-8ff4-2442cc3a0600'),('e63d5d13-c580-4407-b3da-5c49230c7add',0,3,'2ed2ca3e-4d6a-4e05-b614-8bc4f912eec9','acd73895-b7b0-4e79-8f11-ce96efa50ff3'),('e640a552-f54d-498f-bc1d-959d84c83679',0,5,'45dbda93-3b26-421a-9ba1-7e1b74f80fe1','db32ab07-fcc7-487c-a8e9-fb8674b4411f'),('e646bfa6-cdd1-477a-886a-47dea149d8d0',0,7,'1591e726-0705-4817-8642-9ef3025785f9','ff4d119e-23c2-4957-b496-5288211c3a5c'),('e679b8b2-547a-4f49-a1b8-14ffc8ca4279',0,1,'10bbde71-431a-4873-a4a1-75d036f05666','5b4292dd-1079-465b-8eee-4278f78cef08'),('e7154fbe-02dd-4d44-98e1-22be08f42684',0,3,'578cd099-deef-4d79-9ddf-dadeafbe5242','5b4292dd-1079-465b-8eee-4278f78cef08'),('e77e5f20-86b0-4c99-b0d1-8390fa79ec94',0,1,'5fed70d4-e3e4-4898-80ac-57e3a7adb009','35c605c9-e89c-48ee-9d9e-954f5db38f4e'),('e788c0ad-eb5a-4a3c-841f-983990ee7a4e',0,9,'ffce6d97-28fb-48c1-9171-a9119ea2a67a','39ac6733-9300-446d-8bfc-c1d6320328ed'),('e7e0411e-d411-40c1-bd44-bd56ad6dbb2b',0,1,'5bfba42e-37fa-40ad-aa80-6a19f90c69ef','28a5914f-5480-4f35-bc92-2172f9521f40'),('e82753c8-11ec-465a-aaac-d40273d09a63',0,8,'b2e1f3cd-bf5f-41de-b173-2efbc9924410','1456ac55-80cf-4ad4-991e-c463509adc6e'),('e862edc5-fb8e-4167-9ab7-d65a6267f754',0,3,'da569fb1-2385-498b-9948-e5e273c738c4','35c605c9-e89c-48ee-9d9e-954f5db38f4e'),('e880fbf8-a31b-4cc6-a2a5-efae137f71f1',0,7,'86ff57bd-e2a7-4317-8081-a1cd29576033','21c95d07-7591-46d4-b837-f43cda311d5c'),('e89d47fb-7f83-417a-9110-b0345472774a',0,6,'10a766d1-0a4c-4b5f-ad18-2c9eed9b2b2e','5a7a4cd0-b554-4ec0-8125-5cee794bb003'),('e8b3ff19-f137-4163-a44b-b2adb5f0e1e2',0,9,'eee779a3-8f37-474c-b520-7cf5ceb9fe8f','db32ab07-fcc7-487c-a8e9-fb8674b4411f'),('e8c6bdbc-3dde-4958-8a1e-32cb4bb17278',0,8,'22ac9613-d50c-40a5-8a22-d0aec0d03a60','c2a38727-59a9-4ab1-9004-8bbc0f85f058'),('e8d93495-fd5e-4db4-b156-9f13afb36a1c',0,4,'07562dfd-8f1c-4009-9240-df83a304f8b9','d2e4394c-64cd-4332-a9b5-61c43c0ebaa8'),('e917b9d2-4713-4b45-9556-cb2ae5b9c913',0,6,'335dbc00-7816-4232-a8ad-6e4b048e0a0f','c5fe6099-39ca-4feb-9692-5f86b0733812'),('e96d5d29-d398-46e9-adbf-a72c943de507',0,2,'98fc215b-1bff-48aa-9211-0881d9c605fa','1dc61fc3-4792-41e8-b86a-5a44ef93c7f6'),('e999b977-46d6-4fc9-a0f6-366b5badc300',0,7,'2f61d5ab-48cb-4c7d-be62-3fa2eb03eb8a','d2e4394c-64cd-4332-a9b5-61c43c0ebaa8'),('e99f7376-cd81-4ff6-8ff9-03cf84c10514',0,7,'eb1f9652-e7bb-4f0c-b4e1-aeddcdf5d947','acd73895-b7b0-4e79-8f11-ce96efa50ff3'),('e9abda47-c690-484e-bc7e-2b3b706dd8d2',0,1,'a9865f3b-79e3-42e7-b32f-85e36575d02f','21c95d07-7591-46d4-b837-f43cda311d5c'),('e9d272b1-b202-4b5c-9c32-9c4ecbaa33b7',0,9,'66abe1f4-86a6-40be-99d4-1cc445885b8b','db32ab07-fcc7-487c-a8e9-fb8674b4411f'),('e9eb130d-e910-4909-b45f-72cf7faafd6d',0,7,'8ef150ca-6e19-48b1-a978-5987dd345fc0','01a8db3c-90e1-43e7-9954-7a2b77a38fe7'),('e9f6b6f6-26aa-41f6-a2ee-2c5b2870cb53',0,9,'dad3fcbc-2a89-42f6-bd1c-ef0806eed0e8','c5fe6099-39ca-4feb-9692-5f86b0733812'),('ea0e0768-f921-403f-a28b-284f75444df6',0,4,'f382989b-6d5a-4483-b022-c59e726c29e3','5b4292dd-1079-465b-8eee-4278f78cef08'),('ea53ec3c-b620-4e09-a849-65f0643e0946',0,4,'8eec9603-eb65-45f1-aa60-a1906c4446f0','457fb87c-956a-445e-8c4e-abd36e4fb3ea'),('ea5dbca5-7b3b-48b8-b2b4-67831b751333',0,7,'6c3a5550-e4d6-4ce0-9f01-b91bedfb6d3c','0989f354-f9ac-4e5a-a41e-fa0fa91c37f7'),('ea708ccd-6af9-44f5-8099-8d690572d823',0,1,'3c2e80c9-e3a6-488e-a2ee-65a1e51f09cf','28a5914f-5480-4f35-bc92-2172f9521f40'),('ea7d5891-d4ab-4874-b85c-784dd0152185',0,9,'c1e6fdaf-3f8c-4a2a-ad98-1f8a7f49358b','1456ac55-80cf-4ad4-991e-c463509adc6e'),('ea8289de-a236-4541-8e0e-7012ed71987a',0,1,'a44f42fc-1dfb-4e54-844f-c8159b3c50c4','5b4292dd-1079-465b-8eee-4278f78cef08'),('eae258da-c835-4e0e-b119-1827a38bb0c5',0,1,'3a4555b7-3ed0-4fe2-b003-aaf05b6dd967','db32ab07-fcc7-487c-a8e9-fb8674b4411f'),('eb383ec3-cdb7-4352-b7b0-3ce3c047b6d0',0,4,'ed1271aa-d1c2-4df3-84cb-5f4342c434ae','3516265e-c183-4773-9115-24b3351e1c43'),('eb3fe1c8-c778-44b4-8f04-a1f879ea392f',0,1,'afe095f7-4aba-4368-aafc-e3944a610670','acd73895-b7b0-4e79-8f11-ce96efa50ff3'),('eb5f047d-9a38-45e9-bee1-2b3d4e53755a',0,9,'8aee3a71-96fb-4352-ab75-4d25523e9650','751e550e-48cc-4997-bebe-4de21904aace'),('eb5f1f0a-00b2-4e7f-9986-2fc255be9d08',0,6,'f93c6bc6-e183-417b-8a77-3d59b149ec60','d2c84234-1048-4fe2-9228-cb1e58ec1e09'),('eb63f583-b7ae-4e4e-ab06-5f76d2cf73bf',0,2,'91283aa6-c20f-4e5b-a851-0b1110b0adda','1aeeb40e-4eef-4f0d-8942-bdebb4af9e07'),('ebc5a9f8-3f02-4397-88c3-82f9a73eba43',0,1,'5112420c-7b67-481b-aca9-8e8d456d11c8','fea957a9-3dff-4d68-879a-7447eb491f86'),('ebdfe7fd-bff2-4fee-9a96-7e2145f9d2d8',0,5,'4b8f6cfb-bcb5-4810-a599-591fe17ea2e7','d31cd137-11da-4d24-92fd-f4a5d119be54'),('ebebf2d5-d7a0-4bf1-ae1d-9f9efc9e2466',0,1,'7eb1b8f8-30d4-40f8-bc55-972c3c724d00','3516265e-c183-4773-9115-24b3351e1c43'),('ec118635-436d-4c52-827e-f2d3c592a627',0,6,'df5e9d8c-c96d-4039-b94b-70ef492aecb4','db32ab07-fcc7-487c-a8e9-fb8674b4411f'),('ec366bac-7d07-4ca2-a897-8ccdcb70facb',0,7,'3d56d4e0-8e70-4655-b2f0-753102433d49','39ac6733-9300-446d-8bfc-c1d6320328ed'),('ec7e5cc1-5e66-4c3c-bc45-5b1d5de363da',0,5,'087b8ff1-c80d-42a3-b5fb-b752cc65a4c5','5b4292dd-1079-465b-8eee-4278f78cef08'),('ec803091-b8a4-4d0b-92ad-a3a07c362f79',0,1,'5c5a7437-6201-48c2-a3d3-50d8ac0490da','c5fe6099-39ca-4feb-9692-5f86b0733812'),('eca92d4c-63c4-4931-8754-d22e8e94a678',0,1,'9d67f723-b6ba-4acb-91ec-c073f64c49f4','eac6d817-635e-4eb4-8ff4-2442cc3a0600'),('ecdf09cd-4376-4be1-b771-575e2c74ef70',0,2,'6c8254dd-3e31-4d75-aaab-76769916c7b8','1dc61fc3-4792-41e8-b86a-5a44ef93c7f6'),('ed8d2570-be34-4764-843a-3a05c9ce2994',0,1,'b3ca935c-735b-4516-b1c8-f95b105ef961','751e550e-48cc-4997-bebe-4de21904aace'),('edc65cc0-28b5-45a7-8590-95e60ef95046',0,8,'8b1314e2-42ae-4a77-b3fc-5217cb5ce50d','fea957a9-3dff-4d68-879a-7447eb491f86'),('edea8ae8-e833-4650-8b61-41a8f7d5fc92',0,1,'c6404573-6ebb-4445-bc5e-9aa770f69166','ff4d119e-23c2-4957-b496-5288211c3a5c'),('ee0941fb-5b6a-4c33-bbd6-d9c4ec67b730',0,1,'906b543a-42fe-4ba1-8980-e87071111519','d31cd137-11da-4d24-92fd-f4a5d119be54'),('ee139066-f989-4d86-9562-00ce1072c63f',0,4,'b27426af-8cd7-4abf-8500-bcc1f07afb03','3516265e-c183-4773-9115-24b3351e1c43'),('ee82cd41-a35f-46eb-ba87-bafb59aa5ebd',0,1,'69a041c9-ba1c-477e-8de4-745fc8243035','d2c84234-1048-4fe2-9228-cb1e58ec1e09'),('ee942d66-f389-4957-9e8b-384672f9fab3',0,1,'cc80c43a-fc2f-48a5-9435-7516f00ec4ec','c2a38727-59a9-4ab1-9004-8bbc0f85f058'),('eece3641-8abf-468c-a63a-a187a11e6589',0,1,'f60364e5-f7d0-4112-b9a4-59f61f853471','1aeeb40e-4eef-4f0d-8942-bdebb4af9e07'),('ef2f6ccc-7067-43f7-a292-2209314ddf57',0,1,'7eb1b8f8-30d4-40f8-bc55-972c3c724d00','3ff8676f-f361-415b-823d-9f3e81dfc109'),('ef474e2d-be92-4acd-8eb9-d7d540e6a7dd',0,4,'279c7298-67d9-49e3-9069-8b5ddcbf6ee5','acd73895-b7b0-4e79-8f11-ce96efa50ff3'),('ef7a5df9-a0bd-4050-a793-ca1d75291925',0,6,'c28f9832-df71-4945-abe6-d646b6264553','fea957a9-3dff-4d68-879a-7447eb491f86'),('ef8478e9-8e39-482a-9e2d-a81d1a718ce4',0,1,'226292d4-9f6f-4710-971f-dd1d4fa5f64c','ff4d119e-23c2-4957-b496-5288211c3a5c'),('efbe4d10-7a57-4e54-ab7c-842f137aa533',0,7,'df8d17b3-6c49-45d8-bc18-48b7c5f11ac3','5b4292dd-1079-465b-8eee-4278f78cef08'),('f024ba8a-2e0c-4c67-b204-322f7cf7a8f3',0,8,'d97559cc-2a4a-4912-893a-cd3164c342b2','3516265e-c183-4773-9115-24b3351e1c43'),('f02db0c2-095e-4a4e-9c20-46fe607173ef',0,3,'b57a17e8-426e-4c2c-9d07-5701558480b6','d2e4394c-64cd-4332-a9b5-61c43c0ebaa8'),('f040ede4-a0bd-4e26-a28a-bc7f97c5f4f1',0,1,'eefe87e8-334b-4ac9-a3c5-eb02439878a8','47648088-386b-4d47-b6d5-3f2cd15c982d'),('f06c5594-3cbc-45b9-9fd8-7f1beaa33938',0,1,'b1c934bc-c7c3-485a-a34f-eee43b962dc2','ff4d119e-23c2-4957-b496-5288211c3a5c'),('f08e2888-8d63-4563-a510-2f9c4a222963',0,7,'a9865f3b-79e3-42e7-b32f-85e36575d02f','c5fe6099-39ca-4feb-9692-5f86b0733812'),('f0ac7f1d-6fd0-473c-8b59-338a59bea559',0,8,'b267637e-df21-4c72-b212-e55138a1732a','3ff8676f-f361-415b-823d-9f3e81dfc109'),('f0be42ff-106e-487d-aec9-c1a251bbc7a6',0,1,'e499f636-d8bd-4b67-b710-cb1afebbe3e0','acd73895-b7b0-4e79-8f11-ce96efa50ff3'),('f17e9da7-dd40-463f-a350-a0b4cdcfe06a',0,9,'3a4555b7-3ed0-4fe2-b003-aaf05b6dd967','e18251f3-ab0f-40a9-94da-30bbd2a1a4e9'),('f1eab824-7c8f-4613-837e-f6cfef551028',0,2,'24ec5101-5e17-4c0d-b0d1-69eb1b5f7748','457fb87c-956a-445e-8c4e-abd36e4fb3ea'),('f209e2db-854a-446a-b637-04481b2d40c5',0,6,'a2b6bab0-e8c6-4205-be5a-1717e459dd05','82713636-cce1-4ac7-9acf-0355347f0575'),('f21cb25f-5edf-49d1-8bea-4c01f0546a87',0,4,'46f665ea-cd4c-434e-9954-3db3464c377d','acd73895-b7b0-4e79-8f11-ce96efa50ff3'),('f228dc00-eb7e-41ce-9a50-8736b61722bc',0,3,'a2eb1b40-91e3-4e30-9a23-6aa0a81a4340','17fb6029-2787-4855-9d09-550223e7e8ec'),('f276db62-6e78-449d-8e00-b9d439bba83c',0,8,'02570e6d-d502-4b23-a347-c927cd39383e','457fb87c-956a-445e-8c4e-abd36e4fb3ea'),('f2959c64-e988-4300-bbd7-547811816dc8',0,4,'72d1e411-e666-40b0-b111-b4f36788f6e7','82713636-cce1-4ac7-9acf-0355347f0575'),('f2c1317a-21c8-43ec-8dce-435b326237ac',0,9,'760bdd74-53a3-44e7-a1ca-d67ea67e007e','28a5914f-5480-4f35-bc92-2172f9521f40'),('f2ce60a0-8e77-4e9c-a6cc-7d820e3bfa54',0,6,'e2e4c5f8-f81f-44f0-a25d-2ebf14627af2','0989f354-f9ac-4e5a-a41e-fa0fa91c37f7'),('f2db35ed-90d7-4c0f-9d83-897753916c90',0,2,'30a5ef4f-ed61-49cd-88a9-a1fe80a57983','28a5914f-5480-4f35-bc92-2172f9521f40'),('f2f69c88-ffca-4047-997a-d89b00cb9dc8',0,1,'d1e4598f-07b5-4324-aa2c-d64e553da8b9','457fb87c-956a-445e-8c4e-abd36e4fb3ea'),('f3291a15-e38d-463c-994c-12592f86b2cf',0,2,'c26f9be0-965a-4a3a-bf2a-36b561f9fed7','d2e4394c-64cd-4332-a9b5-61c43c0ebaa8'),('f35b294d-27ce-4974-9441-9762ec7ce7d5',0,7,'790a572c-9916-4bed-b9ca-306320942f6f','c2a38727-59a9-4ab1-9004-8bbc0f85f058'),('f36ca41d-31a0-4be9-a5e3-367184b05c02',0,8,'6de8b1d0-42bd-47da-a1c5-207ba0120e92','17fb6029-2787-4855-9d09-550223e7e8ec'),('f3961e4e-2bef-468e-99b5-e30805a20854',0,4,'906b543a-42fe-4ba1-8980-e87071111519','1dc61fc3-4792-41e8-b86a-5a44ef93c7f6'),('f39e7405-31c4-474c-8402-6a6271553daf',0,8,'465cf29d-b55b-48f8-b8a9-9f99f6c1a029','35c605c9-e89c-48ee-9d9e-954f5db38f4e'),('f3a028e1-caa3-4fd3-a88c-d51552661853',0,8,'3f672182-9fe4-498d-8658-9c7ce9067cf0','82713636-cce1-4ac7-9acf-0355347f0575'),('f3a9bef5-ccf1-4dde-9341-5562431fe4f2',0,7,'d2ae535d-e8e7-445d-81da-7ec211c955e7','0989f354-f9ac-4e5a-a41e-fa0fa91c37f7'),('f3ab3028-a216-479d-8e76-c0e44568701d',0,9,'fcc47ca6-08a1-42e3-b7d7-9f4b373fa383','01a8db3c-90e1-43e7-9954-7a2b77a38fe7'),('f3d31001-15e1-42a2-896c-8de012d13515',0,5,'3b17da1b-b091-4927-ae5f-ed1845a4762c','d2e4394c-64cd-4332-a9b5-61c43c0ebaa8'),('f407bd49-3b55-470c-ae81-48087479c8fa',0,1,'3df97696-efac-4207-84e6-aa8cdd95d558','d2c84234-1048-4fe2-9228-cb1e58ec1e09'),('f41105e9-31c0-420c-a671-afecc8ea4662',0,8,'102d000b-8f20-4ccc-9f9e-c24de673e59d','1dc61fc3-4792-41e8-b86a-5a44ef93c7f6'),('f448528a-faa5-4f1a-aa36-177c68bf7c12',0,3,'a7cc8e3c-83e1-4868-8fef-c91ad0a03d5d','0989f354-f9ac-4e5a-a41e-fa0fa91c37f7'),('f4c88e0c-53b8-4cbe-9074-310f5094db8c',0,7,'a2f25f2a-3527-440c-adaa-719bdfc7fb33','82713636-cce1-4ac7-9acf-0355347f0575'),('f4d63d8a-c504-476a-a5b3-0f08c76b5cc6',0,7,'465cf29d-b55b-48f8-b8a9-9f99f6c1a029','1456ac55-80cf-4ad4-991e-c463509adc6e'),('f51a7ac2-2667-4bff-99bc-5950e94a05b7',0,9,'8bbda90d-c282-4701-bddc-eb84e1b3f62f','d2e4394c-64cd-4332-a9b5-61c43c0ebaa8'),('f54ff63c-70cf-427c-8b3c-6cad63433b5f',0,2,'b74ddc00-0b0a-4c0d-a59f-b0bd7b178e19','82713636-cce1-4ac7-9acf-0355347f0575'),('f5772cd8-8da2-4323-9038-c1ecfae64213',0,9,'dd6f7e93-733a-480f-8ab7-8ed45321ea67','21c95d07-7591-46d4-b837-f43cda311d5c'),('f5777e4e-6230-40bd-add5-63d70c74b54e',0,4,'8f0e4aab-4670-47c0-9d4c-e468e6a3b144','ff4d119e-23c2-4957-b496-5288211c3a5c'),('f58be756-0be3-47b4-adcb-a4924f87d862',0,1,'387240ee-5959-438f-b690-3026a52d4cd0','5a7a4cd0-b554-4ec0-8125-5cee794bb003'),('f5c0b4b8-b9dd-49b6-b192-e8a154ebcb03',0,5,'0c0ae971-42e0-4fe7-bd8e-cf3024918c55','acd73895-b7b0-4e79-8f11-ce96efa50ff3'),('f6688122-1133-4f82-8fdc-6adfab03057d',0,3,'33fb80f8-7641-495d-9df1-744b02518e57','c2a38727-59a9-4ab1-9004-8bbc0f85f058'),('f66f40c2-65a3-47f7-a743-810e2c096ec6',0,2,'e709bc31-169f-42c0-9840-680993cc88fd','acd73895-b7b0-4e79-8f11-ce96efa50ff3'),('f6d93926-688c-4da2-9956-6e4d3cb44ab9',0,6,'113facfc-0c83-4bcd-9221-7ae24805f85c','1aeeb40e-4eef-4f0d-8942-bdebb4af9e07'),('f6dcd99b-dd90-402f-a519-eb0070fef2ee',0,5,'132d4fb5-b018-4eb5-8f19-530cb76a8a30','1456ac55-80cf-4ad4-991e-c463509adc6e'),('f775b17a-0337-4521-b200-5c17acdea236',0,4,'d4812c9a-3046-4e06-a3f4-c9d387e09654','3516265e-c183-4773-9115-24b3351e1c43'),('f856c02e-a770-4bc1-ab3b-c36f1d4117fd',0,8,'7b9a8fcd-bb47-4357-b98a-fc9948a73f5a','c2a38727-59a9-4ab1-9004-8bbc0f85f058'),('f8b15370-8bbb-41b7-997b-1b4416082f9d',0,4,'ecef4ddd-5bf3-4ca6-80a0-2f3ed6939e5c','bd6d69ab-29fb-4b49-a8ed-5c8caa50bf47'),('f8f144e7-c478-4263-96bd-4caf26268b29',0,1,'c85c83dd-91a1-4f30-abc2-75f33d366e51','d2e4394c-64cd-4332-a9b5-61c43c0ebaa8'),('f92a0665-8b34-4d66-89a4-6ed942533184',0,6,'f5992280-3590-4829-9ade-1a7236921977','c2a38727-59a9-4ab1-9004-8bbc0f85f058'),('f92b54ca-fcc8-4857-a7e1-7b523cac7f33',0,1,'0e7df7f1-0d07-498c-9067-813f678fafce','d31cd137-11da-4d24-92fd-f4a5d119be54'),('f933f016-28d7-4cef-bede-a2c7c3aa3371',0,8,'4e43b5d0-b94c-4e94-842a-3f3183818101','0989f354-f9ac-4e5a-a41e-fa0fa91c37f7'),('f979c3b4-54f1-415a-b4f6-20245303ac36',0,4,'e77bce16-8c84-4ea3-8ba2-dceeb3017646','db32ab07-fcc7-487c-a8e9-fb8674b4411f'),('f97b5541-8a71-492f-b48b-19e9ca8ab24d',0,2,'8d217329-86f7-4e0e-a6b6-5e96a1d8c83e','01a8db3c-90e1-43e7-9954-7a2b77a38fe7'),('f98a49e3-8772-4e39-a01c-4398c67c0a47',0,9,'75ae2414-61c1-45cb-9fda-fb398398c63e','bd6d69ab-29fb-4b49-a8ed-5c8caa50bf47'),('f9ad210e-5d90-4b23-ad4b-23bd112b64db',0,6,'b15d57a3-80ca-4140-a50c-91515ad7d2f3','39ac6733-9300-446d-8bfc-c1d6320328ed'),('f9d73e55-e3c3-4159-8d69-eaf9b9cfdc26',0,5,'34eec580-a755-4295-b9dd-1e687e77ba51','acd73895-b7b0-4e79-8f11-ce96efa50ff3'),('f9dceb8a-6215-4978-9d2c-91bb08752628',0,1,'dce2ee0d-bbe0-4952-b8ac-d13910505870','17fb6029-2787-4855-9d09-550223e7e8ec'),('f9f89caa-a337-404f-bee1-4ef0145c8f72',0,7,'fc596a5c-9b4f-4128-ae00-996fdad51223','0989f354-f9ac-4e5a-a41e-fa0fa91c37f7'),('fa159542-5cd9-42d3-971d-3a985c6d4ff1',0,3,'8c3beca8-f1ce-4e2e-bcc1-46ff0f0524be','35c605c9-e89c-48ee-9d9e-954f5db38f4e'),('fa6fa3fa-58c1-47c1-9dd7-df076c14ec75',0,3,'4271f67b-bb0b-4ecc-bc3d-60700e5713a1','39ac6733-9300-446d-8bfc-c1d6320328ed'),('fa83338f-c6bb-402b-ab25-0bcb1d8014af',0,1,'faa2577f-638a-4da2-8404-b969b60a22c3','db32ab07-fcc7-487c-a8e9-fb8674b4411f'),('fa904422-98d8-4698-9dcf-9ed518a8e196',0,9,'0d783fa7-89fe-4bef-a2eb-84ec9bc98dfd','db32ab07-fcc7-487c-a8e9-fb8674b4411f'),('fa9a06f9-68fa-44a9-948f-792f7d3ef04d',0,8,'8d217329-86f7-4e0e-a6b6-5e96a1d8c83e','1dc61fc3-4792-41e8-b86a-5a44ef93c7f6'),('facf01c4-b6ee-4689-8b2e-455685dd52cf',0,7,'37279973-583a-4fe5-9341-94d9900a4b4e','35c605c9-e89c-48ee-9d9e-954f5db38f4e'),('fad2292b-9074-41e8-9972-4755b9956013',0,8,'38a8da78-6837-44f1-884f-8189c3aca33f','d2c84234-1048-4fe2-9228-cb1e58ec1e09'),('fadab7da-ef66-4681-90f7-ace2f8e5b4c2',0,1,'21a3278f-5cae-4d2f-9fe1-3f403da09271','c5fe6099-39ca-4feb-9692-5f86b0733812'),('fb298ca7-b0b2-4c37-852b-51b4b5191dd1',0,6,'230a6dfd-2270-41b7-95e2-76f5b1885101','d31cd137-11da-4d24-92fd-f4a5d119be54'),('fb94b27c-4281-4469-b0ed-7fb8c53da13d',0,3,'4ae15132-171f-4ba6-9ef4-e7bd81c38a9b','457fb87c-956a-445e-8c4e-abd36e4fb3ea'),('fb96982e-93f5-4f7b-979c-4220a7e0ec10',0,9,'f5992280-3590-4829-9ade-1a7236921977','457fb87c-956a-445e-8c4e-abd36e4fb3ea'),('fbcfb24b-d4e8-4693-9dec-e4f0d7ee96c3',0,8,'bdd3c8ae-1982-4210-96e1-a3c9da9e0aac','35c605c9-e89c-48ee-9d9e-954f5db38f4e'),('fc300e97-304b-42ca-85f6-2a473c35afa2',0,1,'0b9eb665-b65e-4c16-bcf8-895b61cf4016','1456ac55-80cf-4ad4-991e-c463509adc6e'),('fc6db977-3aaf-4585-b70e-c53b690391e6',0,2,'5112420c-7b67-481b-aca9-8e8d456d11c8','1456ac55-80cf-4ad4-991e-c463509adc6e'),('fc95e4fd-68a9-4c27-a6d2-f89eb01c2990',0,9,'73fffcdd-11a0-4b3c-be70-b7f8634e64cc','acd73895-b7b0-4e79-8f11-ce96efa50ff3'),('fcc3a983-17e7-4edb-9d08-e1fe69ee277b',0,1,'64f2f516-7707-4bea-81c6-cdb3175581a3','5b4292dd-1079-465b-8eee-4278f78cef08'),('fcfa18b0-94ef-4e3c-894a-60ee2b9bc5b3',0,7,'3fc17c5d-f22b-455e-8143-a31ae708751e','1aeeb40e-4eef-4f0d-8942-bdebb4af9e07'),('fcfa2155-c01a-448e-89e9-97d35842bc46',0,2,'75bcbc82-8af6-48ba-833d-25fdcd8b78c5','c5fe6099-39ca-4feb-9692-5f86b0733812'),('fd3d81ab-6928-4f1d-9c29-51ca6e2f5967',0,6,'733714a4-8b6c-4cee-b99f-2a3f7445605e','c5fe6099-39ca-4feb-9692-5f86b0733812'),('fd539840-9306-4ce0-b946-23d511463519',0,1,'6de8b1d0-42bd-47da-a1c5-207ba0120e92','39ac6733-9300-446d-8bfc-c1d6320328ed'),('fd5a0f3a-66d6-49c9-ab1b-e1f9a8871682',0,1,'5d058df6-6f65-4403-85e0-0ba742c658d1','3ff8676f-f361-415b-823d-9f3e81dfc109'),('fd656bdd-1054-4310-a86e-aacc1a639d6d',0,1,'b111468b-11c3-4142-8dee-c620ad2f156f','c2a38727-59a9-4ab1-9004-8bbc0f85f058'),('fd7fffb7-d09e-4d00-8fc9-ddc4717fcbaf',0,6,'b4112ef1-6d85-4cda-8587-8cb1419b6851','82713636-cce1-4ac7-9acf-0355347f0575'),('fdb03464-22ba-45d8-be11-7e3434da1db2',0,3,'4ae15132-171f-4ba6-9ef4-e7bd81c38a9b','d2c84234-1048-4fe2-9228-cb1e58ec1e09'),('fe0637fa-5669-4b42-9ba1-c13dbf3ea07f',0,2,'33665f99-f38a-4712-bc62-e81248650ade','3ff8676f-f361-415b-823d-9f3e81dfc109'),('fe1a179c-2cde-4808-a70f-59af03c85b75',0,9,'c7b33357-fbaa-4651-9d44-5c191a34908f','bd6d69ab-29fb-4b49-a8ed-5c8caa50bf47'),('fe1f2c9b-87b4-4f9d-88be-ef9a4e00f291',0,9,'7024b577-c4d9-474e-957c-ade4d915abc7','d31cd137-11da-4d24-92fd-f4a5d119be54'),('fe2efc9f-b7bf-4f19-98de-6ac93f2dac14',0,4,'510c1905-7e41-4c84-bb2d-f1ccd4fafbb0','d2c84234-1048-4fe2-9228-cb1e58ec1e09'),('fe66f699-e490-44ed-8053-4c1b53c6ce7c',0,6,'184b95e5-53ff-4eb9-b27a-8013892f424c','1aeeb40e-4eef-4f0d-8942-bdebb4af9e07'),('feb97a06-2568-4da9-91ca-3be34daf69e7',0,4,'98fa0dc6-d1a3-4a18-9b4e-b87bf2924e1b','db32ab07-fcc7-487c-a8e9-fb8674b4411f'),('fec5a161-c95b-4ac5-9ee5-ed24d35f074a',0,9,'83460ac2-a4f0-4a53-a8bb-2d9718fcf2ff','28a5914f-5480-4f35-bc92-2172f9521f40'),('ff265fa4-1106-41d9-9b0f-03ecc3f574bb',0,7,'7bdc985d-6e43-4643-a093-00b1f22041bc','01a8db3c-90e1-43e7-9954-7a2b77a38fe7'),('ff35753d-63b0-4b8b-ae1a-f52b109a3691',0,5,'bdb7caaf-b614-41c4-9d0e-e38c5ca4860c','47648088-386b-4d47-b6d5-3f2cd15c982d'),('ff6040a9-7174-48e8-bd30-9d1908fe8ea2',0,1,'d54b7d9e-f6b7-407c-bc40-186cab6b9668','5a7a4cd0-b554-4ec0-8125-5cee794bb003'),('ffc8abb3-015b-4822-b312-b72cb0de3852',0,4,'98fc215b-1bff-48aa-9211-0881d9c605fa','acd73895-b7b0-4e79-8f11-ce96efa50ff3'),('ffdc06b1-e8e7-45f0-acf7-144846de1c73',0,8,'14cf896b-07e0-46c5-9158-0268c097af53','d2c84234-1048-4fe2-9228-cb1e58ec1e09');
/*!40000 ALTER TABLE `line_item` ENABLE KEYS */;
UNLOCK TABLES;

--
-- Table structure for table `product`
--

DROP TABLE IF EXISTS `product`;
SET @saved_cs_client     = @@character_set_client;
SET character_set_client = utf8;
CREATE TABLE `product` (
  `id` varchar(255) NOT NULL,
  `version` int(11) DEFAULT NULL,
  `name` varchar(255) NOT NULL,
  `price` double DEFAULT NULL,
  `quantity_in_stock` int(11) DEFAULT NULL,
  `product_category_id` varchar(255) NOT NULL,
  PRIMARY KEY (`id`),
  KEY `FKED8DCCEF7B2DD6EE` (`product_category_id`),
  CONSTRAINT `FKED8DCCEF7B2DD6EE` FOREIGN KEY (`product_category_id`) REFERENCES `product_category` (`id`)
) ENGINE=InnoDB DEFAULT CHARSET=utf8;
SET character_set_client = @saved_cs_client;

--
-- Dumping data for table `product`
--

LOCK TABLES `product` WRITE;
/*!40000 ALTER TABLE `product` DISABLE KEYS */;
INSERT INTO `product` (`id`, `version`, `name`, `price`, `quantity_in_stock`, `product_category_id`) VALUES ('01a8db3c-90e1-43e7-9954-7a2b77a38fe7',0,'Atomic Interface Ultimate',1228,27,'991efecb-9341-4ba5-890e-f8b7ce2d6e61'),('0989f354-f9ac-4e5a-a41e-fa0fa91c37f7',0,'Granon Zero Administration Server',5633,42,'dbe9b89f-f769-4806-bf9f-2139900b4516'),('1456ac55-80cf-4ad4-991e-c463509adc6e',0,'Scalic Automated Router',6630,98,'221a3c60-3db6-4bde-9243-7b45db0153b6'),('17fb6029-2787-4855-9d09-550223e7e8ec',0,'Czaricabot Integrated Client',4371,89,'669b056e-628a-480a-a2fb-1cb48e43d07f'),('1aeeb40e-4eef-4f0d-8942-bdebb4af9e07',0,'Unilan System Express',2657,21,'a06ca922-9e62-4944-9a9b-9d7ac4764ddc'),('1dc61fc3-4792-41e8-b86a-5a44ef93c7f6',0,'Stibclawed System Deluxe',9685,47,'a06ca922-9e62-4944-9a9b-9d7ac4764ddc'),('21c95d07-7591-46d4-b837-f43cda311d5c',0,'Premixis Interactive Interface',5506,2,'de167fb2-cd23-46cf-b2d3-b5a93a9f78a7'),('28a5914f-5480-4f35-bc92-2172f9521f40',0,'Etypis Interactive Terminal',5860,35,'221a3c60-3db6-4bde-9243-7b45db0153b6'),('3516265e-c183-4773-9115-24b3351e1c43',0,'Brayyl Broadband Router',723,80,'221a3c60-3db6-4bde-9243-7b45db0153b6'),('35c605c9-e89c-48ee-9d9e-954f5db38f4e',0,'Travelspig Interactive System',3651,57,'cbe46a8f-0e38-4cdf-87af-52a2c10fabf4'),('39ac6733-9300-446d-8bfc-c1d6320328ed',0,'Frimyl Wireless Hardware',1801,47,'221a3c60-3db6-4bde-9243-7b45db0153b6'),('3ff8676f-f361-415b-823d-9f3e81dfc109',0,'Eleveter Zero Administration Terminal',5532,24,'221a3c60-3db6-4bde-9243-7b45db0153b6'),('457fb87c-956a-445e-8c4e-abd36e4fb3ea',0,'Dhanyl Automated Gateway',3912,79,'221a3c60-3db6-4bde-9243-7b45db0153b6'),('47648088-386b-4d47-b6d5-3f2cd15c982d',0,'Trimon Gigabit Platform',6294,39,'1ee61755-6384-4bd6-aa33-a05b6bc99ef0'),('5a7a4cd0-b554-4ec0-8125-5cee794bb003',0,'Spiritid Secure Workstation',3351,54,'a06ca922-9e62-4944-9a9b-9d7ac4764ddc'),('5b4292dd-1079-465b-8eee-4278f78cef08',0,'Protprop Solution Premium',344,58,'56690663-c25f-4455-9b88-20d6701543f4'),('751e550e-48cc-4997-bebe-4de21904aace',0,'Tropoleo Secure Server',9306,24,'dbe9b89f-f769-4806-bf9f-2139900b4516'),('82713636-cce1-4ac7-9acf-0355347f0575',0,'Tweelet Integrated Workstation',1500,36,'a06ca922-9e62-4944-9a9b-9d7ac4764ddc'),('acd73895-b7b0-4e79-8f11-ce96efa50ff3',0,'Clawibic Pre-Emptive Computer',9375,58,'a06ca922-9e62-4944-9a9b-9d7ac4764ddc'),('bd6d69ab-29fb-4b49-a8ed-5c8caa50bf47',0,'Trager Dynamic Platform',9193,51,'1ee61755-6384-4bd6-aa33-a05b6bc99ef0'),('c2a38727-59a9-4ab1-9004-8bbc0f85f058',0,'Atomizic Wireless Platform',6831,92,'1ee61755-6384-4bd6-aa33-a05b6bc99ef0'),('c5fe6099-39ca-4feb-9692-5f86b0733812',0,'Spideric Gigabit Switch',8160,63,'221a3c60-3db6-4bde-9243-7b45db0153b6'),('d2c84234-1048-4fe2-9228-cb1e58ec1e09',0,'Spitebon Integrated System',1807,17,'cbe46a8f-0e38-4cdf-87af-52a2c10fabf4'),('d2e4394c-64cd-4332-a9b5-61c43c0ebaa8',0,'Chabotic Workstation Ultimate',3842,89,'a06ca922-9e62-4944-9a9b-9d7ac4764ddc'),('d31cd137-11da-4d24-92fd-f4a5d119be54',0,'Orinases Pre-Emptive Workstation',3761,29,'a06ca922-9e62-4944-9a9b-9d7ac4764ddc'),('db32ab07-fcc7-487c-a8e9-fb8674b4411f',0,'Troged High Speed Terminal',4570,57,'221a3c60-3db6-4bde-9243-7b45db0153b6'),('e18251f3-ab0f-40a9-94da-30bbd2a1a4e9',0,'Stotod High Speed Router',7352,7,'221a3c60-3db6-4bde-9243-7b45db0153b6'),('eac6d817-635e-4eb4-8ff4-2442cc3a0600',0,'Cheganamania Interactive Switch',4333,78,'221a3c60-3db6-4bde-9243-7b45db0153b6'),('fea957a9-3dff-4d68-879a-7447eb491f86',0,'Spigeled Interactive Server',3842,63,'dbe9b89f-f769-4806-bf9f-2139900b4516'),('ff4d119e-23c2-4957-b496-5288211c3a5c',0,'Etalon Interactive Solution',7010,56,'669b056e-628a-480a-a2fb-1cb48e43d07f');
/*!40000 ALTER TABLE `product` ENABLE KEYS */;
UNLOCK TABLES;

--
-- Table structure for table `product_category`
--

DROP TABLE IF EXISTS `product_category`;
SET @saved_cs_client     = @@character_set_client;
SET character_set_client = utf8;
CREATE TABLE `product_category` (
  `id` varchar(255) NOT NULL,
  `version` int(11) DEFAULT NULL,
  `name` varchar(255) DEFAULT NULL,
  `parent_category_id` varchar(255) DEFAULT NULL,
  PRIMARY KEY (`id`),
  KEY `FKA0303E4EFB005229` (`parent_category_id`),
  KEY `FKA0303E4E4531EB6A` (`parent_category_id`),
  CONSTRAINT `FKA0303E4E4531EB6A` FOREIGN KEY (`parent_category_id`) REFERENCES `product_category` (`id`)
) ENGINE=InnoDB DEFAULT CHARSET=utf8;
SET character_set_client = @saved_cs_client;

--
-- Dumping data for table `product_category`
--

LOCK TABLES `product_category` WRITE;
/*!40000 ALTER TABLE `product_category` DISABLE KEYS */;
INSERT INTO `product_category` (`id`, `version`, `name`, `parent_category_id`) VALUES ('1ee61755-6384-4bd6-aa33-a05b6bc99ef0',3,'Operating Systems','dc47d9cd-40e5-4633-8e2d-89981e340dca'),('221a3c60-3db6-4bde-9243-7b45db0153b6',10,'Networking','31d22719-aff8-4102-8425-a01302895aec'),('31d22719-aff8-4102-8425-a01302895aec',3,'Hardware',NULL),('56690663-c25f-4455-9b88-20d6701543f4',1,'Solutions','dc47d9cd-40e5-4633-8e2d-89981e340dca'),('669b056e-628a-480a-a2fb-1cb48e43d07f',2,'Clients','dc47d9cd-40e5-4633-8e2d-89981e340dca'),('991efecb-9341-4ba5-890e-f8b7ce2d6e61',1,'Custom Software','dc47d9cd-40e5-4633-8e2d-89981e340dca'),('a06ca922-9e62-4944-9a9b-9d7ac4764ddc',7,'Workstations','31d22719-aff8-4102-8425-a01302895aec'),('cbe46a8f-0e38-4cdf-87af-52a2c10fabf4',2,'Systems','dc47d9cd-40e5-4633-8e2d-89981e340dca'),('dbe9b89f-f769-4806-bf9f-2139900b4516',3,'Servers','31d22719-aff8-4102-8425-a01302895aec'),('dc47d9cd-40e5-4633-8e2d-89981e340dca',6,'Software',NULL),('de167fb2-cd23-46cf-b2d3-b5a93a9f78a7',1,'Interfaces','dc47d9cd-40e5-4633-8e2d-89981e340dca');
/*!40000 ALTER TABLE `product_category` ENABLE KEYS */;
UNLOCK TABLES;

--
-- Table structure for table `purchase_order`
--

DROP TABLE IF EXISTS `purchase_order`;
SET @saved_cs_client     = @@character_set_client;
SET character_set_client = utf8;
CREATE TABLE `purchase_order` (
  `id` varchar(255) NOT NULL,
  `version` int(11) DEFAULT NULL,
  `date_received` datetime DEFAULT NULL,
  `customer_id` varchar(255) NOT NULL,
  `order_number` int(11) DEFAULT NULL,
  `shipping_destination_id` varchar(255) DEFAULT NULL,
  PRIMARY KEY (`id`),
  UNIQUE KEY `order_number` (`order_number`),
  KEY `FK651874EBECE1F65` (`customer_id`),
  KEY `FK651874EBCE38568` (`shipping_destination_id`),
  KEY `FK651874E16BEEFA9` (`shipping_destination_id`),
  KEY `FK651874EA05FFD44` (`customer_id`),
  CONSTRAINT `FK651874E16BEEFA9` FOREIGN KEY (`shipping_destination_id`) REFERENCES `country` (`id`),
  CONSTRAINT `FK651874EA05FFD44` FOREIGN KEY (`customer_id`) REFERENCES `customer` (`id`)
) ENGINE=InnoDB DEFAULT CHARSET=utf8;
SET character_set_client = @saved_cs_client;

--
-- Dumping data for table `purchase_order`
--

LOCK TABLES `purchase_order` WRITE;
/*!40000 ALTER TABLE `purchase_order` DISABLE KEYS */;
INSERT INTO `purchase_order` (`id`, `version`, `date_received`, `customer_id`, `order_number`, `shipping_destination_id`) VALUES ('00b50642-4bf5-4131-82cf-106e8b5b7d83',0,'2004-10-06 14:55:53','80bf17db-483e-4ccd-99ae-06672fbdd23c',538,NULL),('0140c5a9-609d-4949-8e17-c652d1d18484',0,'2005-07-31 14:55:53','3ce54867-bf18-4789-b9e5-eb0bec964061',13,NULL),('01eacbfe-c23f-42c4-9681-cf5df9414835',0,'2002-01-14 14:55:53','f5565e5f-3fdc-4a84-aab7-d75595797734',48,NULL),('01f6062c-ffdd-4b51-a3d6-5b1098006ac3',0,'2004-09-16 14:55:53','19ef1739-31f1-41bc-a67c-678a19ff90b2',463,NULL),('021b0276-20dc-4910-aceb-aac4612e121d',0,'2000-12-21 14:55:53','f8cfefc8-99b7-4bbe-9f10-5668bfec0cde',722,NULL),('02570e6d-d502-4b23-a347-c927cd39383e',0,'2006-06-12 14:55:53','9bd869e8-0896-4773-b8dc-33711baf3007',251,NULL),('02d07572-bd6d-44d4-a2a5-183c4e076782',0,'2002-11-05 14:55:53','aea3ba6d-b053-4f33-809b-bb6eda1222cb',861,NULL),('0328af4d-13a4-48e9-bf5a-ad72911d7b77',0,'2006-05-14 14:55:53','e2fbe01b-e74e-49c2-80c2-2180667729a9',807,NULL),('03381042-6e00-4ecd-afd4-c5ebd3b8a9c6',0,'2007-07-17 14:55:53','d5363e03-1eb7-44ae-b2ce-651e7fe7446a',852,NULL),('03a90a50-0cc6-4e40-8fa7-afd1b754fbed',0,'2002-06-27 14:55:53','d888e8ce-3a7f-49a6-b3b1-0cda000c07ef',80,NULL),('04c0d0c1-552f-4959-a043-195a9bb76f42',0,'2001-01-19 14:55:53','5a43cdd4-ab09-479f-aab4-b4fbec169468',495,NULL),('04d14886-841c-4cad-9b20-b97b712e818e',0,'2005-04-15 14:55:53','8f10980e-e03d-4e45-ae9f-cba09027f10a',973,NULL),('04e0c7d8-3a78-4357-b630-46258c4d4078',0,'2001-09-20 14:55:53','ad30ba35-ee66-4409-947e-cfc95b84564c',197,NULL),('0505a6a6-b7e3-4382-8fb9-78957ecfa26b',0,'2001-03-17 14:55:53','bcd237a8-4a64-4752-8a5e-54958ab460f6',555,NULL),('0640ee10-c098-4d55-b8b0-a780d654a988',0,'2006-03-24 14:55:53','4fea9675-1bfd-4f23-827c-4ebc75f5922e',956,NULL),('069077a4-cce8-47db-b8a9-d28e984f9353',0,'2004-04-23 14:55:53','ca5cb75e-bd43-46d4-a4ad-fbf4ccceed89',464,NULL),('07562dfd-8f1c-4009-9240-df83a304f8b9',0,'2007-07-29 14:55:53','236c71c8-3496-4b31-bc37-4dd797424cda',797,NULL),('0822f80c-71fc-4780-b939-7e2cb6e548b1',0,'2007-07-23 14:55:53','7ed4de6a-609e-4dc8-b4ea-bc75b27b40a7',799,NULL),('08287068-f796-49f7-a4a5-340628db0e80',0,'2005-05-30 14:55:53','b1e5e47b-b439-4551-bbf2-23fbe6d97101',486,NULL),('084e71eb-77e8-4a59-8aef-48bf8379137c',0,'1999-07-11 14:55:53','479d2b07-2400-48c8-9788-d12de653e200',10,NULL),('08522709-8abd-4bfb-a61c-6f2b8e0b02fa',0,'2000-07-11 14:55:53','edcb9f86-2094-4104-8a46-0a3055a0a506',536,NULL),('086473fc-39a2-45de-97b1-a0ac8bb08745',0,'1999-08-12 14:55:53','b502f685-ca7c-4217-bfb4-191925c838a0',199,NULL),('087b8ff1-c80d-42a3-b5fb-b752cc65a4c5',0,'2004-12-04 14:55:53','f60aeb54-23cb-474c-b3ad-797455565c73',79,NULL),('095251c1-0518-4e08-8ba1-4f5e2cb07b31',0,'2004-11-02 14:55:53','637f9e7b-f465-42a9-9ff6-0dce9fd422ae',103,NULL),('098bccdf-51a4-4227-860e-d5198e75b032',0,'1999-07-16 14:55:53','3f092897-961a-455b-a4d9-4514734a90f3',38,NULL),('09a5b4f8-7917-4cb6-9902-c5641950c3e6',0,'2004-04-08 14:55:53','d888e8ce-3a7f-49a6-b3b1-0cda000c07ef',124,NULL),('09c992df-aae7-4607-b567-be99ace1299a',0,'2001-04-22 14:55:53','787ba3a1-f1e9-48f3-9cc3-ec648f3b7d31',917,NULL),('0a3bd66a-bc4b-4cf5-a090-73a4d18998fa',0,'2005-06-29 14:55:53','698faa5a-6dc3-487b-b95b-5765fd28a1a2',496,NULL),('0a86c2dd-7a07-434d-8f55-b3e9443b935c',0,'2005-07-19 14:55:53','1fa9bed6-dfcd-4396-9837-5928ac174022',642,NULL),('0aa3004e-9cf9-4cd3-8505-351270246473',0,'2002-10-18 14:55:53','221e8f9c-e41d-48ee-bc25-c42cb36ec033',802,NULL),('0b0ee331-fc28-4e3e-ab1c-cdb20f4cef48',0,'2004-09-18 14:55:53','2fcd1b40-0672-4193-970e-5d31f88f7998',848,NULL),('0b83e064-275e-41fe-98d7-ebf5effc90ad',0,'2006-11-25 14:55:53','d888e8ce-3a7f-49a6-b3b1-0cda000c07ef',531,NULL),('0b9eb665-b65e-4c16-bcf8-895b61cf4016',0,'2004-04-17 14:55:53','d1173776-239f-4cf5-bc41-71452c5af882',411,NULL),('0bb746f2-0bff-40ba-81d9-76ee39938310',0,'2000-09-08 14:55:53','8f10980e-e03d-4e45-ae9f-cba09027f10a',447,NULL),('0bc4a8fa-aab5-483e-94c0-066c9354e361',0,'2004-04-13 14:55:53','bcd237a8-4a64-4752-8a5e-54958ab460f6',159,NULL),('0c0ae971-42e0-4fe7-bd8e-cf3024918c55',0,'2004-01-08 14:55:53','2ce1a4c7-0384-4d0d-a028-750fdf1e8004',60,NULL),('0c2d3f46-6555-4412-a325-2b9fa81850c8',0,'1999-02-24 14:55:53','adefe252-d7cb-4d97-8f98-f253f3ec4d6f',82,NULL),('0c71f95e-9919-4cf5-bf16-3428fa9c4c8d',0,'2003-04-04 14:55:53','479d2b07-2400-48c8-9788-d12de653e200',926,NULL),('0caa1dd5-3be7-4f3e-a097-46593bc65a37',0,'2007-06-05 14:55:53','f1f336c2-15f1-4de4-baec-d4aa3cad3d15',934,NULL),('0d20176f-db8a-44e0-a160-9523573d124c',0,'2001-09-15 14:55:53','a64f3800-0821-4f7c-80fe-d76872caf87d',358,NULL),('0d40e862-4a8e-474e-ae31-bdb2f3224610',0,'2007-03-02 14:55:53','b3d232a1-ac16-4c13-8a61-29dc932ffe83',95,NULL),('0d4ca522-dbc7-4a1f-a270-8c9905e6f399',0,'2006-05-26 14:55:53','236c71c8-3496-4b31-bc37-4dd797424cda',585,NULL),('0d783fa7-89fe-4bef-a2eb-84ec9bc98dfd',0,'2002-10-29 14:55:53','8e1de4fd-2763-4592-a0d9-e41e1f502448',188,NULL),('0d85c250-9271-4daf-8ff6-f876c15a55b8',0,'2002-01-17 14:55:53','0389d87a-d283-45a7-94e9-43ecffa2a1b1',139,NULL),('0da6b850-8815-4689-9001-230141462093',0,'2000-06-26 14:55:53','43185fa4-9163-40b4-9f53-039b05fee999',426,NULL),('0e3f9c6b-74a8-436c-a5af-02c2198d349a',0,'2002-03-22 14:55:53','290060c2-5c7b-4939-80fb-7f7dfab35e27',248,NULL),('0e6b90d7-6880-4d2c-a458-9c191d16abba',0,'2002-02-04 14:55:53','ee829db1-2bca-4903-9993-b0e831d0e10d',431,NULL),('0e7df7f1-0d07-498c-9067-813f678fafce',0,'2001-11-18 14:55:53','816e5f1e-00f0-4e78-9abd-9a836814d397',618,NULL),('0e88d657-72d2-4c46-9d50-d2239234797a',0,'2001-03-13 14:55:53','b1e5e47b-b439-4551-bbf2-23fbe6d97101',30,NULL),('0f1d423e-eb6c-4bed-8d88-224f85e77718',0,'2001-02-06 14:55:53','a215a67e-cee4-4986-b78f-f8c8389a8cca',430,NULL),('0f290672-2fb7-48ad-ae4b-4764b94e6547',0,'2002-12-29 14:55:53','816e5f1e-00f0-4e78-9abd-9a836814d397',997,NULL),('0f53b73f-2a6c-4213-a01c-b417f22af83d',0,'1999-06-25 14:55:53','62dd4172-3418-4a08-83bc-c5ea4b796033',541,NULL),('0f66fb02-eb8c-46f6-8400-69008bfa7413',0,'2001-11-22 14:55:53','aea3ba6d-b053-4f33-809b-bb6eda1222cb',580,NULL),('0f8e2852-53fd-453e-ae9c-7e9685bb5215',0,'2001-12-20 14:55:53','c5ff9a71-a27f-4d2b-bd03-3745af5f2c07',87,NULL),('0fbd010d-c236-4acc-bdc5-7c39892fb4c0',0,'2004-04-06 14:55:53','816e5f1e-00f0-4e78-9abd-9a836814d397',68,NULL),('102d000b-8f20-4ccc-9f9e-c24de673e59d',0,'2006-11-21 14:55:53','3f092897-961a-455b-a4d9-4514734a90f3',471,NULL),('1032d596-13f2-4105-a5cb-7283dad424b5',0,'2000-02-03 14:55:53','a64f3800-0821-4f7c-80fe-d76872caf87d',619,NULL),('106ee069-9980-43a9-a97a-119ccdfefe23',0,'2003-05-16 14:55:53','cb3df651-1fb1-49fa-af24-e301e9057f17',895,NULL),('109120a9-103e-4a15-bacb-1147185121d5',0,'2002-07-15 14:55:53','787ba3a1-f1e9-48f3-9cc3-ec648f3b7d31',418,NULL),('10a766d1-0a4c-4b5f-ad18-2c9eed9b2b2e',0,'1999-05-09 14:55:53','f11c3e48-83fa-4075-8b89-c916bd2fc2dd',93,NULL),('10b4ac40-e702-44ba-a1f9-e89191fe6af3',0,'2006-07-31 14:55:53','b4061388-cd44-4109-80a2-3ad3cbc9b03c',321,NULL),('10bbde71-431a-4873-a4a1-75d036f05666',0,'2004-12-09 14:55:53','5a43cdd4-ab09-479f-aab4-b4fbec169468',275,NULL),('111c3b34-6088-4817-b500-ab23e7829c9f',0,'2007-11-17 14:55:53','698faa5a-6dc3-487b-b95b-5765fd28a1a2',132,NULL),('1129a628-aa8d-43db-b810-98978bb952e3',0,'2003-01-07 14:55:53','d1173776-239f-4cf5-bc41-71452c5af882',977,NULL),('113facfc-0c83-4bcd-9221-7ae24805f85c',0,'2002-01-04 14:55:53','65ddd838-780b-4aac-a31b-edcdfd00f180',166,NULL),('12444f84-a79d-48d1-bcdb-d8832f77cee5',0,'1999-04-16 14:55:53','8b2305c3-de53-4f21-93d2-b8d28c324d58',323,NULL),('128f6581-aa5c-4d96-9c17-5f7d12ca9b75',0,'2006-08-16 14:55:53','65ddd838-780b-4aac-a31b-edcdfd00f180',29,NULL),('132d4fb5-b018-4eb5-8f19-530cb76a8a30',0,'2004-02-06 14:55:53','ee2e2285-c4ba-40ef-88f0-3e4ed576c976',994,NULL),('13e65779-f4b3-4511-a38c-a2a0785d9908',0,'2000-09-19 14:55:53','6e359b3e-e0b5-433c-b816-38e7be90a956',141,NULL),('14353e10-c65b-4785-8d2e-e6aae2c0caad',0,'1999-08-29 14:55:53','221e8f9c-e41d-48ee-bc25-c42cb36ec033',41,NULL),('14445d0c-019f-4806-b769-8c4d5807953e',0,'2005-02-11 14:55:53','2445d4e7-ab53-437d-a996-c99f8e6e8510',616,NULL),('14a22aa3-0f19-489c-bef5-fe470035a395',0,'2001-03-04 14:55:53','53a3154e-3a87-4924-bb35-37704f7f2fb7',398,NULL),('14cf896b-07e0-46c5-9158-0268c097af53',0,'2003-03-21 14:55:53','290060c2-5c7b-4939-80fb-7f7dfab35e27',671,NULL),('152e0feb-da4a-4b7c-8e8d-0a2d6ea8af81',0,'2005-08-15 14:55:53','bcd237a8-4a64-4752-8a5e-54958ab460f6',43,NULL),('1547da60-bfb0-43f7-b59e-70493f88bba7',0,'2003-02-21 14:55:53','aea3ba6d-b053-4f33-809b-bb6eda1222cb',312,NULL),('1591e726-0705-4817-8642-9ef3025785f9',0,'2001-05-03 14:55:53','62dd4172-3418-4a08-83bc-c5ea4b796033',428,NULL),('15ece2cf-d8d1-4c3a-9b0d-d662780eb18c',0,'1999-11-13 14:55:53','6e359b3e-e0b5-433c-b816-38e7be90a956',227,NULL),('162cb1d3-e6f4-4ca6-9c49-9a99d44fef43',0,'2001-12-12 14:55:53','c6b5cfbc-d8e3-40ab-b940-158e5a89a47f',254,NULL),('16361552-e5c1-45ef-87a6-2fa3ff4ac8d1',0,'2004-01-19 14:55:53','c5ff9a71-a27f-4d2b-bd03-3745af5f2c07',31,NULL),('166abc6b-9719-45cb-965b-f5956d4c5265',0,'2001-07-14 14:55:53','5c25bb7a-9dab-4420-a0d8-a87bfe2961a1',654,NULL),('17637e27-d143-416b-9129-534e47fb8523',0,'2003-09-09 14:55:53','8e1de4fd-2763-4592-a0d9-e41e1f502448',374,NULL),('17e35f7e-1430-4862-8509-2adc2de6b5eb',0,'2000-05-17 14:55:53','3f092897-961a-455b-a4d9-4514734a90f3',550,NULL),('17f80182-ea5b-4149-8e00-248b0b071e48',0,'2000-04-25 14:55:53','3ce54867-bf18-4789-b9e5-eb0bec964061',92,NULL),('18081660-c66f-4a24-9310-ea7020245ae9',0,'1999-10-19 14:55:53','6245c398-ba60-4946-91f5-1d5ebb3fe44c',625,NULL),('184b95e5-53ff-4eb9-b27a-8013892f424c',0,'1999-07-09 14:55:53','b4061388-cd44-4109-80a2-3ad3cbc9b03c',964,NULL),('1986625e-696d-4f51-a062-113f1ef45fd1',0,'2000-02-02 14:55:53','592252bc-f9a0-4fc7-bae4-4c16bfc7f686',951,NULL),('19e69a95-f670-4487-9d44-93152c4ff66b',0,'2001-05-19 14:55:53','a64f3800-0821-4f7c-80fe-d76872caf87d',380,NULL),('19f82ca2-c729-4a24-bfb4-049ca17e2869',0,'2004-03-21 14:55:53','b55a64be-01d2-4f1d-a0a7-a3249c2ccf8f',208,NULL),('1a45411c-460c-4377-b501-682d82519a89',0,'2000-09-12 14:55:53','562e3798-680b-4f98-ac2c-56863a904641',875,NULL),('1a66d61a-d0c7-4d25-a402-5e9df81c2ddd',0,'2000-12-05 14:55:53','d5363e03-1eb7-44ae-b2ce-651e7fe7446a',941,NULL),('1a89d87c-7e29-4d68-9704-3beed37c5355',0,'2003-09-29 14:55:53','562e3798-680b-4f98-ac2c-56863a904641',32,NULL),('1abf952f-5942-407b-a70d-b1dbfd11e77c',0,'2005-12-01 14:55:53','8b2305c3-de53-4f21-93d2-b8d28c324d58',25,NULL),('1acb4fa9-574a-4cfc-84c3-3116a042a2c5',0,'2000-12-21 14:55:53','f5565e5f-3fdc-4a84-aab7-d75595797734',847,NULL),('1b6005cc-117c-4960-9c7f-5f854a47d16b',0,'2006-01-19 14:55:53','060c332f-3c35-43cf-8c16-77697ea94fad',508,NULL),('1bfb2c7e-d9f5-49de-b861-2d6ca7d7ad37',0,'1999-06-13 14:55:53','554df50b-078a-4d0f-8a68-f626fda1fae0',918,NULL),('1d7fea0e-cdd9-4725-94d2-fa08ae1a5477',0,'2003-12-27 14:55:53','80bf17db-483e-4ccd-99ae-06672fbdd23c',650,NULL),('1dfd46ed-29ed-47a0-9848-1303cb74be5b',0,'2005-12-20 14:55:53','5a582cc2-049d-4e69-9310-02ff12554ea2',158,NULL),('1ee8ce0b-d0ac-4391-ba2a-3df8b9d9f670',0,'2004-01-11 14:55:53','ce364662-d5eb-4b3e-9f14-6214658d3a76',481,NULL),('1f7df5f8-285f-4ccc-8ed8-3c13bfe93ab4',0,'2003-07-22 14:55:53','cb3df651-1fb1-49fa-af24-e301e9057f17',195,NULL),('1fc70c9d-5993-4f51-8f6b-319b521f497f',0,'1999-11-17 14:55:53','5d85c625-fef5-4978-8c63-9212f8acf769',996,NULL),('1ff1047b-cbc1-49ea-813d-b581d0b783cd',0,'2000-05-22 14:55:53','6e359b3e-e0b5-433c-b816-38e7be90a956',685,NULL),('200b0dc4-de74-42c8-8eb5-c253282f276d',0,'1999-01-07 14:55:53','b502f685-ca7c-4217-bfb4-191925c838a0',271,NULL),('2084f2be-5e67-40c7-8b0b-6bdff9a1f411',0,'2005-05-13 14:55:53','b4061388-cd44-4109-80a2-3ad3cbc9b03c',263,NULL),('20be5acf-2f13-44c9-beff-8a8641c7d4a8',0,'1999-03-12 14:55:53','2a170045-d4ed-4a2e-8513-198687f38676',818,NULL),('213d6198-f3a5-4005-80ef-2660fbc5b05d',0,'2002-06-21 14:55:53','060c332f-3c35-43cf-8c16-77697ea94fad',185,NULL),('21a3278f-5cae-4d2f-9fe1-3f403da09271',0,'2007-03-15 14:55:53','8e1de4fd-2763-4592-a0d9-e41e1f502448',902,NULL),('220dfe25-92b3-4cad-b3a5-3af2f7eb9c6e',0,'2002-08-02 14:55:53','edcb9f86-2094-4104-8a46-0a3055a0a506',922,NULL),('226292d4-9f6f-4710-971f-dd1d4fa5f64c',0,'2005-06-25 14:55:53','479d2b07-2400-48c8-9788-d12de653e200',85,NULL),('22746bb9-547a-4f8c-a05b-13b98aa05eb9',0,'2006-08-06 14:55:53','80bf17db-483e-4ccd-99ae-06672fbdd23c',989,NULL),('228938c1-c665-446a-898a-421d3fbcb75b',0,'1999-09-17 14:55:53','5a43cdd4-ab09-479f-aab4-b4fbec169468',944,NULL),('22a7efdc-736d-4b77-87c3-a8c85885cb0e',0,'2001-11-27 14:55:53','3ce54867-bf18-4789-b9e5-eb0bec964061',167,NULL),('22ac9613-d50c-40a5-8a22-d0aec0d03a60',0,'2000-01-13 14:55:53','19ef1739-31f1-41bc-a67c-678a19ff90b2',179,NULL),('22afe508-0c6e-45b9-b468-6e605411c887',0,'2000-01-27 14:55:53','d61f99de-baa5-4c1b-9793-0669838d4cba',142,NULL),('22ee5524-cef6-458c-81c9-43e6c8eabaff',0,'2002-12-09 14:55:53','cb3df651-1fb1-49fa-af24-e301e9057f17',794,NULL),('230a6dfd-2270-41b7-95e2-76f5b1885101',0,'2004-03-23 14:55:53','5c25bb7a-9dab-4420-a0d8-a87bfe2961a1',230,NULL),('2444d947-17d0-46de-a9b8-231b3620d19d',0,'2005-02-12 14:55:53','abcd8924-8069-4948-88b2-fdc6c4a6dfb3',47,NULL),('24cf3294-a6e0-4062-ad53-92c04db002ea',0,'2000-09-06 14:55:53','221e8f9c-e41d-48ee-bc25-c42cb36ec033',903,NULL),('24ec5101-5e17-4c0d-b0d1-69eb1b5f7748',0,'2005-05-12 14:55:53','7ed4de6a-609e-4dc8-b4ea-bc75b27b40a7',609,NULL),('25732228-7d81-4b9b-8112-68f34970fc6f',0,'2001-06-20 14:55:53','3f092897-961a-455b-a4d9-4514734a90f3',640,NULL),('25dc6874-878b-41df-9e2f-d3edc1b7834d',0,'1999-11-12 14:55:53','b9599f61-9493-4284-9c28-db3b4c8bdc97',703,NULL),('25fe8c79-4850-4159-8b1a-4f8731d6f0c0',0,'2000-01-04 14:55:53','b55a64be-01d2-4f1d-a0a7-a3249c2ccf8f',201,NULL),('26149c13-6253-4f66-a207-9f4b47e76d85',0,'2004-11-01 14:55:53','3aff192d-ccdc-428b-afe5-4f6461da3b80',670,NULL),('26898378-0b4b-44c2-85b8-0d464fd222af',0,'2001-08-06 14:55:53','2ddd4991-3fb5-40b2-8860-c33df188dbda',97,NULL),('270fe86c-9302-44cf-8973-c2bcd609142b',0,'1999-01-18 14:55:53','ad30ba35-ee66-4409-947e-cfc95b84564c',841,NULL),('274c79eb-bc5a-4c46-95c3-952a9c247dd5',0,'1999-06-09 14:55:53','cc2b341a-fb7c-48d7-b3f3-46d0151dc973',23,NULL),('279c7298-67d9-49e3-9069-8b5ddcbf6ee5',0,'2003-05-23 14:55:53','479d2b07-2400-48c8-9788-d12de653e200',20,NULL),('2807a25e-fc02-4330-8e37-8eb6771c3723',0,'2000-05-29 14:55:53','a64f3800-0821-4f7c-80fe-d76872caf87d',651,NULL),('28d37a09-7593-4681-bcd0-7c745d470b7f',0,'2005-06-16 14:55:53','479d2b07-2400-48c8-9788-d12de653e200',825,NULL),('298e7c79-fb52-48a5-b3b7-bcc775636772',0,'2006-05-25 14:55:53','53a3154e-3a87-4924-bb35-37704f7f2fb7',50,NULL),('299643ad-2d51-46ea-b6b4-200c9aacf855',0,'2007-02-15 14:55:53','aea3ba6d-b053-4f33-809b-bb6eda1222cb',422,NULL),('29dbe790-8ce6-4b76-85dc-db1865c88537',0,'2007-07-25 14:55:53','592252bc-f9a0-4fc7-bae4-4c16bfc7f686',222,NULL),('29f8ff0e-03a0-42db-96ca-a5d58f8b1f48',0,'2007-11-12 14:55:53','ce364662-d5eb-4b3e-9f14-6214658d3a76',129,NULL),('2a097208-6a7b-49ba-9a9b-7b091d91d679',0,'2000-11-04 14:55:53','19ef1739-31f1-41bc-a67c-678a19ff90b2',42,NULL),('2a63abd0-ff4f-4725-a1ad-3963306f066a',0,'2005-09-12 14:55:53','8b2305c3-de53-4f21-93d2-b8d28c324d58',843,NULL),('2a931d39-d64c-4e48-a44e-15ca0a2e27c2',0,'2004-12-05 14:55:53','06c57da3-3aaf-4fc8-a01c-b77bc985a54f',646,NULL),('2aace7b4-a016-4503-b230-a800a57935af',0,'2004-06-14 14:55:53','f8cfefc8-99b7-4bbe-9f10-5668bfec0cde',617,NULL),('2b642966-3d30-4340-8098-3a2a13a62916',0,'2007-12-01 14:55:53','5d85c625-fef5-4978-8c63-9212f8acf769',301,NULL),('2c021248-21b5-455a-a608-350ee435a2de',0,'2006-06-28 14:55:53','3058dd77-4f86-4d9b-b4f1-93f588dd8a4d',237,NULL),('2ca5365d-2625-4abc-b9b5-32f1ff7c2188',0,'2002-09-17 14:55:53','06c57da3-3aaf-4fc8-a01c-b77bc985a54f',751,NULL),('2d1222f0-64e3-4ccf-a220-3edd984deb08',0,'2003-08-21 14:55:53','ee2e2285-c4ba-40ef-88f0-3e4ed576c976',981,NULL),('2dac379a-412f-47b5-9da7-1cbd5ea146b7',0,'2000-07-20 14:55:53','8f10980e-e03d-4e45-ae9f-cba09027f10a',783,NULL),('2dea482b-9778-4d10-8f0e-7b7e7f164362',0,'2007-04-20 14:55:53','9bd869e8-0896-4773-b8dc-33711baf3007',153,NULL),('2defd017-3b2b-47fe-b34c-7da195e2aa35',0,'2001-08-05 14:55:53','b3d232a1-ac16-4c13-8a61-29dc932ffe83',131,NULL),('2eabfa8c-358e-4a87-bb54-99e06133954a',0,'2000-05-04 14:55:53','2a170045-d4ed-4a2e-8513-198687f38676',11,NULL),('2ed2ca3e-4d6a-4e05-b614-8bc4f912eec9',0,'2005-03-15 14:55:53','43185fa4-9163-40b4-9f53-039b05fee999',886,NULL),('2ee8de13-c7bd-4f8c-8fdf-1791ebce3a2f',0,'2000-08-26 14:55:53','62dd4172-3418-4a08-83bc-c5ea4b796033',351,NULL),('2f4759e0-a92b-44ad-b74f-cda3ef81e805',0,'2003-03-21 14:55:53','ca5cb75e-bd43-46d4-a4ad-fbf4ccceed89',937,NULL),('2f61d5ab-48cb-4c7d-be62-3fa2eb03eb8a',0,'2006-07-12 14:55:53','ee0f6ee1-3324-4ba5-8c76-eba6abf35f6d',588,NULL),('30787ae3-8559-46fa-a595-bea0047ca58b',0,'2005-05-11 14:55:53','4cb00b5f-b437-44e1-93c9-32452c8d4f9d',590,NULL),('30a5ef4f-ed61-49cd-88a9-a1fe80a57983',0,'2002-03-21 14:55:53','290060c2-5c7b-4939-80fb-7f7dfab35e27',449,NULL),('30cbf88b-97f8-4435-b0d4-0502505fc20f',0,'2003-11-21 14:55:53','b502f685-ca7c-4217-bfb4-191925c838a0',983,NULL),('311eca0c-54dc-4358-9734-c142be68a42b',0,'2005-01-17 14:55:53','816e5f1e-00f0-4e78-9abd-9a836814d397',855,NULL),('314789e6-0b2d-4a62-99ce-4e443fd23d5f',0,'2005-05-22 14:55:53','a215a67e-cee4-4986-b78f-f8c8389a8cca',747,NULL),('31e4c46d-0741-4257-88eb-a4d24e700393',0,'1999-07-14 14:55:53','f60aeb54-23cb-474c-b3ad-797455565c73',845,NULL),('329ee3b9-5cfb-421d-ae1c-113facee8ebc',0,'2006-11-04 14:55:53','f60aeb54-23cb-474c-b3ad-797455565c73',912,NULL),('331101ec-a05e-4f1f-99e1-b9ba75eaec48',0,'2006-07-08 14:55:53','e2fbe01b-e74e-49c2-80c2-2180667729a9',421,NULL),('334f882d-94d6-4121-ac00-48a3625effd5',0,'2002-02-24 14:55:53','6e359b3e-e0b5-433c-b816-38e7be90a956',655,NULL),('335dbc00-7816-4232-a8ad-6e4b048e0a0f',0,'2006-09-20 14:55:53','e2fbe01b-e74e-49c2-80c2-2180667729a9',434,NULL),('33665f99-f38a-4712-bc62-e81248650ade',0,'2007-10-28 14:55:53','5a582cc2-049d-4e69-9310-02ff12554ea2',52,NULL),('33fb80f8-7641-495d-9df1-744b02518e57',0,'1999-11-13 14:55:53','c5ff9a71-a27f-4d2b-bd03-3745af5f2c07',645,NULL),('34146e93-64f2-42e8-b0af-79cc2d6fa176',0,'2004-03-26 14:55:53','69b114f9-ab37-44cb-bb1d-49b3c51d3864',403,NULL),('3455db9c-2ad3-4a29-aaa6-37283ba5e9ca',0,'1999-06-30 14:55:53','d5363e03-1eb7-44ae-b2ce-651e7fe7446a',318,NULL),('345d5163-f4dd-4b2f-ae9a-107e98ccbe4d',0,'2001-06-22 14:55:53','ce364662-d5eb-4b3e-9f14-6214658d3a76',773,NULL),('34eec580-a755-4295-b9dd-1e687e77ba51',0,'2002-10-20 14:55:53','6b3b6c93-b255-4d8e-bfa3-cb0f8f88b8ca',512,NULL),('36991fc0-6961-45c2-b1a0-2eb85840fbc7',0,'2007-08-07 14:55:53','a64f3800-0821-4f7c-80fe-d76872caf87d',636,NULL),('36dfc19a-7b5e-431e-9c9f-681468c6ce45',0,'2003-10-06 14:55:53','8e1de4fd-2763-4592-a0d9-e41e1f502448',354,NULL),('37279973-583a-4fe5-9341-94d9900a4b4e',0,'2004-06-03 14:55:53','bc94a19e-dca2-4ba2-9e89-24879b0fec80',203,NULL),('37fcb6ea-d48e-43a3-987f-e6c8344376c9',0,'2001-04-30 14:55:53','f11c3e48-83fa-4075-8b89-c916bd2fc2dd',35,NULL),('386fcb25-56dc-471b-ad14-01c39bac0879',0,'2004-05-31 14:55:53','4fea9675-1bfd-4f23-827c-4ebc75f5922e',778,NULL),('387240ee-5959-438f-b690-3026a52d4cd0',0,'2003-02-17 14:55:53','d1173776-239f-4cf5-bc41-71452c5af882',691,NULL),('38a8da78-6837-44f1-884f-8189c3aca33f',0,'2005-07-20 14:55:53','b502f685-ca7c-4217-bfb4-191925c838a0',407,NULL),('38db2a3e-ccbd-4685-bbf5-686eda2651e9',0,'2006-11-16 14:55:53','78c72e48-01cb-4fc2-b853-9f4ea16006c1',603,NULL),('393a29f7-eccf-4296-b379-68e02e2f6d59',0,'2001-11-30 14:55:53','65ddd838-780b-4aac-a31b-edcdfd00f180',64,NULL),('399a7297-40b0-4d44-af74-9786d1ac0112',0,'2002-09-28 14:55:53','ee0f6ee1-3324-4ba5-8c76-eba6abf35f6d',106,NULL),('39ce4467-5007-4edc-a549-228e092efa4c',0,'2002-04-08 14:55:53','3aff192d-ccdc-428b-afe5-4f6461da3b80',741,NULL),('3a0bd233-f3ab-4abe-9e5f-96909744bcad',0,'2003-10-31 14:55:53','b3d232a1-ac16-4c13-8a61-29dc932ffe83',322,NULL),('3a25cb1c-5393-4932-b13d-166b948acdf5',0,'2004-08-10 14:55:53','c6b5cfbc-d8e3-40ab-b940-158e5a89a47f',690,NULL),('3a4555b7-3ed0-4fe2-b003-aaf05b6dd967',0,'2002-09-30 14:55:53','3aff192d-ccdc-428b-afe5-4f6461da3b80',115,NULL),('3a740534-5e3e-4043-a784-4aeb8c1fd340',0,'2005-09-07 14:55:53','221e8f9c-e41d-48ee-bc25-c42cb36ec033',744,NULL),('3adc11cc-9bff-4ed8-abf0-656c09984254',0,'2006-08-12 14:55:53','4fea9675-1bfd-4f23-827c-4ebc75f5922e',345,NULL),('3b17da1b-b091-4927-ae5f-ed1845a4762c',0,'2003-05-15 14:55:53','5d85c625-fef5-4978-8c63-9212f8acf769',200,NULL),('3bb1e953-cb09-4c51-abfc-8f8c1e8afe75',0,'1999-05-31 14:55:53','4cb00b5f-b437-44e1-93c9-32452c8d4f9d',57,NULL),('3c2e80c9-e3a6-488e-a2ee-65a1e51f09cf',0,'2000-12-15 14:55:53','290060c2-5c7b-4939-80fb-7f7dfab35e27',756,NULL),('3c753b59-80ff-45cd-b961-174558da6dd9',0,'2003-12-16 14:55:53','3ce54867-bf18-4789-b9e5-eb0bec964061',229,NULL),('3c889c21-d36e-4590-8101-f5dbc65856e6',0,'2001-02-12 14:55:53','562e3798-680b-4f98-ac2c-56863a904641',620,NULL),('3c95424f-e147-4519-85e1-02f2ed8098c0',0,'1999-06-06 14:55:53','0389d87a-d283-45a7-94e9-43ecffa2a1b1',728,NULL),('3c9c78e3-c2b6-4970-ade6-d08e5277ebfa',0,'2007-08-14 14:55:53','06c57da3-3aaf-4fc8-a01c-b77bc985a54f',676,NULL),('3cb996f4-8a19-43eb-bca0-8e9e6e0ee407',0,'2003-01-12 14:55:53','3f092897-961a-455b-a4d9-4514734a90f3',366,NULL),('3d0365be-8318-4a8e-b6e7-726eef5b2efa',0,'2004-05-30 14:55:53','6be034b3-2d2e-45e4-a79d-be693a05c0f4',992,NULL),('3d23b330-dc54-4b1b-99c1-b6422a7b074c',0,'1999-08-26 14:55:53','deb19969-b3c9-4325-ba43-125427e1227f',928,NULL),('3d56d4e0-8e70-4655-b2f0-753102433d49',0,'1999-06-25 14:55:53','b3d232a1-ac16-4c13-8a61-29dc932ffe83',484,NULL),('3dc40bd9-522c-4b01-bf5d-e63f477db5b5',0,'2000-10-19 14:55:53','3aff192d-ccdc-428b-afe5-4f6461da3b80',161,NULL),('3df97696-efac-4207-84e6-aa8cdd95d558',0,'2001-04-28 14:55:53','816e5f1e-00f0-4e78-9abd-9a836814d397',432,NULL),('3e0e8d13-c6e1-46c5-b13b-df622f68ba71',0,'2006-07-18 14:55:53','d5363e03-1eb7-44ae-b2ce-651e7fe7446a',456,NULL),('3e9aede2-9033-4152-893d-e7f3327189e3',0,'1999-07-19 14:55:53','b3d232a1-ac16-4c13-8a61-29dc932ffe83',502,NULL),('3ea228a7-9e6a-4114-ad34-f38812f06f30',0,'2003-07-15 14:55:53','ee829db1-2bca-4903-9993-b0e831d0e10d',466,NULL),('3f672182-9fe4-498d-8658-9c7ce9067cf0',0,'2004-08-06 14:55:53','b1e5e47b-b439-4551-bbf2-23fbe6d97101',194,NULL),('3f722231-226d-4059-9ec9-dc082d25774c',0,'2006-11-02 14:55:53','f11c3e48-83fa-4075-8b89-c916bd2fc2dd',679,NULL),('3fc17c5d-f22b-455e-8143-a31ae708751e',0,'2004-05-06 14:55:53','9bd869e8-0896-4773-b8dc-33711baf3007',205,NULL),('402dc3ae-5cd1-4e7e-9cc8-99de89236f4d',0,'2000-02-12 14:55:53','d1173776-239f-4cf5-bc41-71452c5af882',59,NULL),('40824803-7dbb-48ce-a582-58333ca7683d',0,'2000-07-23 14:55:53','59ef3baf-a66c-4871-81d1-ab39377db2bc',798,NULL),('4106c6ac-22b7-4ed9-8670-d35133099ce9',0,'2003-06-30 14:55:53','3ce54867-bf18-4789-b9e5-eb0bec964061',757,NULL),('4139fda4-ed14-4847-925a-6edcea9c780a',0,'2005-04-09 14:55:53','cc2b341a-fb7c-48d7-b3f3-46d0151dc973',335,NULL),('4153710a-443c-42c6-8651-8140c3563f32',0,'1999-03-05 14:55:53','ce364662-d5eb-4b3e-9f14-6214658d3a76',86,NULL),('4160206e-fc37-482f-817e-9484b114f5db',0,'2001-05-12 14:55:53','d5363e03-1eb7-44ae-b2ce-651e7fe7446a',137,NULL),('41d7c9ea-f815-4e8e-9559-222392ad077c',0,'2004-03-13 14:55:53','1fa9bed6-dfcd-4396-9837-5928ac174022',224,NULL),('41e8f57f-344d-4b88-a4cf-5e7bdc76be53',0,'2003-02-12 14:55:53','62dd4172-3418-4a08-83bc-c5ea4b796033',27,NULL),('4271f67b-bb0b-4ecc-bc3d-60700e5713a1',0,'2005-04-14 14:55:53','816e5f1e-00f0-4e78-9abd-9a836814d397',365,NULL),('4310684e-3ede-4943-9ed3-8fa698e5d868',0,'2002-10-08 14:55:53','aea3ba6d-b053-4f33-809b-bb6eda1222cb',419,NULL),('431406f1-0a48-4bab-82dc-38d7530424b9',0,'2006-02-12 14:55:53','787ba3a1-f1e9-48f3-9cc3-ec648f3b7d31',120,NULL),('436a14d9-6c11-468d-a4ae-ba34096aaf16',0,'2001-06-13 14:55:53','790c1d58-3dae-420a-bc63-14aaa9f4f195',339,NULL),('436dec8e-a341-4b9e-b654-ec9212027837',0,'2000-07-30 14:55:53','2ce1a4c7-0384-4d0d-a028-750fdf1e8004',213,NULL),('43cdb025-9b91-4b48-b905-cf5effa031d0',0,'2005-10-29 14:55:53','ce364662-d5eb-4b3e-9f14-6214658d3a76',242,NULL),('44fabf8c-d975-4fdf-a17e-3581228ef91f',0,'2004-02-02 14:55:53','2ce1a4c7-0384-4d0d-a028-750fdf1e8004',915,NULL),('452612d8-6781-46e9-a675-60c567bad7de',0,'2000-09-15 14:55:53','1fa9bed6-dfcd-4396-9837-5928ac174022',113,NULL),('4535cfda-27cb-40be-8b5c-ccb3ee3d6a91',0,'1999-03-06 14:55:53','816e5f1e-00f0-4e78-9abd-9a836814d397',12,NULL),('453dff48-aa98-4754-858c-cbd0bff87934',0,'2001-06-03 14:55:53','236c71c8-3496-4b31-bc37-4dd797424cda',274,NULL),('45dbda93-3b26-421a-9ba1-7e1b74f80fe1',0,'2003-03-08 14:55:53','698faa5a-6dc3-487b-b95b-5765fd28a1a2',851,NULL),('463df603-74f9-4010-80ef-4eb86c31ae6e',0,'2005-04-24 14:55:53','4868bd97-39ab-4cbf-9ddd-5c4bf848d266',169,NULL),('465cf29d-b55b-48f8-b8a9-9f99f6c1a029',0,'2007-05-03 14:55:53','b502f685-ca7c-4217-bfb4-191925c838a0',270,NULL),('46b3b3ca-25b2-4cde-87a0-8ff8723fef6a',0,'2004-03-06 14:55:53','b502f685-ca7c-4217-bfb4-191925c838a0',701,NULL),('46f665ea-cd4c-434e-9954-3db3464c377d',0,'2007-12-02 14:55:53','5d85c625-fef5-4978-8c63-9212f8acf769',607,NULL),('4700ea67-b63f-4a9f-b857-f223ac56d0fc',0,'2006-06-23 14:55:53','221e8f9c-e41d-48ee-bc25-c42cb36ec033',160,NULL),('48c451de-9a8f-4531-b48b-2706702220c5',0,'2001-06-04 14:55:53','5a582cc2-049d-4e69-9310-02ff12554ea2',979,NULL),('4a2a52a9-74aa-466e-9a37-5b13640807ef',0,'2006-07-19 14:55:53','d888e8ce-3a7f-49a6-b3b1-0cda000c07ef',591,NULL),('4a5b7b46-2670-4394-9a47-9df5a2a25ce1',0,'2002-11-18 14:55:53','53a3154e-3a87-4924-bb35-37704f7f2fb7',735,NULL),('4a6269bf-aa7d-4e6c-a5f5-e7192f9ebec8',0,'2000-12-12 14:55:53','3ce54867-bf18-4789-b9e5-eb0bec964061',238,NULL),('4a7f3873-1ff2-49f2-994b-9445c219d256',0,'2003-01-02 14:55:53','ee2e2285-c4ba-40ef-88f0-3e4ed576c976',210,NULL),('4ae15132-171f-4ba6-9ef4-e7bd81c38a9b',0,'2006-07-23 14:55:53','2ce1a4c7-0384-4d0d-a028-750fdf1e8004',409,NULL),('4b82672f-3c8b-479a-bfb5-1f1d9b6f269d',0,'2001-07-05 14:55:53','deb19969-b3c9-4325-ba43-125427e1227f',649,NULL),('4b8f6cfb-bcb5-4810-a599-591fe17ea2e7',0,'2004-09-09 14:55:53','ca5cb75e-bd43-46d4-a4ad-fbf4ccceed89',402,NULL),('4c2d2f63-db85-4b38-b790-b697f4c0bc60',0,'2002-06-29 14:55:53','69b114f9-ab37-44cb-bb1d-49b3c51d3864',387,NULL),('4c469c99-33f2-4013-b950-b7b8b6d91fa6',0,'2005-03-14 14:55:53','b1e5e47b-b439-4551-bbf2-23fbe6d97101',467,NULL),('4ca34401-a76a-4ab6-af38-8bc4a4127664',0,'2000-08-01 14:55:53','aea3ba6d-b053-4f33-809b-bb6eda1222cb',498,NULL),('4ce7a852-f168-45b5-96e1-9f581a34ff59',0,'2005-09-04 14:55:53','8b2305c3-de53-4f21-93d2-b8d28c324d58',961,NULL),('4d24df42-4f0d-4ee1-8d9b-0bfdf9992fae',0,'2007-11-02 14:55:53','ee2e2285-c4ba-40ef-88f0-3e4ed576c976',404,NULL),('4d2972e4-d3b6-4622-aac4-2bb06f5d4617',0,'2006-10-01 14:55:53','eb55d3be-c49e-4cf6-a914-3b85aaeee58a',629,NULL),('4da3ade0-6405-41a4-b775-d6c6c8a52c74',0,'2007-07-16 14:55:53','4868bd97-39ab-4cbf-9ddd-5c4bf848d266',919,NULL),('4df4f0a4-4c01-46be-a86b-eaee61e89e80',0,'2002-08-25 14:55:53','2240199d-8e65-43a8-9834-228a6308f3d0',39,NULL),('4e1c4bc6-f13e-422e-a8bc-ce7d1c56d5d8',0,'2007-04-30 14:55:53','ca5cb75e-bd43-46d4-a4ad-fbf4ccceed89',892,NULL),('4e43b5d0-b94c-4e94-842a-3f3183818101',0,'2003-10-02 14:55:53','c5ff9a71-a27f-4d2b-bd03-3745af5f2c07',879,NULL),('4e6af95a-9bfc-4c34-a1e2-422cd6092f67',0,'2002-04-25 14:55:53','4fea9675-1bfd-4f23-827c-4ebc75f5922e',454,NULL),('4ea305d4-7d9c-43ba-a8b5-85660de1629d',0,'2002-08-02 14:55:53','698faa5a-6dc3-487b-b95b-5765fd28a1a2',814,NULL),('4ec46425-8f54-4830-b0ee-3a946846695d',0,'2007-08-15 14:55:53','62dd4172-3418-4a08-83bc-c5ea4b796033',515,NULL),('4efa09dd-d8ad-469c-84cc-68b24f82e36e',0,'2002-08-09 14:55:53','5c25bb7a-9dab-4420-a0d8-a87bfe2961a1',730,NULL),('4f05f9c3-5350-48bf-b72e-b88bb5c53a38',0,'2000-02-11 14:55:53','7ed4de6a-609e-4dc8-b4ea-bc75b27b40a7',518,NULL),('4f9e94fe-7216-41dc-9f41-078d35d01336',0,'2003-06-10 14:55:53','ee829db1-2bca-4903-9993-b0e831d0e10d',214,NULL),('50536c2b-b957-4e1f-b3d1-6fe93db6651d',0,'2007-11-26 14:55:53','17e7de02-b2b5-48c4-9c8a-10ee0c206561',938,NULL),('50717e02-09f4-4885-a025-dd575ba6f99b',0,'2000-11-21 14:55:53','4cb00b5f-b437-44e1-93c9-32452c8d4f9d',162,NULL),('508f0d69-b597-4a2e-8d0b-afac60292da0',0,'2007-08-21 14:55:53','3aff192d-ccdc-428b-afe5-4f6461da3b80',622,NULL),('50fd95a9-66dc-485e-a137-9690e1ac5d1f',0,'2007-12-25 14:55:53','b1e5e47b-b439-4551-bbf2-23fbe6d97101',659,NULL),('510c1905-7e41-4c84-bb2d-f1ccd4fafbb0',0,'2001-04-10 14:55:53','59ef3baf-a66c-4871-81d1-ab39377db2bc',544,NULL),('5112420c-7b67-481b-aca9-8e8d456d11c8',0,'2006-01-31 14:55:53','19ef1739-31f1-41bc-a67c-678a19ff90b2',857,NULL),('51351614-3b06-4102-9fe8-2e414f2b1738',0,'2002-03-18 14:55:53','78c72e48-01cb-4fc2-b853-9f4ea16006c1',889,NULL),('516a19ff-542a-4990-afab-d2e70a31d713',0,'1999-09-05 14:55:53','f1f336c2-15f1-4de4-baec-d4aa3cad3d15',385,NULL),('51cdcd4a-6471-4be8-9252-80b00eca7702',0,'2003-07-25 14:55:53','6db4ff2d-6314-46a0-a691-12a45ff9b625',196,NULL),('51e6c1f5-2651-4051-8da8-f9d5687242ac',0,'2000-12-18 14:55:53','ce3df480-b382-41d9-bdad-df4c76d2c4e2',304,NULL),('52113c45-a9fe-46c9-ba56-833b6dcf9cbc',0,'2002-03-01 14:55:53','abcd8924-8069-4948-88b2-fdc6c4a6dfb3',439,NULL),('52c4ab99-a4b8-4a0e-a98a-eb419b89164c',0,'2007-08-12 14:55:53','f1f336c2-15f1-4de4-baec-d4aa3cad3d15',75,NULL),('52fd2a55-1fd5-48f8-b5f1-9cd77553a863',0,'2006-06-15 14:55:53','3ce54867-bf18-4789-b9e5-eb0bec964061',174,NULL),('53e53ef7-af1f-4384-8d83-4c5e928bd369',0,'2007-06-02 14:55:53','698faa5a-6dc3-487b-b95b-5765fd28a1a2',98,NULL),('5510d071-0865-4084-b4e4-9c508a47830d',0,'2002-07-29 14:55:53','2240199d-8e65-43a8-9834-228a6308f3d0',600,NULL),('554c1281-fb4a-4906-abfa-9fa9247b5b80',0,'1999-09-10 14:55:53','816e5f1e-00f0-4e78-9abd-9a836814d397',171,NULL),('556698b2-eb21-44e3-a89c-a495d09545f6',0,'1999-12-04 14:55:53','e2fbe01b-e74e-49c2-80c2-2180667729a9',368,NULL),('566737f8-27a9-4e5d-82da-f001706aa5b4',0,'2002-01-07 14:55:53','69b114f9-ab37-44cb-bb1d-49b3c51d3864',459,NULL),('56ba007d-ce31-483b-bb5b-fee8d8e5e0b8',0,'2004-12-11 14:55:53','3058dd77-4f86-4d9b-b4f1-93f588dd8a4d',970,NULL),('5701a7bc-f32d-4a85-9b12-718a0cd8e274',0,'2003-02-20 14:55:53','bc94a19e-dca2-4ba2-9e89-24879b0fec80',858,NULL),('571b9984-0ed7-4784-9f3d-1616a5cf4e64',0,'2000-07-09 14:55:53','2a170045-d4ed-4a2e-8513-198687f38676',305,NULL),('573ec1cb-4c53-4622-8e54-ca4c5fde6e17',0,'2002-03-09 14:55:53','060c332f-3c35-43cf-8c16-77697ea94fad',109,NULL),('578cd099-deef-4d79-9ddf-dadeafbe5242',0,'2003-07-30 14:55:53','790c1d58-3dae-420a-bc63-14aaa9f4f195',723,NULL),('57f2646f-5caf-4d4a-81fd-310061ab4373',0,'2007-10-14 14:55:53','86b3efe8-b4fc-4697-8ad3-67141c8e23ae',107,NULL),('581fa68b-df74-4b3c-8bb7-b86398473127',0,'1999-09-25 14:55:53','2fcd1b40-0672-4193-970e-5d31f88f7998',559,NULL),('58aca4f1-2945-428d-9084-b1d0e4e0ba2d',0,'2001-06-23 14:55:53','65ddd838-780b-4aac-a31b-edcdfd00f180',81,NULL),('599712c5-43e5-41e1-b4f8-55c05c72fbf5',0,'2000-05-25 14:55:53','3ce54867-bf18-4789-b9e5-eb0bec964061',990,NULL),('59abcb9f-3e20-4dc8-96ed-780ba89ae88d',0,'2006-10-21 14:55:53','19f967c0-d0b3-42bf-9aba-aef7551b2ede',665,NULL),('5a75ed31-b0e9-472b-a96a-45a34bcc6c28',0,'2007-06-10 14:55:53','592252bc-f9a0-4fc7-bae4-4c16bfc7f686',54,NULL),('5b5775b8-aa78-43ed-b60f-7bbd2cfae094',0,'2000-12-06 14:55:53','e2fbe01b-e74e-49c2-80c2-2180667729a9',836,NULL),('5b7742ed-0012-4f2e-9a23-044519d99f6f',0,'1999-01-01 14:55:53','deb19969-b3c9-4325-ba43-125427e1227f',782,NULL),('5b8d736f-6fa4-4fd8-b57a-2102487a5d9d',0,'2005-12-30 14:55:53','3f092897-961a-455b-a4d9-4514734a90f3',452,NULL),('5bbcc95d-9b24-4216-9428-73860abbcd6b',0,'2001-09-13 14:55:53','7ed4de6a-609e-4dc8-b4ea-bc75b27b40a7',207,NULL),('5bcc975b-ee9b-4e91-80a3-95cf39b939bc',0,'2001-09-12 14:55:53','f5565e5f-3fdc-4a84-aab7-d75595797734',827,NULL),('5bfba42e-37fa-40ad-aa80-6a19f90c69ef',0,'2006-04-14 14:55:53','f260c8ed-15ba-44ce-b115-f697a47d4e62',451,NULL),('5c2d76ce-25bc-4ad0-acd0-e555864527e0',0,'2002-06-22 14:55:53','b1e5e47b-b439-4551-bbf2-23fbe6d97101',699,NULL),('5c5a7437-6201-48c2-a3d3-50d8ac0490da',0,'2003-11-22 14:55:53','d61f99de-baa5-4c1b-9793-0669838d4cba',765,NULL),('5d058df6-6f65-4403-85e0-0ba742c658d1',0,'2002-10-25 14:55:53','8f10980e-e03d-4e45-ae9f-cba09027f10a',828,NULL),('5ec5b051-72cb-4326-bcb5-daea283d36b1',0,'2004-10-26 14:55:53','7507d429-47cc-47fb-975d-85dd642dc755',592,NULL),('5ee13e9e-6564-44d6-8467-8f7f44918be4',0,'2002-11-23 14:55:53','edcb9f86-2094-4104-8a46-0a3055a0a506',932,NULL),('5f1fe593-a500-4f7b-aef3-01ae23e4149e',0,'2007-11-27 14:55:53','816e5f1e-00f0-4e78-9abd-9a836814d397',808,NULL),('5fed70d4-e3e4-4898-80ac-57e3a7adb009',0,'2000-01-07 14:55:53','3ce54867-bf18-4789-b9e5-eb0bec964061',940,NULL),('6007906a-f952-4c49-a2c9-9172c8040735',0,'2004-03-22 14:55:53','a215a67e-cee4-4986-b78f-f8c8389a8cca',652,NULL),('6082bccf-ac77-48a0-b246-81bffc80af7f',0,'2001-09-07 14:55:53','d61f99de-baa5-4c1b-9793-0669838d4cba',297,NULL),('60c966d8-5be2-4dda-a4f5-876c00946807',0,'2004-10-11 14:55:53','69b114f9-ab37-44cb-bb1d-49b3c51d3864',950,NULL),('61325b5c-4a47-46ef-8de9-2c0790163b1d',0,'2000-11-03 14:55:53','0389d87a-d283-45a7-94e9-43ecffa2a1b1',638,NULL),('61eefa79-171b-4935-8d5c-276d042587ab',0,'1999-02-23 14:55:53','6b3b6c93-b255-4d8e-bfa3-cb0f8f88b8ca',133,NULL),('621c0cc3-1df8-48f1-9830-576da95752fb',0,'2007-12-09 14:55:53','7ed4de6a-609e-4dc8-b4ea-bc75b27b40a7',975,NULL),('621fdcce-9ae4-4ea8-b3f5-48feb9452d1f',0,'2005-08-21 14:55:53','cb3df651-1fb1-49fa-af24-e301e9057f17',256,NULL),('62736bbc-3a4f-4588-b0c6-171670dc7a7d',0,'2004-02-18 14:55:53','749de1b0-ea93-4377-b553-fe8714c49070',957,NULL),('62f5a90a-2c5b-4e0d-a111-1ebc8cd0589a',0,'2007-07-30 14:55:53','5d85c625-fef5-4978-8c63-9212f8acf769',816,NULL),('63524128-a4c7-4ecb-87c5-b0b9b1d94863',0,'1999-03-01 14:55:53','f1f336c2-15f1-4de4-baec-d4aa3cad3d15',202,NULL),('64568f5a-3c9e-469b-88ca-256f322e8d5c',0,'2003-03-20 14:55:53','290060c2-5c7b-4939-80fb-7f7dfab35e27',477,NULL),('64a8f98b-2e94-4333-b4aa-56b78857bb2e',0,'2003-01-21 14:55:53','8b2305c3-de53-4f21-93d2-b8d28c324d58',413,NULL),('64b3101d-005c-4d8f-a1b9-b99d86d393f4',0,'2007-04-25 14:55:53','f11c3e48-83fa-4075-8b89-c916bd2fc2dd',587,NULL),('64cb0ad0-ee7f-4721-8ce1-547aa731f931',0,'2000-12-21 14:55:53','a64f3800-0821-4f7c-80fe-d76872caf87d',299,NULL),('64f2f516-7707-4bea-81c6-cdb3175581a3',0,'1999-01-12 14:55:53','d5363e03-1eb7-44ae-b2ce-651e7fe7446a',493,NULL),('657647b5-8d49-42c5-bd5a-d412b677f5ee',0,'2006-03-02 14:55:53','6b3b6c93-b255-4d8e-bfa3-cb0f8f88b8ca',99,NULL),('657c78c5-0dba-45bf-8194-98f7a20607d8',0,'2006-11-06 14:55:53','6245c398-ba60-4946-91f5-1d5ebb3fe44c',307,NULL),('65f42b98-13bc-4970-afb2-faa5007abc5b',0,'2003-04-03 14:55:53','562e3798-680b-4f98-ac2c-56863a904641',539,NULL),('6643312b-ea05-4ed9-90ae-8a125d0a41cd',0,'2004-08-31 14:55:53','b502f685-ca7c-4217-bfb4-191925c838a0',94,NULL),('6695072d-5cbe-41c3-a34a-3087c50a33bb',0,'2002-10-07 14:55:53','4cb00b5f-b437-44e1-93c9-32452c8d4f9d',338,NULL),('66abe1f4-86a6-40be-99d4-1cc445885b8b',0,'2005-08-14 14:55:53','7507d429-47cc-47fb-975d-85dd642dc755',834,NULL),('66c1a62b-25dd-471c-92e2-c8eecf5a505c',0,'2006-11-30 14:55:53','5a43cdd4-ab09-479f-aab4-b4fbec169468',475,NULL),('66daed66-ad9b-4d8f-a61c-47e5f14b3450',0,'2000-06-07 14:55:53','53a3154e-3a87-4924-bb35-37704f7f2fb7',504,NULL),('67991217-cef2-408d-883b-56bda576d363',0,'2002-08-10 14:55:53','7139797b-0c66-454c-a0f8-0b9419389c1c',898,NULL),('67b8d936-442c-4d8b-abc2-008540271ec7',0,'2007-10-07 14:55:53','816e5f1e-00f0-4e78-9abd-9a836814d397',9,NULL),('6820f954-3988-4dea-9837-902a0d634eb6',0,'2002-10-20 14:55:53','eb55d3be-c49e-4cf6-a914-3b85aaeee58a',772,NULL),('6832d34b-acb3-4cb1-80b9-d2a490d225ef',0,'2004-11-01 14:55:53','2ddd4991-3fb5-40b2-8860-c33df188dbda',532,NULL),('68772719-89c3-48fc-8387-4b085caaf1f3',0,'2004-01-21 14:55:53','62dd4172-3418-4a08-83bc-c5ea4b796033',444,NULL),('68877c5b-071a-4de8-87d2-08b10d141d46',0,'2004-06-22 14:55:53','ce3df480-b382-41d9-bdad-df4c76d2c4e2',694,NULL),('68cb3b42-e4e5-4854-83d2-879575861736',0,'1999-06-30 14:55:53','ad30ba35-ee66-4409-947e-cfc95b84564c',583,NULL),('68d21877-7669-46ad-baa8-63cfdbf87a40',0,'2007-11-14 14:55:53','b55a64be-01d2-4f1d-a0a7-a3249c2ccf8f',581,NULL),('6927213a-65f1-46c7-b4af-6c22dbf11182',0,'2007-01-16 14:55:53','06c57da3-3aaf-4fc8-a01c-b77bc985a54f',905,NULL),('69a041c9-ba1c-477e-8de4-745fc8243035',0,'2003-09-29 14:55:53','ee0f6ee1-3324-4ba5-8c76-eba6abf35f6d',693,NULL),('69aa2bc1-dea5-41ab-b90a-c26e5b362ac5',0,'2006-06-11 14:55:53','1fa9bed6-dfcd-4396-9837-5928ac174022',545,NULL),('6a365beb-dd6a-416f-8837-4343d33650c8',0,'2002-12-22 14:55:53','3ce54867-bf18-4789-b9e5-eb0bec964061',882,NULL),('6abe4b85-9594-4803-8b8f-68f56ccda855',0,'2006-09-24 14:55:53','b502f685-ca7c-4217-bfb4-191925c838a0',571,NULL),('6b31616d-ff78-465d-a860-b518e4f9b718',0,NULL,'d805ea97-adb3-49e0-b532-a80bea2575af',1002,'8dfc5e44-d3b0-45cf-a594-6b6b545867ad'),('6b3960ae-72ce-4a75-86e0-c833ffacb9c5',0,'2002-07-13 14:55:53','4fea9675-1bfd-4f23-827c-4ebc75f5922e',505,NULL),('6b581e0f-7499-431f-8092-b5964b09fbe4',0,'1999-07-09 14:55:53','637f9e7b-f465-42a9-9ff6-0dce9fd422ae',342,NULL),('6b819e21-668e-4ea3-96a0-5a0f9e8fb124',0,'2007-12-11 14:55:53','7139797b-0c66-454c-a0f8-0b9419389c1c',143,NULL),('6b9dbe2b-ea30-4f47-b465-4540cfb212aa',0,'1999-05-17 14:55:53','5d85c625-fef5-4978-8c63-9212f8acf769',711,NULL),('6c3a5550-e4d6-4ce0-9f01-b91bedfb6d3c',0,'2002-12-21 14:55:53','d5363e03-1eb7-44ae-b2ce-651e7fe7446a',389,NULL),('6c8254dd-3e31-4d75-aaab-76769916c7b8',0,'2007-09-28 14:55:53','6cbe160a-717b-4533-b3d9-dece98252e80',604,NULL),('6cab6463-3949-4bbc-8825-56ac00c72329',0,'2007-06-15 14:55:53','2445d4e7-ab53-437d-a996-c99f8e6e8510',656,NULL),('6cbe6b8f-e170-4b03-a299-3f58872f88db',0,'2001-06-23 14:55:53','d5363e03-1eb7-44ae-b2ce-651e7fe7446a',881,NULL),('6d04363a-0d5f-4dd8-b497-6548e6111682',0,'2002-12-06 14:55:53','3ce54867-bf18-4789-b9e5-eb0bec964061',198,NULL),('6d31d103-21b4-494b-82db-28639d8d9523',0,'2006-02-03 14:55:53','3aff192d-ccdc-428b-afe5-4f6461da3b80',572,NULL),('6de8b1d0-42bd-47da-a1c5-207ba0120e92',0,'2003-08-23 14:55:53','d5363e03-1eb7-44ae-b2ce-651e7fe7446a',678,NULL),('6e1207f9-a7f3-4923-babd-5494ec06bf5e',0,'2000-12-19 14:55:53','f1f336c2-15f1-4de4-baec-d4aa3cad3d15',562,NULL),('6e477e7a-2f90-45a2-ba18-4a4930130ff6',0,'2006-09-20 14:55:53','b3d232a1-ac16-4c13-8a61-29dc932ffe83',792,NULL),('6edcbc28-a7a6-4f4e-81f4-44088724e6c6',0,'2002-08-10 14:55:53','c6b5cfbc-d8e3-40ab-b940-158e5a89a47f',528,NULL),('6f3f6d85-985b-4ef3-9d2b-3ae0a30912d1',0,'2003-01-17 14:55:53','b4061388-cd44-4109-80a2-3ad3cbc9b03c',193,NULL),('6f71de23-4866-4562-a211-0f0902671808',0,'2003-05-27 14:55:53','787ba3a1-f1e9-48f3-9cc3-ec648f3b7d31',395,NULL),('6fc5120d-4dc4-403f-8960-6319c0b072a3',0,'2006-09-02 14:55:53','9bd869e8-0896-4773-b8dc-33711baf3007',401,NULL),('7024b577-c4d9-474e-957c-ade4d915abc7',0,'2000-09-10 14:55:53','bcd237a8-4a64-4752-8a5e-54958ab460f6',885,NULL),('705c5e62-fa6e-4de4-82be-db38188a5c13',0,'2005-05-07 14:55:53','236c71c8-3496-4b31-bc37-4dd797424cda',393,NULL),('7133cfd8-b39c-4e49-a149-17b77d3ea3b9',0,'2004-10-03 14:55:53','698faa5a-6dc3-487b-b95b-5765fd28a1a2',262,NULL),('71655f7b-28f9-44b5-a1d5-6fa1064e18b7',0,'2001-04-20 14:55:53','1fa9bed6-dfcd-4396-9837-5928ac174022',72,NULL),('7228399f-b1f3-496c-a401-8053148f91d5',0,'2001-10-19 14:55:53','3058dd77-4f86-4d9b-b4f1-93f588dd8a4d',280,NULL),('72482c6b-02c5-4750-ab1c-8380c883f55b',0,'2002-02-06 14:55:53','592252bc-f9a0-4fc7-bae4-4c16bfc7f686',601,NULL),('72d1e411-e666-40b0-b111-b4f36788f6e7',0,'1999-06-22 14:55:53','f8cfefc8-99b7-4bbe-9f10-5668bfec0cde',469,NULL),('733714a4-8b6c-4cee-b99f-2a3f7445605e',0,'2000-04-15 14:55:53','2fcd1b40-0672-4193-970e-5d31f88f7998',900,NULL),('73e87a7c-7e4f-4b9a-8d22-c7d2e83cdbed',0,'2006-02-17 14:55:53','698faa5a-6dc3-487b-b95b-5765fd28a1a2',822,NULL),('73fffcdd-11a0-4b3c-be70-b7f8634e64cc',0,'2002-07-26 14:55:53','1fa9bed6-dfcd-4396-9837-5928ac174022',62,NULL),('7480542a-3333-4ad5-aafc-56ed48512650',0,'2004-08-21 14:55:53','59ef3baf-a66c-4871-81d1-ab39377db2bc',65,NULL),('74d11cc8-efe8-493f-8e12-8fda11112661',0,'1999-07-24 14:55:53','80bf17db-483e-4ccd-99ae-06672fbdd23c',149,NULL),('75ae2414-61c1-45cb-9fda-fb398398c63e',0,'2005-12-29 14:55:53','9bd869e8-0896-4773-b8dc-33711baf3007',803,NULL),('75bcbc82-8af6-48ba-833d-25fdcd8b78c5',0,'2002-11-24 14:55:53','ce364662-d5eb-4b3e-9f14-6214658d3a76',135,NULL),('760bdd74-53a3-44e7-a1ca-d67ea67e007e',0,'2003-09-07 14:55:53','ee2e2285-c4ba-40ef-88f0-3e4ed576c976',870,NULL),('771d91d4-1f23-4a77-a773-da83be645861',0,'2007-12-24 14:55:53','698faa5a-6dc3-487b-b95b-5765fd28a1a2',914,NULL),('77f0958e-798a-4e49-b177-7f8b1d10ebd4',0,'2001-03-30 14:55:53','17e7de02-b2b5-48c4-9c8a-10ee0c206561',156,NULL),('787fd4e4-9fa2-46e0-9946-5bf08a3219db',0,'2003-04-02 14:55:53','698faa5a-6dc3-487b-b95b-5765fd28a1a2',963,NULL),('790a572c-9916-4bed-b9ca-306320942f6f',0,'2006-01-20 14:55:53','060c332f-3c35-43cf-8c16-77697ea94fad',157,NULL),('797d68a2-ba60-4cf0-b4f3-6b668dadee6d',0,'2005-02-01 14:55:53','554df50b-078a-4d0f-8a68-f626fda1fae0',291,NULL),('7a04df1f-923d-47c3-b95d-0369501fd24d',0,'2002-05-22 14:55:53','b3d232a1-ac16-4c13-8a61-29dc932ffe83',483,NULL),('7a31a0fe-611c-4294-bd48-0ea55ca57cf1',0,'2004-07-17 14:55:53','65ddd838-780b-4aac-a31b-edcdfd00f180',779,NULL),('7a36f7b1-4f61-4306-bfab-5814f1f202f1',0,'2001-04-20 14:55:53','8b2305c3-de53-4f21-93d2-b8d28c324d58',480,NULL),('7a9dfd15-cb91-4658-bea8-6c42b5750d58',0,'2002-10-15 14:55:53','f5565e5f-3fdc-4a84-aab7-d75595797734',958,NULL),('7aa47ca0-2298-4cdd-81c7-6de22e64d4fc',0,'2004-06-14 14:55:53','ee829db1-2bca-4903-9993-b0e831d0e10d',181,NULL),('7af2aa11-6875-4a7a-8f1d-97244c588b10',0,'1999-02-17 14:55:53','6b3b6c93-b255-4d8e-bfa3-cb0f8f88b8ca',2,NULL),('7b9a8fcd-bb47-4357-b98a-fc9948a73f5a',0,'2000-07-15 14:55:53','637f9e7b-f465-42a9-9ff6-0dce9fd422ae',334,NULL),('7bdc985d-6e43-4643-a093-00b1f22041bc',0,'2002-02-07 14:55:53','562e3798-680b-4f98-ac2c-56863a904641',812,NULL),('7d4c9ad6-45d7-47ba-aa7d-58f95de17037',0,'2005-12-19 14:55:53','1fa9bed6-dfcd-4396-9837-5928ac174022',700,NULL),('7d85a037-9aaa-4708-9931-fa71f3042662',0,'2004-02-20 14:55:53','554df50b-078a-4d0f-8a68-f626fda1fae0',392,NULL),('7da5e0b8-7442-407f-ad7f-1a0a3bf29b23',0,'2003-06-28 14:55:53','69b114f9-ab37-44cb-bb1d-49b3c51d3864',189,NULL),('7e47a81b-0c52-4231-b45a-d51e2f4e2480',0,'2005-10-03 14:55:53','5a43cdd4-ab09-479f-aab4-b4fbec169468',509,NULL),('7eb1b8f8-30d4-40f8-bc55-972c3c724d00',0,'2002-02-15 14:55:53','b9599f61-9493-4284-9c28-db3b4c8bdc97',632,NULL),('7ec819db-ddd8-44da-bb1c-5b67c5ec7ffb',0,'2002-12-23 14:55:53','d1173776-239f-4cf5-bc41-71452c5af882',899,NULL),('7f5e0bf6-daf4-44d2-8403-9e7188d13e31',0,'2001-07-10 14:55:53','62dd4172-3418-4a08-83bc-c5ea4b796033',264,NULL),('7f854e44-680b-4bdf-b727-8510b84dee3c',0,'2002-02-14 14:55:53','2fcd1b40-0672-4193-970e-5d31f88f7998',939,NULL),('7fb70e11-6a66-4b24-af83-1d13adcd557c',0,'2002-02-26 14:55:53','f1f336c2-15f1-4de4-baec-d4aa3cad3d15',34,NULL),('7fcd5d24-286c-42c2-af97-dc85ba0b9380',0,'2002-10-12 14:55:53','3aff192d-ccdc-428b-afe5-4f6461da3b80',276,NULL),('813cde21-661c-4bf7-bde5-b40716f93e3a',0,'2007-12-18 14:55:53','cc2b341a-fb7c-48d7-b3f3-46d0151dc973',569,NULL),('82b07ba8-c131-48a2-8d6d-c310c2e89267',0,'2006-10-26 14:55:53','554df50b-078a-4d0f-8a68-f626fda1fae0',148,NULL),('82ce68da-c52a-4002-a239-34ab70fc78ab',0,'2002-08-08 14:55:53','637f9e7b-f465-42a9-9ff6-0dce9fd422ae',567,NULL),('82d2506a-bc16-4bab-a7eb-12aa16074dfd',0,'2002-06-27 14:55:53','19ef1739-31f1-41bc-a67c-678a19ff90b2',397,NULL),('82e179a8-e2d8-4928-9359-1536ef2a2132',0,'2002-11-18 14:55:53','7ed4de6a-609e-4dc8-b4ea-bc75b27b40a7',884,NULL),('831630fa-0851-4747-a3f9-5b09d9afa8c5',0,'2007-12-10 14:55:53','e2fbe01b-e74e-49c2-80c2-2180667729a9',58,NULL),('83460ac2-a4f0-4a53-a8bb-2d9718fcf2ff',0,'2002-03-10 14:55:53','ce364662-d5eb-4b3e-9f14-6214658d3a76',44,NULL),('834e5c70-49b3-4f98-91e7-c12408aaef3c',0,'2000-12-17 14:55:53','3058dd77-4f86-4d9b-b4f1-93f588dd8a4d',911,NULL),('83776b2e-0246-4900-8357-0046d0916520',0,'2003-08-09 14:55:53','4cb00b5f-b437-44e1-93c9-32452c8d4f9d',101,NULL),('83f0b776-9867-41d1-a5bd-739f8ab4c060',0,'2001-12-21 14:55:53','3ce54867-bf18-4789-b9e5-eb0bec964061',819,NULL),('842aeb65-8fe7-454f-a0f6-14a381b3b329',0,'2001-02-15 14:55:53','65ddd838-780b-4aac-a31b-edcdfd00f180',245,NULL),('8441715b-95bf-471d-81ca-f236bffd1e7a',0,'2006-06-03 14:55:53','bc94a19e-dca2-4ba2-9e89-24879b0fec80',183,NULL),('85c444ec-de94-4a47-b4a0-8da3bb4aec51',0,'2000-04-22 14:55:53','65ddd838-780b-4aac-a31b-edcdfd00f180',709,NULL),('861958f9-57f9-4555-812a-d67f67a0536c',0,'2000-03-28 14:55:53','ce3df480-b382-41d9-bdad-df4c76d2c4e2',924,NULL),('863f2e8c-a5d5-4807-b180-8aa8517f239e',0,'2007-08-09 14:55:53','cfa9c233-855f-46f4-9177-3e45eef96ff8',707,NULL),('864a0a6b-a151-48d1-a83b-aebf358b2878',0,'2005-04-26 14:55:53','9bd869e8-0896-4773-b8dc-33711baf3007',14,NULL),('86d8daf1-242a-47ee-94ba-b3bffde21064',0,'2003-01-22 14:55:53','2ce1a4c7-0384-4d0d-a028-750fdf1e8004',104,NULL),('86f56cb6-ff33-4add-abd8-14377d5286a6',0,'1999-11-15 14:55:53','3f092897-961a-455b-a4d9-4514734a90f3',789,NULL),('86ff57bd-e2a7-4317-8081-a1cd29576033',0,'1999-11-12 14:55:53','78c72e48-01cb-4fc2-b853-9f4ea16006c1',871,NULL),('87cb5e9c-1347-4265-9485-cdab669ca76d',0,'2003-11-28 14:55:53','b55a64be-01d2-4f1d-a0a7-a3249c2ccf8f',144,NULL),('889bd35c-b2b1-4f47-82c4-8a1290a91fe6',0,'2000-02-22 14:55:53','2240199d-8e65-43a8-9834-228a6308f3d0',223,NULL),('88be8fbb-3541-47e1-9473-40c852cc4750',0,'2005-09-13 14:55:53','ee2e2285-c4ba-40ef-88f0-3e4ed576c976',897,NULL),('893c3b37-5f91-4d41-9487-b531a0f8ec28',0,'2003-05-27 14:55:53','bcd237a8-4a64-4752-8a5e-54958ab460f6',833,NULL),('895f4df5-1c16-4b25-aab7-0d29bdd1ed91',0,'2003-09-12 14:55:53','ce3df480-b382-41d9-bdad-df4c76d2c4e2',470,NULL),('89bdda55-9a48-4054-9b23-d669794c2458',0,'2002-04-16 14:55:53','53a3154e-3a87-4924-bb35-37704f7f2fb7',437,NULL),('89e88776-f9c2-4425-a93f-3ad3817cb96c',0,'2000-09-14 14:55:53','6245c398-ba60-4946-91f5-1d5ebb3fe44c',246,NULL),('8a1f0d81-d8d7-4886-87c6-f3af2e064ab1',0,'2007-01-09 14:55:53','78c72e48-01cb-4fc2-b853-9f4ea16006c1',377,NULL),('8a27bd7e-6c9c-42ea-9051-2d1fffeb0a2b',0,'2007-07-07 14:55:53','2ddd4991-3fb5-40b2-8860-c33df188dbda',123,NULL),('8a44c0a6-01cf-4370-b859-93efc6205a41',0,'2000-02-04 14:55:53','7507d429-47cc-47fb-975d-85dd642dc755',644,NULL),('8a5f8674-29c0-4bfa-a0c4-7ef3deaae60f',0,'2007-07-27 14:55:53','d61f99de-baa5-4c1b-9793-0669838d4cba',754,NULL),('8adcaa0f-2344-4f7e-973f-3ee22d5df900',0,'2007-11-08 14:55:53','d1173776-239f-4cf5-bc41-71452c5af882',576,NULL),('8aee3a71-96fb-4352-ab75-4d25523e9650',0,'2007-02-23 14:55:53','ca5cb75e-bd43-46d4-a4ad-fbf4ccceed89',643,NULL),('8b01eb7e-166d-4a53-b2d5-09e3ead36c8a',0,'2000-04-05 14:55:53','d888e8ce-3a7f-49a6-b3b1-0cda000c07ef',770,NULL),('8b1314e2-42ae-4a77-b3fc-5217cb5ce50d',0,'2001-01-21 14:55:53','a215a67e-cee4-4986-b78f-f8c8389a8cca',314,NULL),('8ba4a3f6-acd3-4f82-8d37-bddab7ce5729',0,'2001-07-17 14:55:53','a64f3800-0821-4f7c-80fe-d76872caf87d',641,NULL),('8bbda90d-c282-4701-bddc-eb84e1b3f62f',0,'2005-06-28 14:55:53','f60aeb54-23cb-474c-b3ad-797455565c73',537,NULL),('8c1e6809-cde2-485d-8b75-8b34a7389323',0,'2007-10-20 14:55:53','a64f3800-0821-4f7c-80fe-d76872caf87d',849,NULL),('8c3beca8-f1ce-4e2e-bcc1-46ff0f0524be',0,'2001-02-23 14:55:53','aea3ba6d-b053-4f33-809b-bb6eda1222cb',272,NULL),('8c4b2fde-58d7-4850-b0a7-a7b6afd2ebb0',0,'1999-03-14 14:55:53','f1f336c2-15f1-4de4-baec-d4aa3cad3d15',367,NULL),('8c5a79ee-b997-4943-a741-19c773fcdd7d',0,'2000-04-05 14:55:53','d61f99de-baa5-4c1b-9793-0669838d4cba',46,NULL),('8cdfed53-36b3-41e5-8726-29bf3f6d6cb6',0,'2005-11-28 14:55:53','ce364662-d5eb-4b3e-9f14-6214658d3a76',724,NULL),('8ced31bf-b1f5-4d43-84a0-73b4a6d59eac',0,'2006-11-01 14:55:53','62dd4172-3418-4a08-83bc-c5ea4b796033',240,NULL),('8d1cab0b-d39a-4056-8692-dd5dc52d3223',0,'2002-05-16 14:55:53','ee0f6ee1-3324-4ba5-8c76-eba6abf35f6d',278,NULL),('8d217329-86f7-4e0e-a6b6-5e96a1d8c83e',0,'2006-03-13 14:55:53','69b114f9-ab37-44cb-bb1d-49b3c51d3864',226,NULL),('8d42ab75-e114-465e-9a1f-6c40d1ddfbd2',0,'2005-01-08 14:55:53','cb3df651-1fb1-49fa-af24-e301e9057f17',492,NULL),('8dbd2325-e005-46f9-a7f0-e4098f3a229f',0,'2002-03-03 14:55:53','5d85c625-fef5-4978-8c63-9212f8acf769',499,NULL),('8ddbeaf4-7ce6-4e69-b793-caa32351a97b',0,'2004-02-21 14:55:53','7507d429-47cc-47fb-975d-85dd642dc755',164,NULL),('8e90e634-85f5-4ae5-8d2b-da41bbc4624e',0,'2006-05-24 14:55:53','78c72e48-01cb-4fc2-b853-9f4ea16006c1',121,NULL),('8ea4305d-0906-47cc-9abc-6fe106ce8d2c',0,'2005-02-11 14:55:53','69b114f9-ab37-44cb-bb1d-49b3c51d3864',285,NULL),('8ea43ca4-3d7d-4383-9056-a2b79407a38d',0,'2000-11-30 14:55:53','816e5f1e-00f0-4e78-9abd-9a836814d397',637,NULL),('8eec9603-eb65-45f1-aa60-a1906c4446f0',0,'2004-04-21 14:55:53','236c71c8-3496-4b31-bc37-4dd797424cda',959,NULL),('8ef150ca-6e19-48b1-a978-5987dd345fc0',0,'2002-06-09 14:55:53','d1173776-239f-4cf5-bc41-71452c5af882',488,NULL),('8f0e4aab-4670-47c0-9d4c-e468e6a3b144',0,'2006-02-06 14:55:53','0389d87a-d283-45a7-94e9-43ecffa2a1b1',331,NULL),('8f5df9f5-5e9e-49b2-83f3-915c152305fc',0,'2003-03-08 14:55:53','3f092897-961a-455b-a4d9-4514734a90f3',631,NULL),('8f94a3f4-65c3-44de-8bdf-d9ce1679c311',0,'2005-11-05 14:55:53','ad30ba35-ee66-4409-947e-cfc95b84564c',353,NULL),('8f9b342c-f84a-4ee5-98cc-654fd63cf113',0,'2006-08-16 14:55:53','86b3efe8-b4fc-4697-8ad3-67141c8e23ae',800,NULL),('90001381-b4d3-462a-b8b4-a33f8c6504da',0,'2001-09-30 14:55:53','6be034b3-2d2e-45e4-a79d-be693a05c0f4',311,NULL),('906b543a-42fe-4ba1-8980-e87071111519',0,'1999-07-02 14:55:53','c6b5cfbc-d8e3-40ab-b940-158e5a89a47f',669,NULL),('91283aa6-c20f-4e5b-a851-0b1110b0adda',0,'2003-10-12 14:55:53','b3d232a1-ac16-4c13-8a61-29dc932ffe83',152,NULL),('9139f191-14ff-44f9-a5a1-9801fc9c010b',0,'2003-01-08 14:55:53','f11c3e48-83fa-4075-8b89-c916bd2fc2dd',260,NULL),('9140c1ac-6e2a-4f1a-9b73-0c6264992ab0',0,'2005-07-30 14:55:53','a215a67e-cee4-4986-b78f-f8c8389a8cca',570,NULL),('915bb819-9445-44be-b838-fd406e6ada47',0,'2001-09-12 14:55:53','2445d4e7-ab53-437d-a996-c99f8e6e8510',864,NULL),('91b8b0b8-8007-4ee8-a28f-7f3318c1a94a',0,'2003-02-04 14:55:53','2fcd1b40-0672-4193-970e-5d31f88f7998',752,NULL),('91c4874e-8196-4bb9-855c-553b8ed25d55',0,'2001-05-24 14:55:53','592252bc-f9a0-4fc7-bae4-4c16bfc7f686',916,NULL),('9254e413-a038-4060-b28b-63db15233ac9',0,'2003-02-23 14:55:53','ee2e2285-c4ba-40ef-88f0-3e4ed576c976',873,NULL),('934b19a6-25bd-49bd-bf02-3dc290c0d97f',0,'2004-07-12 14:55:53','5a43cdd4-ab09-479f-aab4-b4fbec169468',929,NULL),('934f2962-f1a0-48e7-97fb-7409fdce0756',0,'2002-02-17 14:55:53','3aff192d-ccdc-428b-afe5-4f6461da3b80',565,NULL),('9355718a-020c-4205-bdf3-c7bfe2f87cb4',0,'2004-03-25 14:55:53','59ef3baf-a66c-4871-81d1-ab39377db2bc',942,NULL),('9371c7bd-cb47-4131-bdf5-b3f49e697d45',0,'2004-05-28 14:55:53','b4061388-cd44-4109-80a2-3ad3cbc9b03c',813,NULL),('93f92be6-4154-457e-9425-1e150ba16bdf',0,'2000-05-09 14:55:53','59ef3baf-a66c-4871-81d1-ab39377db2bc',116,NULL),('9496e28c-829c-46ce-8957-ed6e177c6e55',0,'2003-09-17 14:55:53','bcd237a8-4a64-4752-8a5e-54958ab460f6',209,NULL),('94adcd66-9465-45dc-b59b-d329f734aee6',0,'2007-02-13 14:55:53','8e1de4fd-2763-4592-a0d9-e41e1f502448',705,NULL),('94b0e481-30ce-4014-b83a-8bd1bf4d668a',0,'2004-08-10 14:55:53','ee829db1-2bca-4903-9993-b0e831d0e10d',740,NULL),('950a1927-9c7b-43d9-9cdb-3eed01c2f79a',0,'2006-06-01 14:55:53','edcb9f86-2094-4104-8a46-0a3055a0a506',746,NULL),('9699a1f9-3aaa-46a4-9bc2-bf9459731794',0,'2002-07-25 14:55:53','cc2b341a-fb7c-48d7-b3f3-46d0151dc973',682,NULL),('96e3d163-3549-45dc-86ec-e1f084cfe59e',0,'2006-02-16 14:55:53','3ce54867-bf18-4789-b9e5-eb0bec964061',67,NULL),('9720b9df-0840-41c1-aece-0533eba3c54f',0,'2001-01-04 14:55:53','2fcd1b40-0672-4193-970e-5d31f88f7998',119,NULL),('97fac04f-399a-47b3-bc89-8c97a6b74770',0,'2001-09-16 14:55:53','2445d4e7-ab53-437d-a996-c99f8e6e8510',726,NULL),('980ed6da-16df-4935-96de-cba5f133fe6f',0,NULL,'6c8ccf5c-244d-490d-b494-900886657a87',1001,'8dfc5e44-d3b0-45cf-a594-6b6b545867ad'),('980f8cee-57cb-404c-8262-c9c3ba1302c2',0,'2007-12-08 14:55:53','7139797b-0c66-454c-a0f8-0b9419389c1c',45,NULL),('9864594b-affe-459d-91d9-f53a9e33ea7f',0,'1999-08-05 14:55:53','6db4ff2d-6314-46a0-a691-12a45ff9b625',874,NULL),('986da53a-8712-48e9-bda8-4f8df6d03cbc',0,'2002-09-03 14:55:53','2ce1a4c7-0384-4d0d-a028-750fdf1e8004',190,NULL),('98cd8556-1405-4aa6-9a73-2750910f1a1c',0,'2001-11-24 14:55:53','ee829db1-2bca-4903-9993-b0e831d0e10d',727,NULL),('98fa0dc6-d1a3-4a18-9b4e-b87bf2924e1b',0,'2000-12-27 14:55:53','17e7de02-b2b5-48c4-9c8a-10ee0c206561',507,NULL),('98fc215b-1bff-48aa-9211-0881d9c605fa',0,'2001-01-20 14:55:53','562e3798-680b-4f98-ac2c-56863a904641',258,NULL),('990fa0ef-41e2-47fd-add5-4f71f5d5287e',0,'1999-07-20 14:55:53','a215a67e-cee4-4986-b78f-f8c8389a8cca',327,NULL),('99e50d24-01ba-48b2-8025-7f6719eef6d3',0,'2007-08-22 14:55:53','2fcd1b40-0672-4193-970e-5d31f88f7998',698,NULL),('99f5204b-c612-4820-9860-cb3b784860de',0,'2006-02-10 14:55:53','d5363e03-1eb7-44ae-b2ce-651e7fe7446a',503,NULL),('9a877c41-16a7-4f5f-8acf-5cc4faa5151e',0,'2007-01-07 14:55:53','2445d4e7-ab53-437d-a996-c99f8e6e8510',810,NULL),('9aa42eaf-2c23-4689-907c-831b7d37a527',0,'2001-07-27 14:55:53','69b114f9-ab37-44cb-bb1d-49b3c51d3864',901,NULL),('9b206440-eaf2-45af-a7df-a3945a51ba6d',0,'2005-10-08 14:55:53','ce3df480-b382-41d9-bdad-df4c76d2c4e2',982,NULL),('9b5427f5-ea08-4f90-af5a-89368630b6eb',0,'2003-12-27 14:55:53','290060c2-5c7b-4939-80fb-7f7dfab35e27',383,NULL),('9b72cec1-6177-4b08-8b94-266687187b7f',0,'2006-12-17 14:55:53','9bd869e8-0896-4773-b8dc-33711baf3007',220,NULL),('9be74308-9fc8-4097-bda6-bdeb2459930e',0,'2003-12-18 14:55:53','cfa9c233-855f-46f4-9177-3e45eef96ff8',91,NULL),('9c4e98b6-16a4-49eb-8129-ff7de4d10b67',0,'2000-05-11 14:55:53','8f10980e-e03d-4e45-ae9f-cba09027f10a',731,NULL),('9cf2c961-ebdd-48e8-a056-8df0b25c0af6',0,'2005-07-23 14:55:53','749de1b0-ea93-4377-b553-fe8714c49070',633,NULL),('9d0d3d88-32ef-45e7-b7a6-bbc8a594efee',0,'2006-08-05 14:55:53','65ddd838-780b-4aac-a31b-edcdfd00f180',987,NULL),('9d5a71a2-5d11-42a3-b0f1-0d09a06dde74',0,'2001-07-09 14:55:53','43185fa4-9163-40b4-9f53-039b05fee999',147,NULL),('9d67f723-b6ba-4acb-91ec-c073f64c49f4',0,'2003-11-13 14:55:53','b4061388-cd44-4109-80a2-3ad3cbc9b03c',872,NULL),('9d899ee7-ce96-48e3-a7d7-0ef3ea99b5c9',0,'2007-02-12 14:55:53','4cb00b5f-b437-44e1-93c9-32452c8d4f9d',215,NULL),('9e0251e0-5a30-400a-913f-2019099192d1',0,'2007-03-09 14:55:53','b9599f61-9493-4284-9c28-db3b4c8bdc97',118,NULL),('9e595ddf-2ff7-435f-99b8-8f768885fd5e',0,'2004-01-20 14:55:53','abcd8924-8069-4948-88b2-fdc6c4a6dfb3',361,NULL),('9e6117e1-890f-4be9-b76a-3e65afaa06dd',0,'1999-09-01 14:55:53','7507d429-47cc-47fb-975d-85dd642dc755',557,NULL),('9ece7239-24a8-432a-aa4f-741b84011ed1',0,'2001-08-20 14:55:53','a64f3800-0821-4f7c-80fe-d76872caf87d',458,NULL),('9efd5d8a-8fcf-4c70-8171-9d067dc09fb0',0,'2004-03-19 14:55:53','aea3ba6d-b053-4f33-809b-bb6eda1222cb',105,NULL),('9f0bea46-939c-4306-84b9-413e48edbb84',0,'2005-08-03 14:55:53','deb19969-b3c9-4325-ba43-125427e1227f',51,NULL),('9f53d7d7-f26a-4571-b8de-c71f4528a733',0,'2003-04-23 14:55:53','b3d232a1-ac16-4c13-8a61-29dc932ffe83',894,NULL),('9fc57cc9-2ff7-40d3-97e1-f21e6b5dbafa',0,'2002-02-06 14:55:53','a64f3800-0821-4f7c-80fe-d76872caf87d',89,NULL),('a06528b1-1905-4a48-9150-24a5cc8d14e7',0,'2005-11-06 14:55:53','592252bc-f9a0-4fc7-bae4-4c16bfc7f686',986,NULL),('a144f8eb-8640-4c39-98b5-d40d76fb33d7',0,'2006-04-10 14:55:53','7507d429-47cc-47fb-975d-85dd642dc755',821,NULL),('a15ac143-734c-4b3e-a6e4-9771ac1c81ea',0,'2006-05-07 14:55:53','5d85c625-fef5-4978-8c63-9212f8acf769',410,NULL),('a1820eed-9c42-4e1b-bffe-b65cd3524a47',0,'2005-10-18 14:55:53','19f967c0-d0b3-42bf-9aba-aef7551b2ede',999,NULL),('a1a392b0-00e6-41c8-896b-600c73ceef6e',0,'2000-04-29 14:55:53','2fcd1b40-0672-4193-970e-5d31f88f7998',549,NULL),('a1cb6eea-6ec4-4117-ae95-42494472e65a',0,'2007-07-16 14:55:53','86b3efe8-b4fc-4697-8ad3-67141c8e23ae',282,NULL),('a2138f01-a5c8-49db-aaeb-052960d17c6a',0,'2001-12-15 14:55:53','5d85c625-fef5-4978-8c63-9212f8acf769',955,NULL),('a2b6bab0-e8c6-4205-be5a-1717e459dd05',0,'2006-09-07 14:55:53','4cb00b5f-b437-44e1-93c9-32452c8d4f9d',890,NULL),('a2b88447-d2c5-4429-b4c2-1832cf89b71d',0,'2002-09-23 14:55:53','6245c398-ba60-4946-91f5-1d5ebb3fe44c',663,NULL),('a2eb1b40-91e3-4e30-9a23-6aa0a81a4340',0,'2004-09-27 14:55:53','2240199d-8e65-43a8-9834-228a6308f3d0',22,NULL),('a2f25f2a-3527-440c-adaa-719bdfc7fb33',0,'2007-04-30 14:55:53','b1e5e47b-b439-4551-bbf2-23fbe6d97101',533,NULL),('a3226c40-f580-444e-969b-892828574368',0,'2006-11-29 14:55:53','62dd4172-3418-4a08-83bc-c5ea4b796033',673,NULL),('a399c858-8ada-4514-b17d-256f048a76f6',0,'2007-11-02 14:55:53','0389d87a-d283-45a7-94e9-43ecffa2a1b1',904,NULL),('a44f42fc-1dfb-4e54-844f-c8159b3c50c4',0,'2004-10-27 14:55:53','deb19969-b3c9-4325-ba43-125427e1227f',186,NULL),('a469b345-e3d8-466a-b799-3738f80eacab',0,'2007-11-10 14:55:53','b4061388-cd44-4109-80a2-3ad3cbc9b03c',163,NULL),('a567e314-9c93-4450-a6a4-d08a38fc1722',0,'2004-09-11 14:55:53','9bd869e8-0896-4773-b8dc-33711baf3007',514,NULL),('a587632d-423c-44f7-b7fa-23d55517930c',0,'2007-03-01 14:55:53','b4061388-cd44-4109-80a2-3ad3cbc9b03c',406,NULL),('a5e55da0-cca3-4589-b58b-be055034e8b4',0,'1999-12-10 14:55:53','637f9e7b-f465-42a9-9ff6-0dce9fd422ae',232,NULL),('a5ec8fab-70cd-4167-b6a0-71e5b9145853',0,'2000-03-28 14:55:53','deb19969-b3c9-4325-ba43-125427e1227f',474,NULL),('a65a802d-2f3f-4f82-b11d-50ba8ff0b823',0,'2002-10-22 14:55:53','deb19969-b3c9-4325-ba43-125427e1227f',178,NULL),('a6652621-58df-459c-b5b0-b409d794151a',0,'2006-08-22 14:55:53','f1f336c2-15f1-4de4-baec-d4aa3cad3d15',100,NULL),('a7782e68-cd6f-4e0e-84dd-073eff176780',0,'1999-07-20 14:55:53','698faa5a-6dc3-487b-b95b-5765fd28a1a2',265,NULL),('a7cb514e-57a8-41cd-8f0b-16df44d716fb',0,'1999-10-19 14:55:53','59ef3baf-a66c-4871-81d1-ab39377db2bc',732,NULL),('a7cc8e3c-83e1-4868-8fef-c91ad0a03d5d',0,'2002-12-20 14:55:53','c6b5cfbc-d8e3-40ab-b940-158e5a89a47f',877,NULL),('a83d56fe-b0ad-450d-b739-94d4353e4ebb',0,'1999-09-13 14:55:53','749de1b0-ea93-4377-b553-fe8714c49070',896,NULL),('a8961388-c813-47f8-9a04-5de0bd4ecc62',0,'2004-08-01 14:55:53','f11c3e48-83fa-4075-8b89-c916bd2fc2dd',165,NULL),('a8beb3f3-bff7-4418-a60f-13dd46dc4267',0,'1999-10-30 14:55:53','5c25bb7a-9dab-4420-a0d8-a87bfe2961a1',764,NULL),('a8cebcc9-f703-40d8-b1ee-f9187bb2fb87',0,'2000-07-10 14:55:53','6cbe160a-717b-4533-b3d9-dece98252e80',677,NULL),('a8d6e3bb-5119-4b06-9668-5ac63cdfd74e',0,'1999-03-14 14:55:53','c6b5cfbc-d8e3-40ab-b940-158e5a89a47f',737,NULL),('a9391ed2-5356-4cc2-9045-47517798db03',0,'2003-06-12 14:55:53','cb3df651-1fb1-49fa-af24-e301e9057f17',965,NULL),('a95ef279-d558-440e-9e51-434e8cd19809',0,'2005-07-22 14:55:53','479d2b07-2400-48c8-9788-d12de653e200',184,NULL),('a9865f3b-79e3-42e7-b32f-85e36575d02f',0,'2006-03-11 14:55:53','1fa9bed6-dfcd-4396-9837-5928ac174022',708,NULL),('aa0fb325-0874-4f73-8586-5f8412587726',0,'2002-04-17 14:55:53','2fcd1b40-0672-4193-970e-5d31f88f7998',287,NULL),('aa65ec66-c47a-42e8-8c56-3f227d3df582',0,'2007-03-23 14:55:53','5a43cdd4-ab09-479f-aab4-b4fbec169468',33,NULL),('aab61853-bfe6-4412-8ba0-146cb0a87e78',0,'2006-04-05 14:55:53','69b114f9-ab37-44cb-bb1d-49b3c51d3864',117,NULL),('abe5a547-4640-4282-9610-e9a8293ff3d4',0,'2005-07-04 14:55:53','7507d429-47cc-47fb-975d-85dd642dc755',381,NULL),('ac5835f8-8b0e-4855-8443-45f60343851c',0,'2003-02-23 14:55:53','2fcd1b40-0672-4193-970e-5d31f88f7998',594,NULL),('adaa65ca-f6cd-4af0-a873-a800d2f001bd',0,'2005-05-29 14:55:53','b3d232a1-ac16-4c13-8a61-29dc932ffe83',704,NULL),('ae9bcc3d-a814-464a-8c0e-7bcffd5396eb',0,'2006-08-07 14:55:53','cfa9c233-855f-46f4-9177-3e45eef96ff8',1000,NULL),('af2b2191-aec9-4b05-83a1-3dadce924f55',0,'2003-02-09 14:55:53','78c72e48-01cb-4fc2-b853-9f4ea16006c1',423,NULL),('afd992fb-f88e-439f-8eea-b274d3ee673f',0,'2002-09-08 14:55:53','6245c398-ba60-4946-91f5-1d5ebb3fe44c',573,NULL),('afe095f7-4aba-4368-aafc-e3944a610670',0,'2006-11-22 14:55:53','78c72e48-01cb-4fc2-b853-9f4ea16006c1',523,NULL),('b021d40b-793b-4f5d-bc8a-cd220a357b2f',0,'1999-10-06 14:55:53','ee0f6ee1-3324-4ba5-8c76-eba6abf35f6d',306,NULL),('b0507722-7ff9-474f-a34c-a6aa50c192bf',0,'2006-05-16 14:55:53','4868bd97-39ab-4cbf-9ddd-5c4bf848d266',125,NULL),('b0bb24da-7a16-44d4-ae8f-138cf0613ce8',0,'2001-08-27 14:55:53','d1173776-239f-4cf5-bc41-71452c5af882',635,NULL),('b111468b-11c3-4142-8dee-c620ad2f156f',0,'2006-01-12 14:55:53','f5565e5f-3fdc-4a84-aab7-d75595797734',128,NULL),('b15d57a3-80ca-4140-a50c-91515ad7d2f3',0,'2003-01-20 14:55:53','c5ff9a71-a27f-4d2b-bd03-3745af5f2c07',998,NULL),('b1981e50-13cd-4c10-bec0-ddd53a8ad156',0,'2000-06-18 14:55:53','19ef1739-31f1-41bc-a67c-678a19ff90b2',417,NULL),('b1c934bc-c7c3-485a-a34f-eee43b962dc2',0,'2003-08-11 14:55:53','790c1d58-3dae-420a-bc63-14aaa9f4f195',755,NULL),('b20c495b-3239-4380-8a34-0532b4d678d3',0,'2004-11-22 14:55:53','06c57da3-3aaf-4fc8-a01c-b77bc985a54f',908,NULL),('b24540fb-9f8e-4dd3-a6a0-f5fb8fb39dd7',0,'2001-01-04 14:55:53','19ef1739-31f1-41bc-a67c-678a19ff90b2',316,NULL),('b2513696-afce-4c48-bb1c-28e06e1bdb4a',0,'1999-05-19 14:55:53','4868bd97-39ab-4cbf-9ddd-5c4bf848d266',473,NULL),('b267637e-df21-4c72-b212-e55138a1732a',0,'2000-02-26 14:55:53','b9599f61-9493-4284-9c28-db3b4c8bdc97',140,NULL),('b27426af-8cd7-4abf-8500-bcc1f07afb03',0,'2001-06-02 14:55:53','221e8f9c-e41d-48ee-bc25-c42cb36ec033',239,NULL),('b2ba2dcb-a996-466e-97dd-f87f1c2592b0',0,'2006-02-26 14:55:53','78c72e48-01cb-4fc2-b853-9f4ea16006c1',257,NULL),('b2e1f3cd-bf5f-41de-b173-2efbc9924410',0,'2002-09-26 14:55:53','43185fa4-9163-40b4-9f53-039b05fee999',759,NULL),('b348cb7d-66e5-4688-a7e1-d279de94c947',0,'2007-07-28 14:55:53','19ef1739-31f1-41bc-a67c-678a19ff90b2',612,NULL),('b34b4536-5f18-4e77-abec-f25a7884fef3',0,'1999-08-23 14:55:53','c6b5cfbc-d8e3-40ab-b940-158e5a89a47f',281,NULL),('b3599477-c24d-4e3c-a110-fce748c27e88',0,'2006-12-06 14:55:53','19ef1739-31f1-41bc-a67c-678a19ff90b2',221,NULL),('b3ca935c-735b-4516-b1c8-f95b105ef961',0,'2002-01-10 14:55:53','9bd869e8-0896-4773-b8dc-33711baf3007',511,NULL),('b3e01e58-f7b9-4ae2-a62f-ba609253eac0',0,'2005-05-14 14:55:53','7139797b-0c66-454c-a0f8-0b9419389c1c',154,NULL),('b4112ef1-6d85-4cda-8587-8cb1419b6851',0,'2001-06-02 14:55:53','bc94a19e-dca2-4ba2-9e89-24879b0fec80',516,NULL),('b5260106-394f-4da8-abb9-42801061be2d',0,'2002-07-05 14:55:53','b55a64be-01d2-4f1d-a0a7-a3249c2ccf8f',206,NULL),('b57a17e8-426e-4c2c-9d07-5701558480b6',0,'2003-03-03 14:55:53','cb3df651-1fb1-49fa-af24-e301e9057f17',386,NULL),('b5b29acb-e3bd-484e-a498-4be254b4a322',0,'2001-09-02 14:55:53','6be034b3-2d2e-45e4-a79d-be693a05c0f4',501,NULL),('b62c4583-f132-4ed4-8db3-58fb0f6093a9',0,'2006-09-12 14:55:53','9bd869e8-0896-4773-b8dc-33711baf3007',909,NULL),('b64287c5-8200-4ee9-aa15-0ce693bb17f5',0,'2005-09-09 14:55:53','f260c8ed-15ba-44ce-b115-f697a47d4e62',216,NULL),('b64c0ba5-d1dc-431b-b83c-63b3ce7b8430',0,'2006-10-03 14:55:53','ce3df480-b382-41d9-bdad-df4c76d2c4e2',878,NULL),('b7080e77-9543-48bd-a3b4-6884ad596e7f',0,'2003-05-31 14:55:53','c6b5cfbc-d8e3-40ab-b940-158e5a89a47f',122,NULL),('b74ddc00-0b0a-4c0d-a59f-b0bd7b178e19',0,'2001-10-06 14:55:53','554df50b-078a-4d0f-8a68-f626fda1fae0',63,NULL),('b86aa98b-42a9-41b8-8298-f2cc59dba62e',0,'1999-09-26 14:55:53','06c57da3-3aaf-4fc8-a01c-b77bc985a54f',529,NULL),('b8742b75-a29c-449a-af11-7af67e56e2da',0,'2005-01-09 14:55:53','62dd4172-3418-4a08-83bc-c5ea4b796033',296,NULL),('b8bb6431-3db0-40d1-8e6e-2435ea9cc28f',0,'2004-01-07 14:55:53','f8cfefc8-99b7-4bbe-9f10-5668bfec0cde',326,NULL),('b9a5491f-badc-46cb-874f-6c84e4ca98b4',0,'2004-04-12 14:55:53','787ba3a1-f1e9-48f3-9cc3-ec648f3b7d31',553,NULL),('ba48e7cd-d944-4ad4-9a48-8e340b56f512',0,'2005-07-08 14:55:53','2ce1a4c7-0384-4d0d-a028-750fdf1e8004',540,NULL),('bac8db26-e601-4c13-9055-97c3a5f8a561',0,'2001-12-17 14:55:53','0389d87a-d283-45a7-94e9-43ecffa2a1b1',921,NULL),('baf2232e-f6ba-4aa1-bd92-c0f65d83337b',0,'2006-05-19 14:55:53','0389d87a-d283-45a7-94e9-43ecffa2a1b1',720,NULL),('bafebbc4-fce2-46b9-86e2-28a00c6f0698',0,'2004-04-08 14:55:53','ee2e2285-c4ba-40ef-88f0-3e4ed576c976',462,NULL),('bb074535-101e-4088-8573-fb6072fc74eb',0,'2005-12-17 14:55:53','69b114f9-ab37-44cb-bb1d-49b3c51d3864',672,NULL),('bb593485-7dde-421f-a8fb-bbc56593a0fa',0,'2002-08-27 14:55:53','2fcd1b40-0672-4193-970e-5d31f88f7998',639,NULL),('bbc24b9e-dfeb-47c9-9d59-007d30d10a34',0,'2003-01-28 14:55:53','b502f685-ca7c-4217-bfb4-191925c838a0',856,NULL),('bd3b8f1c-c3aa-41dd-8027-d813ab3e33f6',0,'2000-06-03 14:55:53','edcb9f86-2094-4104-8a46-0a3055a0a506',1,NULL),('bd51ed91-6634-4869-ab09-eea64b3c6ea0',0,'2002-10-08 14:55:53','290060c2-5c7b-4939-80fb-7f7dfab35e27',136,NULL),('bd8ef60f-a4f3-497f-af40-97417cf60b92',0,'2002-02-19 14:55:53','6245c398-ba60-4946-91f5-1d5ebb3fe44c',211,NULL),('bdb7caaf-b614-41c4-9d0e-e38c5ca4860c',0,'2002-06-15 14:55:53','3ce54867-bf18-4789-b9e5-eb0bec964061',742,NULL),('bdd3c8ae-1982-4210-96e1-a3c9da9e0aac',0,'2001-04-01 14:55:53','d888e8ce-3a7f-49a6-b3b1-0cda000c07ef',854,NULL),('bde8e231-0757-4103-83d6-6b814dc52b9a',0,'2005-06-01 14:55:53','19ef1739-31f1-41bc-a67c-678a19ff90b2',134,NULL),('bdee42e7-dbb8-49b0-b1fb-337a9a51be66',0,'2000-08-10 14:55:53','ad30ba35-ee66-4409-947e-cfc95b84564c',324,NULL),('bdf28501-6f4e-4291-8753-6906b212155a',0,'2001-05-27 14:55:53','787ba3a1-f1e9-48f3-9cc3-ec648f3b7d31',713,NULL),('be825058-64a4-4763-9559-05830e204ae3',0,'2001-01-31 14:55:53','2fcd1b40-0672-4193-970e-5d31f88f7998',867,NULL),('bea94cf5-839a-43e9-9b0f-ac558b06fadd',0,'2003-09-13 14:55:53','f8cfefc8-99b7-4bbe-9f10-5668bfec0cde',935,NULL),('bf60d1ba-1d3d-4e91-92ac-425de7443d5c',0,'2004-03-27 14:55:53','80bf17db-483e-4ccd-99ae-06672fbdd23c',53,NULL),('bfcd8f32-e729-4c39-bdc2-8439f122bdf7',0,'2002-11-01 14:55:53','17e7de02-b2b5-48c4-9c8a-10ee0c206561',315,NULL),('c0376133-469f-48a6-b1ff-b6f969ba47b8',0,'1999-03-11 14:55:53','06c57da3-3aaf-4fc8-a01c-b77bc985a54f',450,NULL),('c05e80ff-2101-47dd-a974-45ed16e14e9d',0,'2005-07-08 14:55:53','562e3798-680b-4f98-ac2c-56863a904641',453,NULL),('c13d5d28-babb-4825-a780-659a9eb70a8b',0,'2002-06-24 14:55:53','b4061388-cd44-4109-80a2-3ad3cbc9b03c',662,NULL),('c1dffcae-f992-42c1-947d-b26637d2fded',0,'2004-08-02 14:55:53','5a43cdd4-ab09-479f-aab4-b4fbec169468',288,NULL),('c1e6fdaf-3f8c-4a2a-ad98-1f8a7f49358b',0,'2006-09-26 14:55:53','8f10980e-e03d-4e45-ae9f-cba09027f10a',976,NULL),('c26f9be0-965a-4a3a-bf2a-36b561f9fed7',0,'2007-11-22 14:55:53','f60aeb54-23cb-474c-b3ad-797455565c73',102,NULL),('c28f9832-df71-4945-abe6-d646b6264553',0,'2002-01-22 14:55:53','d888e8ce-3a7f-49a6-b3b1-0cda000c07ef',259,NULL),('c2979546-66b1-4ade-9302-ee8d77c02de1',0,'1999-09-25 14:55:53','a64f3800-0821-4f7c-80fe-d76872caf87d',400,NULL),('c2c77fd8-87dd-4088-84c0-3dcc09133f24',0,'2001-03-13 14:55:53','f1f336c2-15f1-4de4-baec-d4aa3cad3d15',349,NULL),('c2ee67ed-24c3-419c-9147-5538266b1285',0,'2005-03-20 14:55:53','0389d87a-d283-45a7-94e9-43ecffa2a1b1',596,NULL),('c357e229-ef18-4869-b95a-98e79193bd07',0,'2000-01-03 14:55:53','6cbe160a-717b-4533-b3d9-dece98252e80',712,NULL),('c3c9a103-7777-4af5-b7cb-a2b4f0254cd4',0,'2003-03-25 14:55:53','80bf17db-483e-4ccd-99ae-06672fbdd23c',535,NULL),('c428debf-e37a-4026-acb6-3cc75f0ba79e',0,'2006-05-26 14:55:53','abcd8924-8069-4948-88b2-fdc6c4a6dfb3',615,NULL),('c4670b4b-55ff-43d5-a8d1-c73bf0ad2ccb',0,'2006-04-16 14:55:53','5a43cdd4-ab09-479f-aab4-b4fbec169468',359,NULL),('c58644d8-991a-4e79-9e9c-fcc6ce5d422b',0,'2001-12-16 14:55:53','221e8f9c-e41d-48ee-bc25-c42cb36ec033',290,NULL),('c59ef963-b983-4bf7-b8fb-dd33a1d83f8b',0,'2003-07-21 14:55:53','ee2e2285-c4ba-40ef-88f0-3e4ed576c976',817,NULL),('c604e8b5-661f-49b1-9104-fa8be5f459e4',0,'2006-11-13 14:55:53','deb19969-b3c9-4325-ba43-125427e1227f',584,NULL),('c61995ff-b7a8-4aff-9b46-66c7820b7523',0,'2000-04-24 14:55:53','e2fbe01b-e74e-49c2-80c2-2180667729a9',586,NULL),('c6404573-6ebb-4445-bc5e-9aa770f69166',0,'1999-07-13 14:55:53','816e5f1e-00f0-4e78-9abd-9a836814d397',613,NULL),('c64e5eef-157d-42b5-994a-ba16151a1b02',0,'2004-07-23 14:55:53','ee0f6ee1-3324-4ba5-8c76-eba6abf35f6d',991,NULL),('c65555c1-4469-4b48-afd7-e6018fcf4609',0,'2006-05-13 14:55:53','b1e5e47b-b439-4551-bbf2-23fbe6d97101',49,NULL),('c65e4e78-d124-413b-9a12-1cb01ae1a5fa',0,'2003-07-29 14:55:53','787ba3a1-f1e9-48f3-9cc3-ec648f3b7d31',408,NULL),('c66af66a-2baa-476b-9944-3ea8f8f46cde',0,'2007-12-08 14:55:53','aea3ba6d-b053-4f33-809b-bb6eda1222cb',876,NULL),('c6897edd-ab5b-4842-9074-ad6df24af651',0,'2002-09-05 14:55:53','19ef1739-31f1-41bc-a67c-678a19ff90b2',268,NULL),('c7416d74-2593-42a9-ab16-da425fc670c7',0,'2000-08-02 14:55:53','19f967c0-d0b3-42bf-9aba-aef7551b2ede',356,NULL),('c771ddb4-b87c-4a9b-9b0b-f503f7b67694',0,'2003-02-11 14:55:53','554df50b-078a-4d0f-8a68-f626fda1fae0',394,NULL),('c7b33357-fbaa-4651-9d44-5c191a34908f',0,'2002-05-02 14:55:53','cfa9c233-855f-46f4-9177-3e45eef96ff8',360,NULL),('c85a2e2e-cd72-4c96-8cc4-8223c8c93c55',0,'2007-12-04 14:55:53','f260c8ed-15ba-44ce-b115-f697a47d4e62',328,NULL),('c85c83dd-91a1-4f30-abc2-75f33d366e51',0,'2001-06-24 14:55:53','43185fa4-9163-40b4-9f53-039b05fee999',664,NULL),('c8c5e334-a999-4c66-b40b-82e42bba2a4e',0,'2001-05-27 14:55:53','17e7de02-b2b5-48c4-9c8a-10ee0c206561',4,NULL),('c8f791cc-aaf8-47fd-af2b-3e7b9c9be3df',0,'2004-03-29 14:55:53','ad30ba35-ee66-4409-947e-cfc95b84564c',17,NULL),('c92fb539-1aad-4992-8227-31c1c8b4f969',0,'2005-03-09 14:55:53','a64f3800-0821-4f7c-80fe-d76872caf87d',69,NULL),('c99e689e-3b09-4aba-94ca-6b394d489eb8',0,'2002-06-12 14:55:53','bc94a19e-dca2-4ba2-9e89-24879b0fec80',212,NULL),('c9a67998-8826-4e54-bfd6-c92876c41e3b',0,'2002-11-24 14:55:53','aea3ba6d-b053-4f33-809b-bb6eda1222cb',548,NULL),('c9ff67bf-ee78-4ec9-8723-6f3f0cf841c2',0,'2003-01-19 14:55:53','b4061388-cd44-4109-80a2-3ad3cbc9b03c',28,NULL),('ca103dd8-1a17-414a-85ff-7badf8ab9060',0,'2005-10-20 14:55:53','f8cfefc8-99b7-4bbe-9f10-5668bfec0cde',980,NULL),('cae513bb-b881-4409-bb49-e9863d81e3e6',0,'2000-06-27 14:55:53','17e7de02-b2b5-48c4-9c8a-10ee0c206561',561,NULL),('cb0da9ac-f423-4b9a-971a-c8468fcd17ba',0,'2001-11-16 14:55:53','2240199d-8e65-43a8-9834-228a6308f3d0',438,NULL),('cc2bb96b-64af-45fb-bd34-347646f018b6',0,'2006-11-29 14:55:53','abcd8924-8069-4948-88b2-fdc6c4a6dfb3',267,NULL),('cc75e992-c893-4b10-aac1-48a07efdb859',0,'1999-06-17 14:55:53','060c332f-3c35-43cf-8c16-77697ea94fad',145,NULL),('cc7aaa1f-ee7b-45b7-9d0b-acf64c07f640',0,'2001-02-18 14:55:53','7ed4de6a-609e-4dc8-b4ea-bc75b27b40a7',168,NULL),('cc80c43a-fc2f-48a5-9435-7516f00ec4ec',0,'1999-02-08 14:55:53','2ddd4991-3fb5-40b2-8860-c33df188dbda',766,NULL),('cd37ab65-7743-4aeb-95f1-ed5ef72521a9',0,'2005-11-17 14:55:53','cb3df651-1fb1-49fa-af24-e301e9057f17',838,NULL),('cd67a082-1866-44f4-87f3-67375cfcb026',0,'2003-01-10 14:55:53','59ef3baf-a66c-4871-81d1-ab39377db2bc',497,NULL),('cdf03338-5fbb-4b3e-a418-3fcad7d0cd76',0,'2006-01-29 14:55:53','0389d87a-d283-45a7-94e9-43ecffa2a1b1',831,NULL),('ce93a75d-28a8-4c70-965a-8da4cd6f092a',0,'2004-04-04 14:55:53','4868bd97-39ab-4cbf-9ddd-5c4bf848d266',284,NULL),('cf1f7a49-6b23-461a-b3fd-002891458dd8',0,'2000-10-05 14:55:53','78c72e48-01cb-4fc2-b853-9f4ea16006c1',309,NULL),('cf393049-92f9-4351-a885-b75d01e3303b',0,'2005-05-19 14:55:53','cb3df651-1fb1-49fa-af24-e301e9057f17',624,NULL),('cf472aee-33f5-4ed6-be71-05800762c608',0,'2003-02-11 14:55:53','3f092897-961a-455b-a4d9-4514734a90f3',192,NULL),('cf5a4aec-e7e6-4168-b8dc-82f2bfc2e4de',0,'1999-12-26 14:55:53','637f9e7b-f465-42a9-9ff6-0dce9fd422ae',972,NULL),('cf7bc534-8774-4b3e-8748-35c98898abcc',0,'2004-01-05 14:55:53','787ba3a1-f1e9-48f3-9cc3-ec648f3b7d31',780,NULL),('cfdea307-29fd-4197-8c02-70909f8a128d',0,'2001-10-26 14:55:53','698faa5a-6dc3-487b-b95b-5765fd28a1a2',491,NULL),('d00a8523-a671-4f32-8c4e-c6e10ec8ba34',0,'2003-05-29 14:55:53','eb55d3be-c49e-4cf6-a914-3b85aaeee58a',967,NULL),('d04ddbc5-9938-4e71-bfe0-ceae919676b3',0,'2001-10-12 14:55:53','1fa9bed6-dfcd-4396-9837-5928ac174022',993,NULL),('d0780df9-aeaf-4208-aaa0-951ea91ae1a6',0,'2004-11-11 14:55:53','9bd869e8-0896-4773-b8dc-33711baf3007',176,NULL),('d0ec32a8-43e9-42a7-9458-dc33d206dc1a',0,'2000-06-10 14:55:53','698faa5a-6dc3-487b-b95b-5765fd28a1a2',3,NULL),('d102457d-ff88-44bb-8e28-aa3681f79906',0,'2005-12-24 14:55:53','c6b5cfbc-d8e3-40ab-b940-158e5a89a47f',830,NULL),('d12b92c3-9ab5-4fa1-8c21-ae4fc99c45d1',0,'2003-06-22 14:55:53','6b3b6c93-b255-4d8e-bfa3-cb0f8f88b8ca',906,NULL),('d17108f8-9176-48fd-b323-e435916f0595',0,'2006-02-25 14:55:53','d888e8ce-3a7f-49a6-b3b1-0cda000c07ef',716,NULL),('d177187b-4046-46c8-897f-cfcacd1d3a8c',0,'2000-12-01 14:55:53','cfa9c233-855f-46f4-9177-3e45eef96ff8',6,NULL),('d1969c42-07e2-4132-ba98-797b6fc5d87c',0,'2000-10-04 14:55:53','78c72e48-01cb-4fc2-b853-9f4ea16006c1',18,NULL),('d1e4598f-07b5-4324-aa2c-d64e553da8b9',0,'2004-11-18 14:55:53','4cb00b5f-b437-44e1-93c9-32452c8d4f9d',347,NULL),('d1fa579f-87b9-4217-b380-94961df1f395',0,'2000-12-25 14:55:53','2240199d-8e65-43a8-9834-228a6308f3d0',443,NULL),('d2ae535d-e8e7-445d-81da-7ec211c955e7',0,'2002-02-15 14:55:53','cc2b341a-fb7c-48d7-b3f3-46d0151dc973',177,NULL),('d2cd65c7-4714-4cd1-bffb-ff835cebfbdb',0,'2000-11-02 14:55:53','53a3154e-3a87-4924-bb35-37704f7f2fb7',995,NULL),('d39a666d-c774-40c4-b808-27e67bd05d23',0,'2003-10-10 14:55:53','2a170045-d4ed-4a2e-8513-198687f38676',261,NULL),('d3b48666-da1a-4f3f-805d-cfd66a01a703',0,'2002-06-19 14:55:53','1fa9bed6-dfcd-4396-9837-5928ac174022',236,NULL),('d3ce4598-9de4-4f23-86f1-efee394fb5a0',0,'2001-05-18 14:55:53','ee2e2285-c4ba-40ef-88f0-3e4ed576c976',560,NULL),('d3e837af-40da-49fb-b35d-df3581464902',0,'2004-06-20 14:55:53','b55a64be-01d2-4f1d-a0a7-a3249c2ccf8f',859,NULL),('d418a7b2-cd52-4a1f-8393-d9cbbdd22834',0,'1999-10-20 14:55:53','f8cfefc8-99b7-4bbe-9f10-5668bfec0cde',112,NULL),('d45b0882-53d1-466f-a4d2-e78cc13177ed',0,'2007-06-15 14:55:53','ad30ba35-ee66-4409-947e-cfc95b84564c',761,NULL),('d4812c9a-3046-4e06-a3f4-c9d387e09654',0,'1999-11-01 14:55:53','4868bd97-39ab-4cbf-9ddd-5c4bf848d266',706,NULL),('d4875ea1-4bbb-452a-834d-b79a6f9ed9ab',0,'2006-12-09 14:55:53','7139797b-0c66-454c-a0f8-0b9419389c1c',933,NULL),('d4c6232b-f558-4a85-b762-e1943d4f2e70',0,'2007-04-04 14:55:53','5a43cdd4-ab09-479f-aab4-b4fbec169468',465,NULL),('d54b7d9e-f6b7-407c-bc40-186cab6b9668',0,'2004-09-30 14:55:53','3aff192d-ccdc-428b-afe5-4f6461da3b80',138,NULL),('d88b00b8-b342-41fb-b09d-00f053c29486',0,'2002-05-03 14:55:53','6be034b3-2d2e-45e4-a79d-be693a05c0f4',829,NULL),('d9370227-81da-447a-9d36-404a4af7eade',0,'2004-09-09 14:55:53','06c57da3-3aaf-4fc8-a01c-b77bc985a54f',771,NULL),('d97559cc-2a4a-4912-893a-cd3164c342b2',0,'2007-03-21 14:55:53','b55a64be-01d2-4f1d-a0a7-a3249c2ccf8f',127,NULL),('d9a5acf5-92dd-4c1a-b831-a90a5de186c1',0,'2003-06-26 14:55:53','86b3efe8-b4fc-4697-8ad3-67141c8e23ae',853,NULL),('da39cee9-b76f-4fbf-96cb-df009c37070f',0,'2001-08-28 14:55:53','787ba3a1-f1e9-48f3-9cc3-ec648f3b7d31',155,NULL),('da569fb1-2385-498b-9948-e5e273c738c4',0,'2002-01-21 14:55:53','1b4e068d-1e94-45aa-a552-2bb1bf7ec04c',369,NULL),('dad3fcbc-2a89-42f6-bd1c-ef0806eed0e8',0,'2003-03-09 14:55:53','5a43cdd4-ab09-479f-aab4-b4fbec169468',784,NULL),('daffc56f-a16a-48a5-929f-8820c65cadb7',0,'2007-10-05 14:55:53','562e3798-680b-4f98-ac2c-56863a904641',564,NULL),('db436cb3-9b6e-4b61-9171-82c96da519be',0,'1999-06-02 14:55:53','2445d4e7-ab53-437d-a996-c99f8e6e8510',966,NULL),('dbae78d9-8cbf-4c0e-9dc1-8b048d2d8e2d',0,'2005-12-22 14:55:53','5d85c625-fef5-4978-8c63-9212f8acf769',461,NULL),('dbb35eb4-1899-447e-9089-f9573383edcc',0,'2007-11-18 14:55:53','ce3df480-b382-41d9-bdad-df4c76d2c4e2',277,NULL),('dbce8cff-9b2c-4047-814a-89115d1f9df0',0,'2000-01-09 14:55:53','4fea9675-1bfd-4f23-827c-4ebc75f5922e',660,NULL),('dc590b1d-5eaf-4b9b-92ca-d1c4483e0122',0,'1999-01-06 14:55:53','290060c2-5c7b-4939-80fb-7f7dfab35e27',952,NULL),('dcbc77d1-48d2-4994-8c49-e14acd2470da',0,'2006-03-17 14:55:53','b4061388-cd44-4109-80a2-3ad3cbc9b03c',255,NULL),('dce2ee0d-bbe0-4952-b8ac-d13910505870',0,'2001-07-09 14:55:53','562e3798-680b-4f98-ac2c-56863a904641',954,NULL),('dd3dba50-ea1b-4045-8e7f-41726da4d94c',0,'2005-10-24 14:55:53','b4061388-cd44-4109-80a2-3ad3cbc9b03c',283,NULL),('dd50e77a-09b7-43a8-bb83-a693f64e0ad9',0,'2002-03-22 14:55:53','2445d4e7-ab53-437d-a996-c99f8e6e8510',554,NULL),('dd6f7e93-733a-480f-8ab7-8ed45321ea67',0,'2004-11-15 14:55:53','0389d87a-d283-45a7-94e9-43ecffa2a1b1',379,NULL),('dd783b44-1694-4d61-b90b-78ec95f460e9',0,'2003-09-11 14:55:53','b502f685-ca7c-4217-bfb4-191925c838a0',362,NULL),('dd7fe446-aca9-4f39-8761-0cad5e7cbe46',0,'2000-11-02 14:55:53','43185fa4-9163-40b4-9f53-039b05fee999',675,NULL),('de946e8b-49e5-4cb4-ba48-76fef3660c08',0,'2005-09-24 14:55:53','554df50b-078a-4d0f-8a68-f626fda1fae0',684,NULL),('deeb50eb-a2f6-4a62-ac56-3e753b550f40',0,'2004-06-02 14:55:53','3058dd77-4f86-4d9b-b4f1-93f588dd8a4d',680,NULL),('df5e9d8c-c96d-4039-b94b-70ef492aecb4',0,'2002-06-15 14:55:53','17e7de02-b2b5-48c4-9c8a-10ee0c206561',357,NULL),('df8d17b3-6c49-45d8-bc18-48b7c5f11ac3',0,'2003-04-08 14:55:53','5c25bb7a-9dab-4420-a0d8-a87bfe2961a1',479,NULL),('dffd6df1-0fbc-462c-9a0a-ac214068eb98',0,'2002-10-27 14:55:53','19ef1739-31f1-41bc-a67c-678a19ff90b2',546,NULL),('e01c53d0-cfe6-44a9-b36e-26138b7bb02e',0,'1999-10-02 14:55:53','deb19969-b3c9-4325-ba43-125427e1227f',907,NULL),('e04cadd3-2366-4ac7-8dc4-5c972007f092',0,'2000-03-09 14:55:53','8e1de4fd-2763-4592-a0d9-e41e1f502448',969,NULL),('e0563d52-3378-422d-a120-507c15564b13',0,'2006-12-28 14:55:53','a215a67e-cee4-4986-b78f-f8c8389a8cca',927,NULL),('e06f1c9b-6b5f-4d88-88a6-416f3f3ca268',0,'1999-04-23 14:55:53','2445d4e7-ab53-437d-a996-c99f8e6e8510',577,NULL),('e0b85ff7-5d1d-4335-a17f-f9a1798c4555',0,'2001-06-29 14:55:53','ee0f6ee1-3324-4ba5-8c76-eba6abf35f6d',96,NULL),('e116f95e-acc5-4163-af68-7ac0d295dff3',0,'2005-07-15 14:55:53','6be034b3-2d2e-45e4-a79d-be693a05c0f4',566,NULL),('e19e6d10-e1f0-4be0-90a8-bdf15fc1fd7d',0,'2001-10-01 14:55:53','3aff192d-ccdc-428b-afe5-4f6461da3b80',8,NULL),('e2257ab6-813a-4ad7-b900-86abbcde426f',0,'2002-11-26 14:55:53','7507d429-47cc-47fb-975d-85dd642dc755',460,NULL),('e2e4c5f8-f81f-44f0-a25d-2ebf14627af2',0,'2002-03-27 14:55:53','43185fa4-9163-40b4-9f53-039b05fee999',767,NULL),('e33f19e9-b4f4-4a09-95e1-4e879fcfc039',0,'2006-06-28 14:55:53','ee829db1-2bca-4903-9993-b0e831d0e10d',530,NULL),('e3912d5e-6c10-4c7a-8b2d-9b57a21c6cbc',0,'2003-07-21 14:55:53','554df50b-078a-4d0f-8a68-f626fda1fae0',414,NULL),('e45c6e90-75a0-4457-9cb4-5e616eed54b2',0,'2000-09-20 14:55:53','b55a64be-01d2-4f1d-a0a7-a3249c2ccf8f',225,NULL),('e499f636-d8bd-4b67-b710-cb1afebbe3e0',0,'2001-04-02 14:55:53','562e3798-680b-4f98-ac2c-56863a904641',298,NULL),('e51f0283-603f-4863-8986-ff42e13d62ce',0,'2002-10-21 14:55:53','b55a64be-01d2-4f1d-a0a7-a3249c2ccf8f',355,NULL),('e561c91e-5e54-4637-ad18-fb512ba27519',0,'2004-09-24 14:55:53','2ddd4991-3fb5-40b2-8860-c33df188dbda',420,NULL),('e5cf9e46-bf56-41ea-9be5-282c09b7ba5d',0,'2005-07-28 14:55:53','19ef1739-31f1-41bc-a67c-678a19ff90b2',931,NULL),('e6d630db-f6d5-4711-ba3c-cca18db0fc6b',0,'2007-12-21 14:55:53','f1f336c2-15f1-4de4-baec-d4aa3cad3d15',228,NULL),('e6e137c6-dec1-4cd9-a4cf-40e1726adaae',0,'2005-07-03 14:55:53','2ddd4991-3fb5-40b2-8860-c33df188dbda',61,NULL),('e709bc31-169f-42c0-9840-680993cc88fd',0,'2007-08-07 14:55:53','6be034b3-2d2e-45e4-a79d-be693a05c0f4',891,NULL),('e75d6a05-fbc5-481d-858e-9bb0b9af0728',0,'2007-11-28 14:55:53','7139797b-0c66-454c-a0f8-0b9419389c1c',249,NULL),('e77bce16-8c84-4ea3-8ba2-dceeb3017646',0,'2004-07-30 14:55:53','6db4ff2d-6314-46a0-a691-12a45ff9b625',978,NULL),('e781a949-1c4a-4ad2-8322-846537779d71',0,'2005-10-01 14:55:53','6e359b3e-e0b5-433c-b816-38e7be90a956',527,NULL),('e796d91c-a2e2-488c-b295-a13b47e1caab',0,'2004-04-10 14:55:53','2fcd1b40-0672-4193-970e-5d31f88f7998',558,NULL),('e7a53282-865e-42a4-b251-6988605b07db',0,'2006-08-08 14:55:53','edcb9f86-2094-4104-8a46-0a3055a0a506',446,NULL),('e7e615b9-a753-453f-94f8-bdf54de6bd80',0,'2005-07-14 14:55:53','adefe252-d7cb-4d97-8f98-f253f3ec4d6f',234,NULL),('e8d37223-3984-4015-81f0-e3b9057d7251',0,'1999-08-09 14:55:53','b1e5e47b-b439-4551-bbf2-23fbe6d97101',295,NULL),('e90dce83-3983-425e-b9a0-f1b54f7ca2df',0,'1999-05-27 14:55:53','ce364662-d5eb-4b3e-9f14-6214658d3a76',70,NULL),('e93a86a1-a055-43d5-8bb4-3f67ccf983a8',0,'2005-09-21 14:55:53','2445d4e7-ab53-437d-a996-c99f8e6e8510',457,NULL),('e983f363-5b11-41f3-acbd-00186c1dff6a',0,'2006-03-05 14:55:53','d1173776-239f-4cf5-bc41-71452c5af882',809,NULL),('e99d1ac3-c0b6-4a6f-976d-bd26c4f31b99',0,'2007-12-20 14:55:53','749de1b0-ea93-4377-b553-fe8714c49070',589,NULL),('ea4e3114-1692-4c06-981e-be1a5aedcdae',0,'2004-05-27 14:55:53','cfa9c233-855f-46f4-9177-3e45eef96ff8',412,NULL),('ea6beb96-1f52-44d9-a9ec-09c63bf76830',0,'2004-10-23 14:55:53','3058dd77-4f86-4d9b-b4f1-93f588dd8a4d',866,NULL),('eae39376-2453-4bf5-97db-66cd11cec0ba',0,'1999-10-18 14:55:53','5c25bb7a-9dab-4420-a0d8-a87bfe2961a1',517,NULL),('eb1f9652-e7bb-4f0c-b4e1-aeddcdf5d947',0,'2007-08-30 14:55:53','adefe252-d7cb-4d97-8f98-f253f3ec4d6f',78,NULL),('eb675905-0cbc-4bec-a5b0-65a176382b7d',0,'2005-12-20 14:55:53','80bf17db-483e-4ccd-99ae-06672fbdd23c',786,NULL),('eb9d0ed4-41be-4733-b7a6-4e318465c0c6',0,'2002-10-21 14:55:53','b9599f61-9493-4284-9c28-db3b4c8bdc97',375,NULL),('ebb74411-11bb-4fb0-be68-5c7a6e0442e0',0,'2006-01-13 14:55:53','53a3154e-3a87-4924-bb35-37704f7f2fb7',552,NULL),('ebb85cc7-cb1b-4914-b7f7-9c1b9857f3f3',0,'1999-12-10 14:55:53','8f10980e-e03d-4e45-ae9f-cba09027f10a',869,NULL),('ec6bcca9-4a3d-4d64-a9c8-0c465418ba42',0,'2002-01-23 14:55:53','ce3df480-b382-41d9-bdad-df4c76d2c4e2',745,NULL),('ec9fd05c-60a9-485d-aad6-1c2721bc28ec',0,'2001-11-27 14:55:53','19ef1739-31f1-41bc-a67c-678a19ff90b2',551,NULL),('ecef4ddd-5bf3-4ca6-80a0-2f3ed6939e5c',0,'2000-10-21 14:55:53','f1f336c2-15f1-4de4-baec-d4aa3cad3d15',774,NULL),('ed1271aa-d1c2-4df3-84cb-5f4342c434ae',0,'2000-01-11 14:55:53','b502f685-ca7c-4217-bfb4-191925c838a0',984,NULL),('ed174ae7-788c-4cf0-bce5-6e1deaf381a6',0,'2007-10-08 14:55:53','b3ca3e8f-688f-416d-afdb-bd43ef2235bd',758,NULL),('edc9522b-7836-4ebc-bece-57ef5cbb33f1',0,'2006-06-02 14:55:53','aea3ba6d-b053-4f33-809b-bb6eda1222cb',424,NULL),('ee34fb71-63a2-44d3-80d6-078cc8c72d0d',0,'2006-08-07 14:55:53','b3ca3e8f-688f-416d-afdb-bd43ef2235bd',405,NULL),('eee779a3-8f37-474c-b520-7cf5ceb9fe8f',0,'2006-07-23 14:55:53','4cb00b5f-b437-44e1-93c9-32452c8d4f9d',524,NULL),('eefe87e8-334b-4ac9-a3c5-eb02439878a8',0,'2000-08-24 14:55:53','b55a64be-01d2-4f1d-a0a7-a3249c2ccf8f',21,NULL),('ef3d33b6-e542-4555-8089-8cc8f8d98e0b',0,'2003-09-23 14:55:53','5c25bb7a-9dab-4420-a0d8-a87bfe2961a1',718,NULL),('efb7235e-5d3c-48c5-95cd-7adf3b72bbeb',0,'2002-02-24 14:55:53','8f10980e-e03d-4e45-ae9f-cba09027f10a',574,NULL),('f01ce1f1-ef0e-4099-82c8-e6ca28fe7658',0,'1999-04-18 14:55:53','b3ca3e8f-688f-416d-afdb-bd43ef2235bd',336,NULL),('f116ac7c-a752-401d-b8b9-6243e36f973f',0,'2006-08-10 14:55:53','3aff192d-ccdc-428b-afe5-4f6461da3b80',887,NULL),('f1492131-6215-4fe6-979a-94ce48802cb5',0,'2000-01-26 14:55:53','cfa9c233-855f-46f4-9177-3e45eef96ff8',340,NULL),('f21831de-8509-48d8-ad45-a32c9e817637',0,'2001-02-02 14:55:53','f8cfefc8-99b7-4bbe-9f10-5668bfec0cde',785,NULL),('f253cfc8-24bf-4fa6-b8d2-f700d051f0f5',0,'2007-05-26 14:55:53','a64f3800-0821-4f7c-80fe-d76872caf87d',768,NULL),('f35792ad-5aef-4ccf-98e3-3de065ad0648',0,'2003-02-16 14:55:53','6b3b6c93-b255-4d8e-bfa3-cb0f8f88b8ca',863,NULL),('f382989b-6d5a-4483-b022-c59e726c29e3',0,'2007-07-31 14:55:53','b3d232a1-ac16-4c13-8a61-29dc932ffe83',593,NULL),('f395e0d3-d79c-4981-8762-6b02241c9ec8',0,'2002-11-04 14:55:53','6245c398-ba60-4946-91f5-1d5ebb3fe44c',289,NULL),('f40907b8-998f-44ff-9ee2-98aae5bf469d',0,'2007-01-27 14:55:53','4cb00b5f-b437-44e1-93c9-32452c8d4f9d',777,NULL),('f4338950-89b1-4eba-9fc7-24f90a7a3c71',0,'2003-04-25 14:55:53','f11c3e48-83fa-4075-8b89-c916bd2fc2dd',303,NULL),('f457e8e0-5726-45a9-b386-3833d1426518',0,'2004-07-20 14:55:53','7139797b-0c66-454c-a0f8-0b9419389c1c',868,NULL),('f4a3d037-2cc3-4676-a663-6a4577dc74bd',0,'2007-11-22 14:55:53','787ba3a1-f1e9-48f3-9cc3-ec648f3b7d31',717,NULL),('f54fc4bb-fed2-4ca2-b193-f3106f6d0676',0,'2001-05-24 14:55:53','a64f3800-0821-4f7c-80fe-d76872caf87d',692,NULL),('f5992280-3590-4829-9ade-1a7236921977',0,'2005-04-06 14:55:53','c6b5cfbc-d8e3-40ab-b940-158e5a89a47f',24,NULL),('f60364e5-f7d0-4112-b9a4-59f61f853471',0,'1999-05-07 14:55:53','1b4e068d-1e94-45aa-a552-2bb1bf7ec04c',661,NULL),('f673d698-69c3-4577-9737-1ad2d3b6d550',0,'2007-04-22 14:55:53','53a3154e-3a87-4924-bb35-37704f7f2fb7',681,NULL),('f68219b5-df1c-4506-a748-3b91ddde3ad7',0,'2002-07-03 14:55:53','ee829db1-2bca-4903-9993-b0e831d0e10d',90,NULL),('f6c848d3-f27a-4684-b0ee-c16580054f05',0,'2007-11-19 14:55:53','ee829db1-2bca-4903-9993-b0e831d0e10d',630,NULL),('f6d08982-f94b-4975-8f20-4b3bef9a79cf',0,'2000-06-22 14:55:53','2ce1a4c7-0384-4d0d-a028-750fdf1e8004',427,NULL),('f70f11b5-b507-4628-a7b6-7028ea19d208',0,'2000-10-11 14:55:53','d888e8ce-3a7f-49a6-b3b1-0cda000c07ef',960,NULL),('f717ba7e-a76c-45e2-89cd-562aebd35c85',0,'1999-04-03 14:55:53','6e359b3e-e0b5-433c-b816-38e7be90a956',815,NULL),('f737f355-e7a8-412c-89f5-89cb45104416',0,'2001-08-26 14:55:53','6be034b3-2d2e-45e4-a79d-be693a05c0f4',435,NULL),('f7d0846f-eb6f-4a32-bcb4-bcacdc07c0ba',0,'2000-10-05 14:55:53','62dd4172-3418-4a08-83bc-c5ea4b796033',913,NULL),('f9126622-2f3a-4bd1-90a8-9ec7e6632b48',0,'2005-05-20 14:55:53','1b4e068d-1e94-45aa-a552-2bb1bf7ec04c',628,NULL),('f93c6bc6-e183-417b-8a77-3d59b149ec60',0,'2002-09-16 14:55:53','f11c3e48-83fa-4075-8b89-c916bd2fc2dd',286,NULL),('f93e6ffb-c810-4806-b030-2637fb51c833',0,'2000-11-29 14:55:53','62dd4172-3418-4a08-83bc-c5ea4b796033',352,NULL),('f9844a62-085b-46af-8f65-db61d00eb70d',0,'2006-02-03 14:55:53','80bf17db-483e-4ccd-99ae-06672fbdd23c',666,NULL),('f9c710f4-c401-4827-ad16-7d6f31802511',0,'2006-06-30 14:55:53','d5363e03-1eb7-44ae-b2ce-651e7fe7446a',204,NULL),('f9e128f2-b0cc-4090-8d7a-2aecae6b9394',0,'2001-07-14 14:55:53','d5363e03-1eb7-44ae-b2ce-651e7fe7446a',371,NULL),('faa2577f-638a-4da2-8404-b969b60a22c3',0,'2007-05-13 14:55:53','5d85c625-fef5-4978-8c63-9212f8acf769',319,NULL),('fad4b075-5fc9-4474-91d2-a6d01d756abd',0,'2003-11-25 14:55:53','86b3efe8-b4fc-4697-8ad3-67141c8e23ae',519,NULL),('faf08087-1ad9-4963-b243-39054ea60f9f',0,'1999-08-18 14:55:53','2ce1a4c7-0384-4d0d-a028-750fdf1e8004',26,NULL),('fb4dbf03-3baf-497d-b62e-6cb5659b89ef',0,'2001-05-12 14:55:53','b9599f61-9493-4284-9c28-db3b4c8bdc97',910,NULL),('fc272916-0448-4823-a562-d480879b25a5',0,'2001-02-16 14:55:53','d5363e03-1eb7-44ae-b2ce-651e7fe7446a',396,NULL),('fc596a5c-9b4f-4128-ae00-996fdad51223',0,'2005-11-01 14:55:53','eb55d3be-c49e-4cf6-a914-3b85aaeee58a',739,NULL),('fc6b5a2e-82f4-49ae-beb7-e6e8fb9f261a',0,'2006-09-13 14:55:53','2ddd4991-3fb5-40b2-8860-c33df188dbda',180,NULL),('fc78c992-11d5-4a12-ae55-a19763542236',0,'2007-11-03 14:55:53','060c332f-3c35-43cf-8c16-77697ea94fad',273,NULL),('fcb95d7d-ac3e-4baf-9d65-1058682e4e70',0,'2001-04-14 14:55:53','6cbe160a-717b-4533-b3d9-dece98252e80',482,NULL),('fcb9ae38-9d03-4f9c-9bfd-048596c7ffac',0,'2000-07-20 14:55:53','b3ca3e8f-688f-416d-afdb-bd43ef2235bd',110,NULL),('fcc47ca6-08a1-42e3-b7d7-9f4b373fa383',0,'2005-03-20 14:55:53','b3ca3e8f-688f-416d-afdb-bd43ef2235bd',126,NULL),('fd3d8b51-bd18-4087-9cac-4bd2178048c9',0,'2006-10-20 14:55:53','ee2e2285-c4ba-40ef-88f0-3e4ed576c976',84,NULL),('fd42c66c-f1eb-4127-b126-b7d52694d6df',0,'2002-05-12 14:55:53','2240199d-8e65-43a8-9834-228a6308f3d0',425,NULL),('fd5c9629-8af0-4fc1-b902-f58bf4b34a2a',0,'2001-02-09 14:55:53','bc94a19e-dca2-4ba2-9e89-24879b0fec80',697,NULL),('fd8101f1-e5cd-4fd7-9e78-e960ec797f7b',0,'1999-03-29 14:55:53','b502f685-ca7c-4217-bfb4-191925c838a0',842,NULL),('fe0d7edd-ad34-4ba1-8515-e3751799afc4',0,'2000-06-18 14:55:53','2fcd1b40-0672-4193-970e-5d31f88f7998',150,NULL),('fe2a6721-53be-4ca2-8c74-d77309d8c76b',0,'2000-01-07 14:55:53','1b4e068d-1e94-45aa-a552-2bb1bf7ec04c',76,NULL),('fea16e4d-51a9-4847-82ff-6f622609b06b',0,'2006-04-07 14:55:53','a64f3800-0821-4f7c-80fe-d76872caf87d',382,NULL),('ff3e9b82-6fb6-4d94-b686-8790cf3cc0bd',0,'2006-02-09 14:55:53','53a3154e-3a87-4924-bb35-37704f7f2fb7',83,NULL),('ffc21c49-66e9-4615-a65e-8442e46a85ce',0,'2000-06-03 14:55:53','cb3df651-1fb1-49fa-af24-e301e9057f17',513,NULL),('ffce6d97-28fb-48c1-9171-a9119ea2a67a',0,'2006-10-10 14:55:53','5c25bb7a-9dab-4420-a0d8-a87bfe2961a1',667,NULL);
/*!40000 ALTER TABLE `purchase_order` ENABLE KEYS */;
UNLOCK TABLES;
/*!40103 SET TIME_ZONE=@OLD_TIME_ZONE */;

/*!40101 SET SQL_MODE=@OLD_SQL_MODE */;
/*!40014 SET FOREIGN_KEY_CHECKS=@OLD_FOREIGN_KEY_CHECKS */;
/*!40014 SET UNIQUE_CHECKS=@OLD_UNIQUE_CHECKS */;
/*!40101 SET CHARACTER_SET_CLIENT=@OLD_CHARACTER_SET_CLIENT */;
/*!40101 SET CHARACTER_SET_RESULTS=@OLD_CHARACTER_SET_RESULTS */;
/*!40101 SET COLLATION_CONNECTION=@OLD_COLLATION_CONNECTION */;
/*!40111 SET SQL_NOTES=@OLD_SQL_NOTES */;

-- Dump completed on 2009-11-24 20:24:43
