<?xml version="1.0" encoding="UTF-8"?>

<faces-config xmlns="http://java.sun.com/xml/ns/javaee"
	xmlns:xsi="http://www.w3.org/2001/XMLSchema-instance"
	xsi:schemaLocation="http://java.sun.com/xml/ns/javaee http://java.sun.com/xml/ns/javaee/web-facesconfig_1_2.xsd"
	version="1.2">
	 
	<application>
		<message-bundle>messages</message-bundle>
		<view-handler>com.sun.facelets.FaceletViewHandler</view-handler>
		<locale-config>
			<default-locale>en</default-locale>
			<supported-locale>fr</supported-locale>
			<supported-locale>es</supported-locale>
		</locale-config>
		<view-handler>com.icesoft.faces.facelets.D2DFaceletViewHandler</view-handler>
	</application>
	
	
	
	
	<converter>
		<description>This converter handles conversion between String and Country objects.</description>
		<display-name>Country Converter</display-name>
		<converter-id>countryConverter</converter-id>
		<converter-class>chapter5.converter.CountryConverter</converter-class>
	</converter>
	<managed-bean>
		<description>A simple backing bean example.</description>
		<managed-bean-name>backingBean</managed-bean-name>
		<managed-bean-class>chapter5.bean.BackingBean</managed-bean-class>
		<managed-bean-scope>session</managed-bean-scope>		
	</managed-bean>
	<managed-bean>
		<description>This bean supports customer-related properties and events.</description>
		<managed-bean-name>customerBean</managed-bean-name>
		<managed-bean-class>chapter5.bean.CustomerBean</managed-bean-class>
		<managed-bean-scope>session</managed-bean-scope>
	</managed-bean>
	<managed-bean>
		<description>This managed bean handles product related data and events.</description>
		<managed-bean-name>productBean</managed-bean-name>
		<managed-bean-class>chapter5.bean.ProductBean</managed-bean-class>
		<managed-bean-scope>session</managed-bean-scope>
		<managed-property>
			<property-name>customerBean</property-name>
			<property-class>chapter5.bean.CustomerBean</property-class>
			<value>#{customerBean}</value>
		</managed-property>
	</managed-bean>
	<managed-bean>
		<managed-bean-name>inputRichText</managed-bean-name>
		<managed-bean-class>chapter5.bean.InputRichTextBean</managed-bean-class>
		<managed-bean-scope>request</managed-bean-scope>
	</managed-bean>
	<managed-bean>
		<managed-bean-name>menuPopupBean</managed-bean-name>
		<managed-bean-class>chapter5.bean.MenuPopupBean</managed-bean-class>
		<managed-bean-scope>request</managed-bean-scope>
	</managed-bean>
	<managed-bean>
		<managed-bean-name>popup</managed-bean-name>
		<managed-bean-class>chapter5.bean.PopupBean</managed-bean-class>
		<managed-bean-scope>request</managed-bean-scope>
	</managed-bean>
		
	<navigation-rule>
		<display-name>*</display-name>
		<from-view-id>*</from-view-id>
		<navigation-case>
			<from-outcome>products</from-outcome>
			<to-view-id>/products.jsf</to-view-id>
			<redirect />
		</navigation-case>
	</navigation-rule>
	<navigation-rule>
		<display-name>products.jsf</display-name>
		<from-view-id>/products.jsf</from-view-id>
		<navigation-case>
			<from-outcome>outofstock</from-outcome>
			<to-view-id>/outofstock.jsf</to-view-id>
			<redirect />
		</navigation-case>
	</navigation-rule>
	<navigation-rule>
		<display-name>products.jsf</display-name>
		<from-view-id>/products.jsf</from-view-id>
		<navigation-case>
			<from-outcome>order</from-outcome>
			<to-view-id>/orderform.jsf</to-view-id>
			<redirect />
		</navigation-case>
	</navigation-rule>
	<lifecycle>
		<phase-listener>chapter5.phase.CustomerSortListener</phase-listener>
	</lifecycle>
	<validator>
		<description>This birthdate validator checks a date to make sure it is within the last 120 years.</description>
		<display-name>Custom Date Validator</display-name>
		<validator-id>customDateValidator</validator-id>
		<validator-class>chapter5.validator.CustomDateValidator</validator-class>
	</validator>
</faces-config>
