<?xml version="1.0" encoding="UTF-8"?>
<faces-config xmlns="http://java.sun.com/xml/ns/javaee"
	xmlns:xsi="http://www.w3.org/2001/XMLSchema-instance"
	xsi:schemaLocation="http://java.sun.com/xml/ns/javaee http://java.sun.com/xml/ns/javaee/web-facesconfig_2_0.xsd"
	version="2.0">

	<application>
		<resource-bundle>
			<base-name>messages</base-name>
			<var>bundle</var>
		</resource-bundle>
		<locale-config>
			<default-locale>en</default-locale>
			<supported-locale>fr</supported-locale>
			<supported-locale>es</supported-locale>
		</locale-config>
	</application>
	<converter>
		<description>This converter handles conversion between String and
			Country objects.</description>
		<display-name>Country Converter</display-name>
		<converter-id>countryConverter</converter-id>
		<converter-class>jsf2.converter.CountryConverter</converter-class>
	</converter>	
	<validator>
		<description>This birthdate validator checks a date to make sure it is
			within the last 120 years.</description>
		<display-name>Custom Date Validator</display-name>
		<validator-id>customDateValidator</validator-id>
		<validator-class>jsf2.validator.CustomDateValidator</validator-class>
	</validator>

</faces-config>
